exp_c: model=bk_seed0, 35 targets, 70 trials to run (0 done, 70 total) -> /home/home/mbd/koopman/mbd_koopman/out/exp_c/trials.jsonl

=== [1/70] bk_mbd target=0 (0.38, 0.359, 0.24) ===
loaded=/home/home/mbd/koopman/mbd_koopman/out/franka/models/bk_seed0.pt
tube disabled (tube_mode none): plain bilinear rollout, no penalty
adaptive noise: ON (full schedule at err >= 0.4 m, floor 0.05)
warm-up: 3 throwaway plans
[  1.04s] target 0 err=0.436 m | 22 plans, recent 48 ms/plan (21.1 Hz)
[  1.85s] target 0 strict reach (24.9 mm) in 1.85 s
[  2.04s] target 0 err=0.026 m | 42 plans, recent 49 ms/plan (20.6 Hz)
  reached_strict=True reached_5cm=True min_err=0.0249 violation=False safe_stall=False

=== [2/70] bk_mbd target=1 (0.547, 0.284, 0.248) ===
loaded=/home/home/mbd/koopman/mbd_koopman/out/franka/models/bk_seed0.pt
tube disabled (tube_mode none): plain bilinear rollout, no penalty
adaptive noise: ON (full schedule at err >= 0.4 m, floor 0.05)
warm-up: 3 throwaway plans
[  1.01s] target 0 err=0.509 m | 21 plans, recent 49 ms/plan (20.9 Hz)
[  2.05s] target 0 err=0.543 m | 42 plans, recent 48 ms/plan (20.5 Hz)
[  3.08s] target 0 err=0.493 m | 63 plans, recent 48 ms/plan (20.4 Hz)
[  4.11s] target 0 err=0.467 m | 84 plans, recent 48 ms/plan (20.4 Hz)
[  5.14s] target 0 err=0.598 m | 105 plans, recent 48 ms/plan (20.4 Hz)
[  6.17s] target 0 err=0.394 m | 126 plans, recent 48 ms/plan (20.4 Hz)
[  7.20s] target 0 err=0.080 m | 147 plans, recent 48 ms/plan (20.4 Hz)
[  8.24s] target 0 err=0.150 m | 168 plans, recent 48 ms/plan (20.4 Hz)
[  9.28s] target 0 err=0.575 m | 189 plans, recent 49 ms/plan (20.4 Hz)
[ 10.33s] target 0 err=0.533 m | 210 plans, recent 49 ms/plan (20.3 Hz)
[ 11.34s] target 0 err=0.432 m | 230 plans, recent 49 ms/plan (20.3 Hz)
[ 12.35s] target 0 err=0.452 m | 250 plans, recent 49 ms/plan (20.2 Hz)
[ 13.35s] target 0 err=0.465 m | 270 plans, recent 49 ms/plan (20.2 Hz)
[ 14.40s] target 0 err=0.505 m | 291 plans, recent 49 ms/plan (20.2 Hz)
[ 15.45s] target 0 err=0.572 m | 312 plans, recent 49 ms/plan (20.2 Hz)
[ 16.49s] target 0 err=0.586 m | 333 plans, recent 49 ms/plan (20.2 Hz)
[ 17.53s] target 0 err=0.480 m | 354 plans, recent 49 ms/plan (20.2 Hz)
[ 18.57s] target 0 err=0.538 m | 375 plans, recent 49 ms/plan (20.2 Hz)
[ 19.62s] target 0 err=0.603 m | 396 plans, recent 49 ms/plan (20.2 Hz)
[ 20.65s] target 0 err=0.702 m | 417 plans, recent 48 ms/plan (20.2 Hz)
[ 21.68s] target 0 err=0.670 m | 438 plans, recent 48 ms/plan (20.2 Hz)
[ 22.71s] target 0 err=0.635 m | 459 plans, recent 48 ms/plan (20.2 Hz)
[ 23.73s] target 0 err=0.605 m | 480 plans, recent 48 ms/plan (20.2 Hz)
[ 24.76s] target 0 err=0.675 m | 501 plans, recent 48 ms/plan (20.2 Hz)
[ 25.78s] target 0 err=0.670 m | 522 plans, recent 48 ms/plan (20.2 Hz)
[ 26.79s] target 0 err=0.642 m | 543 plans, recent 47 ms/plan (20.3 Hz)
[ 27.81s] target 0 err=0.623 m | 564 plans, recent 47 ms/plan (20.3 Hz)
[ 28.83s] target 0 err=0.536 m | 585 plans, recent 47 ms/plan (20.3 Hz)
  reached_strict=False reached_5cm=False min_err=0.0742 violation=False safe_stall=True

=== [3/70] bk_mbd target=2 (0.518, 0.348, 0.282) ===
loaded=/home/home/mbd/koopman/mbd_koopman/out/franka/models/bk_seed0.pt
tube disabled (tube_mode none): plain bilinear rollout, no penalty
adaptive noise: ON (full schedule at err >= 0.4 m, floor 0.05)
warm-up: 3 throwaway plans
[  1.03s] target 0 err=0.324 m | 22 plans, recent 48 ms/plan (21.3 Hz)
[  2.05s] target 0 err=0.080 m | 43 plans, recent 48 ms/plan (20.9 Hz)
[  3.07s] target 0 err=0.124 m | 64 plans, recent 47 ms/plan (20.8 Hz)
[  4.10s] target 0 err=0.044 m | 85 plans, recent 48 ms/plan (20.7 Hz)
[  4.85s] target 0 strict reach (21.5 mm) in 4.85 s
[  5.15s] target 0 err=0.021 m | 106 plans, recent 49 ms/plan (20.6 Hz)
  reached_strict=True reached_5cm=True min_err=0.0191 violation=False safe_stall=False

=== [4/70] bk_mbd target=3 (0.446, 0.324, 0.313) ===
loaded=/home/home/mbd/koopman/mbd_koopman/out/franka/models/bk_seed0.pt
tube disabled (tube_mode none): plain bilinear rollout, no penalty
adaptive noise: ON (full schedule at err >= 0.4 m, floor 0.05)
warm-up: 3 throwaway plans
[  1.00s] target 0 err=0.161 m | 21 plans, recent 49 ms/plan (21.0 Hz)
[  1.80s] target 0 strict reach (24.4 mm) in 1.80 s
[  2.04s] target 0 err=0.025 m | 42 plans, recent 49 ms/plan (20.5 Hz)
  reached_strict=True reached_5cm=True min_err=0.0244 violation=False safe_stall=False

=== [5/70] bk_mbd target=4 (0.43, 0.315, 0.239) ===
loaded=/home/home/mbd/koopman/mbd_koopman/out/franka/models/bk_seed0.pt
tube disabled (tube_mode none): plain bilinear rollout, no penalty
adaptive noise: ON (full schedule at err >= 0.4 m, floor 0.05)
warm-up: 3 throwaway plans
[  1.01s] target 0 err=0.347 m | 21 plans, recent 49 ms/plan (20.9 Hz)
[  2.05s] target 0 err=0.071 m | 42 plans, recent 49 ms/plan (20.4 Hz)
[  3.06s] target 0 err=0.079 m | 62 plans, recent 49 ms/plan (20.3 Hz)
[  4.10s] target 0 err=0.036 m | 83 plans, recent 49 ms/plan (20.2 Hz)
[  5.15s] target 0 err=0.028 m | 104 plans, recent 49 ms/plan (20.2 Hz)
[  5.75s] target 0 strict reach (24.5 mm) in 5.75 s
  reached_strict=True reached_5cm=True min_err=0.0204 violation=False safe_stall=False

=== [6/70] bk_mbd target=5 (0.419, 0.357, 0.304) ===
loaded=/home/home/mbd/koopman/mbd_koopman/out/franka/models/bk_seed0.pt
tube disabled (tube_mode none): plain bilinear rollout, no penalty
adaptive noise: ON (full schedule at err >= 0.4 m, floor 0.05)
warm-up: 3 throwaway plans
[  1.02s] target 0 err=0.351 m | 21 plans, recent 50 ms/plan (20.6 Hz)
[  1.45s] target 0 strict reach (25.0 mm) in 1.45 s
  reached_strict=True reached_5cm=True min_err=0.0082 violation=False safe_stall=False

=== [7/70] bk_mbd target=6 (0.484, 0.325, 0.229) ===
loaded=/home/home/mbd/koopman/mbd_koopman/out/franka/models/bk_seed0.pt
tube disabled (tube_mode none): plain bilinear rollout, no penalty
adaptive noise: ON (full schedule at err >= 0.4 m, floor 0.05)
warm-up: 3 throwaway plans
[  1.02s] target 0 err=0.608 m | 21 plans, recent 50 ms/plan (20.6 Hz)
[  2.04s] target 0 err=0.091 m | 41 plans, recent 50 ms/plan (20.1 Hz)
[  3.04s] target 0 err=0.059 m | 61 plans, recent 49 ms/plan (20.0 Hz)
[  4.06s] target 0 err=0.156 m | 81 plans, recent 50 ms/plan (19.9 Hz)
[  5.10s] target 0 err=0.064 m | 101 plans, recent 51 ms/plan (19.8 Hz)
[  5.65s] target 0 strict reach (23.7 mm) in 5.65 s
[  6.11s] target 0 err=0.016 m | 121 plans, recent 49 ms/plan (19.8 Hz)
  reached_strict=True reached_5cm=True min_err=0.0157 violation=False safe_stall=False

=== [8/70] bk_mbd target=7 (0.428, 0.353, 0.307) ===
loaded=/home/home/mbd/koopman/mbd_koopman/out/franka/models/bk_seed0.pt
tube disabled (tube_mode none): plain bilinear rollout, no penalty
adaptive noise: ON (full schedule at err >= 0.4 m, floor 0.05)
warm-up: 3 throwaway plans
[  1.01s] target 0 err=0.205 m | 21 plans, recent 49 ms/plan (20.8 Hz)
[  1.45s] target 0 strict reach (21.6 mm) in 1.45 s
  reached_strict=True reached_5cm=True min_err=0.0216 violation=False safe_stall=False

=== [9/70] bk_mbd target=8 (0.545, 0.335, 0.299) ===
loaded=/home/home/mbd/koopman/mbd_koopman/out/franka/models/bk_seed0.pt
tube disabled (tube_mode none): plain bilinear rollout, no penalty
adaptive noise: ON (full schedule at err >= 0.4 m, floor 0.05)
warm-up: 3 throwaway plans
[  1.01s] target 0 err=0.528 m | 21 plans, recent 49 ms/plan (20.8 Hz)
[  2.02s] target 0 err=0.339 m | 41 plans, recent 49 ms/plan (20.3 Hz)
[  2.90s] target 0 strict reach (24.3 mm) in 2.90 s
[  3.02s] target 0 err=0.028 m | 61 plans, recent 49 ms/plan (20.2 Hz)
  reached_strict=True reached_5cm=True min_err=0.0243 violation=False safe_stall=False

=== [10/70] bk_mbd target=9 (0.502, 0.331, 0.213) ===
loaded=/home/home/mbd/koopman/mbd_koopman/out/franka/models/bk_seed0.pt
tube disabled (tube_mode none): plain bilinear rollout, no penalty
adaptive noise: ON (full schedule at err >= 0.4 m, floor 0.05)
warm-up: 3 throwaway plans
[  1.01s] target 0 err=0.591 m | 21 plans, recent 49 ms/plan (20.8 Hz)
[  2.06s] target 0 err=0.068 m | 42 plans, recent 49 ms/plan (20.4 Hz)
[  3.11s] target 0 err=0.097 m | 63 plans, recent 49 ms/plan (20.3 Hz)
[  4.11s] target 0 err=0.165 m | 83 plans, recent 49 ms/plan (20.2 Hz)
[  5.11s] target 0 err=0.092 m | 103 plans, recent 49 ms/plan (20.1 Hz)
[  6.12s] target 0 err=0.030 m | 123 plans, recent 49 ms/plan (20.1 Hz)
[  6.15s] target 0 strict reach (23.4 mm) in 6.15 s
  reached_strict=True reached_5cm=True min_err=0.0125 violation=False safe_stall=False

=== [11/70] bk_mbd target=10 (0.45, 0.307, 0.247) ===
loaded=/home/home/mbd/koopman/mbd_koopman/out/franka/models/bk_seed0.pt
tube disabled (tube_mode none): plain bilinear rollout, no penalty
adaptive noise: ON (full schedule at err >= 0.4 m, floor 0.05)
warm-up: 3 throwaway plans
[  1.05s] target 0 err=0.580 m | 22 plans, recent 49 ms/plan (21.0 Hz)
[  2.09s] target 0 err=0.583 m | 43 plans, recent 49 ms/plan (20.6 Hz)
[  3.14s] target 0 err=0.324 m | 64 plans, recent 49 ms/plan (20.4 Hz)
[  4.15s] target 0 strict reach (24.5 mm) in 4.15 s
[  4.15s] target 0 err=0.025 m | 84 plans, recent 49 ms/plan (20.3 Hz)
  reached_strict=True reached_5cm=True min_err=0.0231 violation=False safe_stall=False

=== [12/70] bk_mbd target=11 (0.426, 0.292, 0.248) ===
loaded=/home/home/mbd/koopman/mbd_koopman/out/franka/models/bk_seed0.pt
tube disabled (tube_mode none): plain bilinear rollout, no penalty
adaptive noise: ON (full schedule at err >= 0.4 m, floor 0.05)
warm-up: 3 throwaway plans
[  1.03s] target 0 err=0.548 m | 22 plans, recent 48 ms/plan (21.3 Hz)
[  1.90s] target 0 strict reach (17.4 mm) in 1.90 s
[  2.06s] target 0 err=0.018 m | 43 plans, recent 48 ms/plan (20.9 Hz)
  reached_strict=True reached_5cm=True min_err=0.0174 violation=False safe_stall=False

=== [13/70] bk_mbd target=12 (0.475, 0.342, 0.248) ===
loaded=/home/home/mbd/koopman/mbd_koopman/out/franka/models/bk_seed0.pt
tube disabled (tube_mode none): plain bilinear rollout, no penalty
adaptive noise: ON (full schedule at err >= 0.4 m, floor 0.05)
warm-up: 3 throwaway plans
[  1.05s] target 0 err=0.386 m | 21 plans, recent 51 ms/plan (20.1 Hz)
[  2.06s] target 0 err=0.086 m | 41 plans, recent 50 ms/plan (19.9 Hz)
[  3.08s] target 0 err=0.097 m | 61 plans, recent 50 ms/plan (19.8 Hz)
[  4.09s] target 0 err=0.039 m | 81 plans, recent 49 ms/plan (19.8 Hz)
[  4.40s] target 0 strict reach (21.7 mm) in 4.40 s
  reached_strict=True reached_5cm=True min_err=0.0201 violation=False safe_stall=False

=== [14/70] bk_mbd target=13 (0.465, 0.317, 0.261) ===
loaded=/home/home/mbd/koopman/mbd_koopman/out/franka/models/bk_seed0.pt
tube disabled (tube_mode none): plain bilinear rollout, no penalty
adaptive noise: ON (full schedule at err >= 0.4 m, floor 0.05)
warm-up: 3 throwaway plans
[  1.02s] target 0 err=0.289 m | 21 plans, recent 50 ms/plan (20.7 Hz)
[  2.04s] target 0 err=0.070 m | 41 plans, recent 50 ms/plan (20.1 Hz)
[  3.08s] target 0 err=0.074 m | 62 plans, recent 49 ms/plan (20.1 Hz)
[  4.13s] target 0 err=0.055 m | 83 plans, recent 49 ms/plan (20.1 Hz)
[  5.10s] target 0 strict reach (24.2 mm) in 5.10 s
[  5.17s] target 0 err=0.024 m | 104 plans, recent 49 ms/plan (20.1 Hz)
  reached_strict=True reached_5cm=True min_err=0.0180 violation=False safe_stall=False

=== [15/70] bk_mbd target=14 (0.35, 0.324, 0.271) ===
loaded=/home/home/mbd/koopman/mbd_koopman/out/franka/models/bk_seed0.pt
tube disabled (tube_mode none): plain bilinear rollout, no penalty
adaptive noise: ON (full schedule at err >= 0.4 m, floor 0.05)
warm-up: 3 throwaway plans
[  1.03s] target 0 err=0.573 m | 21 plans, recent 50 ms/plan (20.4 Hz)
[  2.04s] target 0 err=0.486 m | 41 plans, recent 49 ms/plan (20.1 Hz)
[  3.04s] target 0 err=0.042 m | 61 plans, recent 49 ms/plan (20.1 Hz)
[  4.04s] target 0 err=0.033 m | 81 plans, recent 49 ms/plan (20.0 Hz)
[  4.20s] target 0 strict reach (24.1 mm) in 4.20 s
  reached_strict=True reached_5cm=True min_err=0.0226 violation=False safe_stall=False

=== [16/70] bk_mbd target=15 (0.447, 0.311, 0.219) ===
loaded=/home/home/mbd/koopman/mbd_koopman/out/franka/models/bk_seed0.pt
tube disabled (tube_mode none): plain bilinear rollout, no penalty
adaptive noise: ON (full schedule at err >= 0.4 m, floor 0.05)
warm-up: 3 throwaway plans
[  1.02s] target 0 err=0.510 m | 21 plans, recent 50 ms/plan (20.6 Hz)
[  2.03s] target 0 err=0.037 m | 41 plans, recent 49 ms/plan (20.2 Hz)
[  3.04s] target 0 err=0.094 m | 61 plans, recent 50 ms/plan (20.0 Hz)
[  4.06s] target 0 err=0.113 m | 81 plans, recent 50 ms/plan (20.0 Hz)
[  5.07s] target 0 err=0.050 m | 101 plans, recent 49 ms/plan (19.9 Hz)
[  5.75s] target 0 strict reach (18.3 mm) in 5.75 s
[  6.07s] target 0 err=0.013 m | 121 plans, recent 49 ms/plan (19.9 Hz)
  reached_strict=True reached_5cm=True min_err=0.0112 violation=False safe_stall=False

=== [17/70] bk_mbd target=16 (0.483, 0.341, 0.213) ===
loaded=/home/home/mbd/koopman/mbd_koopman/out/franka/models/bk_seed0.pt
tube disabled (tube_mode none): plain bilinear rollout, no penalty
adaptive noise: ON (full schedule at err >= 0.4 m, floor 0.05)
warm-up: 3 throwaway plans
[  1.01s] target 0 err=0.624 m | 21 plans, recent 49 ms/plan (20.7 Hz)
[  2.06s] target 0 err=0.576 m | 42 plans, recent 49 ms/plan (20.4 Hz)
[  3.07s] target 0 err=0.596 m | 62 plans, recent 49 ms/plan (20.2 Hz)
[  4.08s] target 0 err=0.583 m | 82 plans, recent 49 ms/plan (20.1 Hz)
[  5.10s] target 0 err=0.552 m | 102 plans, recent 50 ms/plan (20.0 Hz)
[  6.11s] target 0 err=0.590 m | 122 plans, recent 50 ms/plan (20.0 Hz)
[  7.13s] target 0 err=0.561 m | 142 plans, recent 50 ms/plan (19.9 Hz)
[  8.18s] target 0 err=0.639 m | 162 plans, recent 51 ms/plan (19.8 Hz)
[  9.19s] target 0 err=0.640 m | 182 plans, recent 49 ms/plan (19.8 Hz)
[ 10.20s] target 0 err=0.644 m | 202 plans, recent 49 ms/plan (19.8 Hz)
[ 11.20s] target 0 err=0.565 m | 222 plans, recent 49 ms/plan (19.8 Hz)
[ 12.21s] target 0 err=0.523 m | 242 plans, recent 49 ms/plan (19.8 Hz)
[ 13.26s] target 0 err=0.530 m | 263 plans, recent 49 ms/plan (19.8 Hz)
[ 14.27s] target 0 err=0.561 m | 283 plans, recent 49 ms/plan (19.8 Hz)
[ 15.31s] target 0 err=0.638 m | 304 plans, recent 48 ms/plan (19.9 Hz)
[ 16.35s] target 0 err=0.672 m | 325 plans, recent 48 ms/plan (19.9 Hz)
[ 17.36s] target 0 err=0.543 m | 345 plans, recent 50 ms/plan (19.9 Hz)
[ 18.37s] target 0 err=0.608 m | 365 plans, recent 49 ms/plan (19.9 Hz)
[ 19.39s] target 0 err=0.628 m | 385 plans, recent 50 ms/plan (19.9 Hz)
[ 20.39s] target 0 err=0.595 m | 405 plans, recent 49 ms/plan (19.9 Hz)
[ 21.44s] target 0 err=0.614 m | 426 plans, recent 49 ms/plan (19.9 Hz)
[ 22.44s] target 0 err=0.597 m | 446 plans, recent 49 ms/plan (19.9 Hz)
[ 23.45s] target 0 err=0.502 m | 466 plans, recent 49 ms/plan (19.9 Hz)
[ 24.45s] target 0 err=0.603 m | 486 plans, recent 49 ms/plan (19.9 Hz)
[ 25.46s] target 0 err=0.527 m | 506 plans, recent 49 ms/plan (19.9 Hz)
[ 26.50s] target 0 err=0.613 m | 527 plans, recent 49 ms/plan (19.9 Hz)
[ 27.55s] target 0 err=0.519 m | 548 plans, recent 49 ms/plan (19.9 Hz)
[ 28.59s] target 0 err=0.536 m | 569 plans, recent 48 ms/plan (19.9 Hz)
[ 29.63s] target 0 err=0.536 m | 590 plans, recent 49 ms/plan (19.9 Hz)
  reached_strict=False reached_5cm=False min_err=0.4634 violation=False safe_stall=True

=== [18/70] bk_mbd target=17 (0.518, 0.32, 0.236) ===
loaded=/home/home/mbd/koopman/mbd_koopman/out/franka/models/bk_seed0.pt
tube disabled (tube_mode none): plain bilinear rollout, no penalty
adaptive noise: ON (full schedule at err >= 0.4 m, floor 0.05)
warm-up: 3 throwaway plans
[  1.02s] target 0 err=0.565 m | 21 plans, recent 50 ms/plan (20.6 Hz)
[  2.04s] target 0 err=0.188 m | 41 plans, recent 50 ms/plan (20.1 Hz)
[  3.06s] target 0 err=0.168 m | 61 plans, recent 50 ms/plan (19.9 Hz)
[  4.08s] target 0 err=0.096 m | 81 plans, recent 50 ms/plan (19.9 Hz)
[  5.10s] target 0 err=0.092 m | 101 plans, recent 50 ms/plan (19.8 Hz)
[  6.11s] target 0 err=0.183 m | 121 plans, recent 50 ms/plan (19.8 Hz)
[  7.14s] target 0 err=0.229 m | 141 plans, recent 50 ms/plan (19.7 Hz)
[  8.16s] target 0 err=0.219 m | 161 plans, recent 50 ms/plan (19.7 Hz)
[  9.18s] target 0 err=0.202 m | 181 plans, recent 50 ms/plan (19.7 Hz)
[ 10.20s] target 0 err=0.187 m | 201 plans, recent 50 ms/plan (19.7 Hz)
[ 11.22s] target 0 err=0.045 m | 221 plans, recent 50 ms/plan (19.7 Hz)
[ 12.25s] target 0 err=0.035 m | 241 plans, recent 50 ms/plan (19.7 Hz)
[ 13.00s] target 0 strict reach (23.1 mm) in 13.00 s
[ 13.27s] target 0 err=0.023 m | 261 plans, recent 50 ms/plan (19.7 Hz)
  reached_strict=True reached_5cm=True min_err=0.0203 violation=False safe_stall=False

=== [19/70] bk_mbd target=18 (0.416, 0.301, 0.339) ===
loaded=/home/home/mbd/koopman/mbd_koopman/out/franka/models/bk_seed0.pt
tube disabled (tube_mode none): plain bilinear rollout, no penalty
adaptive noise: ON (full schedule at err >= 0.4 m, floor 0.05)
warm-up: 3 throwaway plans
[  1.01s] target 0 err=0.498 m | 21 plans, recent 49 ms/plan (20.8 Hz)
[  1.90s] target 0 strict reach (20.2 mm) in 1.90 s
[  2.02s] target 0 err=0.013 m | 41 plans, recent 49 ms/plan (20.3 Hz)
  reached_strict=True reached_5cm=True min_err=0.0113 violation=False safe_stall=False

=== [20/70] bk_mbd target=19 (0.392, 0.353, 0.254) ===
loaded=/home/home/mbd/koopman/mbd_koopman/out/franka/models/bk_seed0.pt
tube disabled (tube_mode none): plain bilinear rollout, no penalty
adaptive noise: ON (full schedule at err >= 0.4 m, floor 0.05)
warm-up: 3 throwaway plans
[  1.03s] target 0 err=0.370 m | 21 plans, recent 50 ms/plan (20.3 Hz)
[  1.55s] target 0 strict reach (24.6 mm) in 1.55 s
  reached_strict=True reached_5cm=True min_err=0.0188 violation=False safe_stall=False

=== [21/70] bk_mbd target=20 (0.406, 0.339, 0.348) ===
loaded=/home/home/mbd/koopman/mbd_koopman/out/franka/models/bk_seed0.pt
tube disabled (tube_mode none): plain bilinear rollout, no penalty
adaptive noise: ON (full schedule at err >= 0.4 m, floor 0.05)
warm-up: 3 throwaway plans
[  1.02s] target 0 err=0.475 m | 21 plans, recent 50 ms/plan (20.6 Hz)
[  1.75s] target 0 strict reach (22.5 mm) in 1.75 s
[  2.07s] target 0 err=0.013 m | 42 plans, recent 49 ms/plan (20.3 Hz)
  reached_strict=True reached_5cm=True min_err=0.0129 violation=False safe_stall=False

=== [22/70] bk_mbd target=21 (0.538, 0.312, 0.249) ===
loaded=/home/home/mbd/koopman/mbd_koopman/out/franka/models/bk_seed0.pt
tube disabled (tube_mode none): plain bilinear rollout, no penalty
adaptive noise: ON (full schedule at err >= 0.4 m, floor 0.05)
warm-up: 3 throwaway plans
[  1.00s] target 0 err=0.545 m | 21 plans, recent 49 ms/plan (20.9 Hz)
[  2.02s] target 0 err=0.145 m | 41 plans, recent 50 ms/plan (20.3 Hz)
[  3.04s] target 0 err=0.089 m | 60 plans, recent 52 ms/plan (19.8 Hz)
[  4.04s] target 0 err=0.159 m | 80 plans, recent 49 ms/plan (19.8 Hz)
[  5.09s] target 0 err=0.120 m | 101 plans, recent 49 ms/plan (19.9 Hz)
[  6.12s] target 0 err=0.028 m | 122 plans, recent 48 ms/plan (19.9 Hz)
[  6.10s] target 0 strict reach (23.3 mm) in 6.10 s
  reached_strict=True reached_5cm=True min_err=0.0201 violation=False safe_stall=False

=== [23/70] bk_mbd target=22 (0.512, 0.352, 0.218) ===
loaded=/home/home/mbd/koopman/mbd_koopman/out/franka/models/bk_seed0.pt
tube disabled (tube_mode none): plain bilinear rollout, no penalty
adaptive noise: ON (full schedule at err >= 0.4 m, floor 0.05)
warm-up: 3 throwaway plans
[  1.04s] target 0 err=0.644 m | 22 plans, recent 49 ms/plan (21.1 Hz)
[  2.07s] target 0 err=0.601 m | 43 plans, recent 48 ms/plan (20.8 Hz)
[  3.10s] target 0 err=0.116 m | 64 plans, recent 48 ms/plan (20.7 Hz)
[  4.13s] target 0 err=0.036 m | 85 plans, recent 48 ms/plan (20.6 Hz)
[  5.14s] target 0 err=0.103 m | 106 plans, recent 47 ms/plan (20.6 Hz)
[  6.17s] target 0 err=0.196 m | 127 plans, recent 48 ms/plan (20.6 Hz)
[  7.20s] target 0 err=0.246 m | 148 plans, recent 48 ms/plan (20.6 Hz)
[  8.23s] target 0 err=0.086 m | 169 plans, recent 48 ms/plan (20.5 Hz)
[  9.20s] target 0 strict reach (24.7 mm) in 9.20 s
[  9.26s] target 0 err=0.019 m | 190 plans, recent 48 ms/plan (20.5 Hz)
  reached_strict=True reached_5cm=True min_err=0.0167 violation=False safe_stall=False

=== [24/70] bk_mbd target=23 (0.459, 0.284, 0.239) ===
loaded=/home/home/mbd/koopman/mbd_koopman/out/franka/models/bk_seed0.pt
tube disabled (tube_mode none): plain bilinear rollout, no penalty
adaptive noise: ON (full schedule at err >= 0.4 m, floor 0.05)
warm-up: 3 throwaway plans
[  1.02s] target 0 err=0.618 m | 21 plans, recent 50 ms/plan (20.7 Hz)
[  1.90s] target 0 strict reach (23.6 mm) in 1.90 s
[  2.02s] target 0 err=0.025 m | 41 plans, recent 49 ms/plan (20.3 Hz)
  reached_strict=True reached_5cm=True min_err=0.0196 violation=False safe_stall=False

=== [25/70] bk_mbd target=24 (0.493, 0.281, 0.273) ===
loaded=/home/home/mbd/koopman/mbd_koopman/out/franka/models/bk_seed0.pt
tube disabled (tube_mode none): plain bilinear rollout, no penalty
adaptive noise: ON (full schedule at err >= 0.4 m, floor 0.05)
warm-up: 3 throwaway plans
[  1.02s] target 0 err=0.557 m | 21 plans, recent 50 ms/plan (20.7 Hz)
[  2.03s] target 0 err=0.091 m | 41 plans, recent 50 ms/plan (20.2 Hz)
[  3.04s] target 0 err=0.062 m | 61 plans, recent 49 ms/plan (20.0 Hz)
[  4.06s] target 0 err=0.037 m | 81 plans, recent 49 ms/plan (20.0 Hz)
[  4.80s] target 0 strict reach (24.3 mm) in 4.80 s
[  5.06s] target 0 err=0.023 m | 101 plans, recent 49 ms/plan (20.0 Hz)
  reached_strict=True reached_5cm=True min_err=0.0229 violation=False safe_stall=False

=== [26/70] bk_mbd target=25 (0.438, 0.31, 0.205) ===
loaded=/home/home/mbd/koopman/mbd_koopman/out/franka/models/bk_seed0.pt
tube disabled (tube_mode none): plain bilinear rollout, no penalty
adaptive noise: ON (full schedule at err >= 0.4 m, floor 0.05)
warm-up: 3 throwaway plans
[  1.01s] target 0 err=0.537 m | 21 plans, recent 49 ms/plan (20.8 Hz)
[  2.03s] target 0 err=0.157 m | 41 plans, recent 50 ms/plan (20.2 Hz)
[  3.05s] target 0 err=0.078 m | 61 plans, recent 50 ms/plan (20.0 Hz)
[  4.10s] target 0 err=0.117 m | 82 plans, recent 49 ms/plan (20.0 Hz)
[  5.10s] target 0 err=0.116 m | 102 plans, recent 49 ms/plan (20.0 Hz)
[  5.85s] target 0 strict reach (24.8 mm) in 5.85 s
[  6.10s] target 0 err=0.024 m | 122 plans, recent 49 ms/plan (20.0 Hz)
  reached_strict=True reached_5cm=True min_err=0.0219 violation=False safe_stall=False

=== [27/70] bk_mbd target=26 (0.439, 0.344, 0.213) ===
loaded=/home/home/mbd/koopman/mbd_koopman/out/franka/models/bk_seed0.pt
tube disabled (tube_mode none): plain bilinear rollout, no penalty
adaptive noise: ON (full schedule at err >= 0.4 m, floor 0.05)
warm-up: 3 throwaway plans
[  1.03s] target 0 err=0.571 m | 21 plans, recent 50 ms/plan (20.4 Hz)
[  2.04s] target 0 err=0.626 m | 41 plans, recent 49 ms/plan (20.1 Hz)
[  3.06s] target 0 err=0.135 m | 61 plans, recent 50 ms/plan (20.0 Hz)
[  4.00s] target 0 strict reach (25.0 mm) in 4.00 s
[  4.11s] target 0 err=0.025 m | 82 plans, recent 49 ms/plan (20.0 Hz)
  reached_strict=True reached_5cm=True min_err=0.0248 violation=False safe_stall=False

=== [28/70] bk_mbd target=27 (0.464, 0.312, 0.336) ===
loaded=/home/home/mbd/koopman/mbd_koopman/out/franka/models/bk_seed0.pt
tube disabled (tube_mode none): plain bilinear rollout, no penalty
adaptive noise: ON (full schedule at err >= 0.4 m, floor 0.05)
warm-up: 3 throwaway plans
[  1.03s] target 0 err=0.380 m | 21 plans, recent 50 ms/plan (20.3 Hz)
[  1.50s] target 0 strict reach (24.7 mm) in 1.50 s
  reached_strict=True reached_5cm=True min_err=0.0202 violation=False safe_stall=False

=== [29/70] bk_mbd target=28 (0.517, 0.326, 0.218) ===
loaded=/home/home/mbd/koopman/mbd_koopman/out/franka/models/bk_seed0.pt
tube disabled (tube_mode none): plain bilinear rollout, no penalty
adaptive noise: ON (full schedule at err >= 0.4 m, floor 0.05)
warm-up: 3 throwaway plans
[  1.02s] target 0 err=0.540 m | 21 plans, recent 50 ms/plan (20.7 Hz)
[  2.02s] target 0 err=0.593 m | 41 plans, recent 49 ms/plan (20.3 Hz)
[  3.02s] target 0 err=0.569 m | 61 plans, recent 49 ms/plan (20.2 Hz)
[  4.07s] target 0 err=0.542 m | 82 plans, recent 49 ms/plan (20.1 Hz)
[  5.08s] target 0 err=0.629 m | 102 plans, recent 49 ms/plan (20.1 Hz)
[  6.12s] target 0 err=0.642 m | 123 plans, recent 49 ms/plan (20.1 Hz)
[  7.17s] target 0 err=0.636 m | 144 plans, recent 49 ms/plan (20.1 Hz)
[  8.22s] target 0 err=0.578 m | 165 plans, recent 49 ms/plan (20.1 Hz)
[  9.23s] target 0 err=0.612 m | 185 plans, recent 49 ms/plan (20.1 Hz)
[ 10.23s] target 0 err=0.640 m | 205 plans, recent 49 ms/plan (20.0 Hz)
[ 11.24s] target 0 err=0.585 m | 225 plans, recent 49 ms/plan (20.0 Hz)
[ 12.25s] target 0 err=0.597 m | 245 plans, recent 49 ms/plan (20.0 Hz)
[ 13.25s] target 0 err=0.589 m | 265 plans, recent 49 ms/plan (20.0 Hz)
[ 14.25s] target 0 err=0.560 m | 285 plans, recent 49 ms/plan (20.0 Hz)
[ 15.26s] target 0 err=0.625 m | 305 plans, recent 49 ms/plan (20.0 Hz)
[ 16.30s] target 0 err=0.621 m | 326 plans, recent 49 ms/plan (20.0 Hz)
[ 17.35s] target 0 err=0.514 m | 347 plans, recent 49 ms/plan (20.0 Hz)
[ 18.38s] target 0 err=0.552 m | 368 plans, recent 48 ms/plan (20.0 Hz)
[ 19.42s] target 0 err=0.524 m | 389 plans, recent 48 ms/plan (20.0 Hz)
[ 20.46s] target 0 err=0.516 m | 410 plans, recent 48 ms/plan (20.0 Hz)
[ 21.49s] target 0 err=0.489 m | 431 plans, recent 48 ms/plan (20.1 Hz)
[ 22.52s] target 0 err=0.554 m | 452 plans, recent 48 ms/plan (20.1 Hz)
[ 23.55s] target 0 err=0.591 m | 473 plans, recent 48 ms/plan (20.1 Hz)
[ 24.58s] target 0 err=0.559 m | 494 plans, recent 48 ms/plan (20.1 Hz)
[ 25.60s] target 0 err=0.579 m | 515 plans, recent 48 ms/plan (20.1 Hz)
[ 26.63s] target 0 err=0.549 m | 536 plans, recent 48 ms/plan (20.1 Hz)
[ 27.65s] target 0 err=0.503 m | 557 plans, recent 48 ms/plan (20.1 Hz)
[ 28.66s] target 0 err=0.546 m | 578 plans, recent 47 ms/plan (20.2 Hz)
[ 29.67s] target 0 err=0.614 m | 599 plans, recent 47 ms/plan (20.2 Hz)
  reached_strict=False reached_5cm=False min_err=0.4532 violation=False safe_stall=True

=== [30/70] bk_mbd target=29 (0.527, 0.35, 0.339) ===
loaded=/home/home/mbd/koopman/mbd_koopman/out/franka/models/bk_seed0.pt
tube disabled (tube_mode none): plain bilinear rollout, no penalty
adaptive noise: ON (full schedule at err >= 0.4 m, floor 0.05)
warm-up: 3 throwaway plans
[  1.04s] target 0 err=0.336 m | 22 plans, recent 49 ms/plan (21.1 Hz)
[  2.09s] target 0 err=0.050 m | 43 plans, recent 49 ms/plan (20.6 Hz)
[  3.12s] target 0 err=0.092 m | 64 plans, recent 48 ms/plan (20.5 Hz)
[  4.17s] target 0 err=0.050 m | 85 plans, recent 49 ms/plan (20.4 Hz)
[  5.05s] target 0 strict reach (24.4 mm) in 5.05 s
[  5.21s] target 0 err=0.032 m | 106 plans, recent 49 ms/plan (20.3 Hz)
  reached_strict=True reached_5cm=True min_err=0.0231 violation=False safe_stall=False

=== [31/70] bk_mbd target=30 (0.501, 0.291, 0.267) ===
loaded=/home/home/mbd/koopman/mbd_koopman/out/franka/models/bk_seed0.pt
tube disabled (tube_mode none): plain bilinear rollout, no penalty
adaptive noise: ON (full schedule at err >= 0.4 m, floor 0.05)
warm-up: 3 throwaway plans
[  1.05s] target 0 err=0.590 m | 22 plans, recent 49 ms/plan (21.0 Hz)
[  2.05s] target 0 err=0.442 m | 42 plans, recent 49 ms/plan (20.5 Hz)
[  3.09s] target 0 err=0.061 m | 63 plans, recent 48 ms/plan (20.4 Hz)
[  3.75s] target 0 strict reach (24.7 mm) in 3.75 s
  reached_strict=True reached_5cm=True min_err=0.0194 violation=False safe_stall=False

=== [32/70] bk_mbd target=31 (0.527, 0.311, 0.236) ===
loaded=/home/home/mbd/koopman/mbd_koopman/out/franka/models/bk_seed0.pt
tube disabled (tube_mode none): plain bilinear rollout, no penalty
adaptive noise: ON (full schedule at err >= 0.4 m, floor 0.05)
warm-up: 3 throwaway plans
[  1.02s] target 0 err=0.642 m | 21 plans, recent 50 ms/plan (20.7 Hz)
[  2.02s] target 0 err=0.130 m | 41 plans, recent 49 ms/plan (20.3 Hz)
[  3.02s] target 0 err=0.148 m | 61 plans, recent 49 ms/plan (20.2 Hz)
[  4.07s] target 0 err=0.134 m | 82 plans, recent 49 ms/plan (20.1 Hz)
[  5.12s] target 0 err=0.045 m | 103 plans, recent 49 ms/plan (20.1 Hz)
[  5.80s] target 0 strict reach (24.6 mm) in 5.80 s
[  6.17s] target 0 err=0.029 m | 124 plans, recent 49 ms/plan (20.1 Hz)
  reached_strict=True reached_5cm=True min_err=0.0240 violation=False safe_stall=False

=== [33/70] bk_mbd target=32 (0.494, 0.35, 0.236) ===
loaded=/home/home/mbd/koopman/mbd_koopman/out/franka/models/bk_seed0.pt
tube disabled (tube_mode none): plain bilinear rollout, no penalty
adaptive noise: ON (full schedule at err >= 0.4 m, floor 0.05)
warm-up: 3 throwaway plans
[  1.01s] target 0 err=0.605 m | 21 plans, recent 50 ms/plan (20.7 Hz)
[  2.02s] target 0 err=0.082 m | 41 plans, recent 49 ms/plan (20.3 Hz)
[  3.03s] target 0 err=0.114 m | 61 plans, recent 49 ms/plan (20.1 Hz)
[  4.07s] target 0 err=0.103 m | 82 plans, recent 49 ms/plan (20.1 Hz)
[  5.12s] target 0 err=0.033 m | 103 plans, recent 49 ms/plan (20.1 Hz)
[  5.25s] target 0 strict reach (22.2 mm) in 5.25 s
  reached_strict=True reached_5cm=True min_err=0.0192 violation=False safe_stall=False

=== [34/70] bk_mbd target=33 (0.497, 0.323, 0.225) ===
loaded=/home/home/mbd/koopman/mbd_koopman/out/franka/models/bk_seed0.pt
tube disabled (tube_mode none): plain bilinear rollout, no penalty
adaptive noise: ON (full schedule at err >= 0.4 m, floor 0.05)
warm-up: 3 throwaway plans
[  1.05s] target 0 err=0.543 m | 22 plans, recent 49 ms/plan (21.0 Hz)
[  2.05s] target 0 err=0.639 m | 42 plans, recent 49 ms/plan (20.5 Hz)
[  3.10s] target 0 err=0.609 m | 63 plans, recent 49 ms/plan (20.3 Hz)
[  4.10s] target 0 err=0.642 m | 83 plans, recent 49 ms/plan (20.2 Hz)
[  5.10s] target 0 err=0.590 m | 103 plans, recent 49 ms/plan (20.2 Hz)
[  6.10s] target 0 err=0.628 m | 123 plans, recent 49 ms/plan (20.2 Hz)
[  7.11s] target 0 err=0.593 m | 143 plans, recent 49 ms/plan (20.1 Hz)
[  8.12s] target 0 err=0.569 m | 163 plans, recent 50 ms/plan (20.1 Hz)
[  9.13s] target 0 err=0.605 m | 183 plans, recent 49 ms/plan (20.0 Hz)
[ 10.13s] target 0 err=0.532 m | 203 plans, recent 49 ms/plan (20.0 Hz)
[ 11.13s] target 0 err=0.629 m | 223 plans, recent 49 ms/plan (20.0 Hz)
[ 12.14s] target 0 err=0.589 m | 243 plans, recent 49 ms/plan (20.0 Hz)
[ 13.14s] target 0 err=0.603 m | 263 plans, recent 49 ms/plan (20.0 Hz)
[ 14.18s] target 0 err=0.630 m | 284 plans, recent 49 ms/plan (20.0 Hz)
[ 15.23s] target 0 err=0.576 m | 305 plans, recent 49 ms/plan (20.0 Hz)
[ 16.23s] target 0 err=0.607 m | 325 plans, recent 49 ms/plan (20.0 Hz)
[ 17.23s] target 0 err=0.589 m | 345 plans, recent 49 ms/plan (20.0 Hz)
[ 18.28s] target 0 err=0.586 m | 366 plans, recent 49 ms/plan (20.0 Hz)
[ 19.31s] target 0 err=0.592 m | 387 plans, recent 48 ms/plan (20.0 Hz)
[ 20.33s] target 0 err=0.576 m | 408 plans, recent 48 ms/plan (20.1 Hz)
[ 21.36s] target 0 err=0.518 m | 429 plans, recent 48 ms/plan (20.1 Hz)
[ 22.39s] target 0 err=0.587 m | 450 plans, recent 48 ms/plan (20.1 Hz)
[ 23.41s] target 0 err=0.606 m | 471 plans, recent 48 ms/plan (20.1 Hz)
[ 24.43s] target 0 err=0.593 m | 492 plans, recent 48 ms/plan (20.1 Hz)
[ 25.45s] target 0 err=0.554 m | 513 plans, recent 48 ms/plan (20.2 Hz)
[ 26.48s] target 0 err=0.593 m | 534 plans, recent 48 ms/plan (20.2 Hz)
[ 27.51s] target 0 err=0.609 m | 555 plans, recent 48 ms/plan (20.2 Hz)
[ 28.54s] target 0 err=0.574 m | 576 plans, recent 48 ms/plan (20.2 Hz)
[ 29.58s] target 0 err=0.591 m | 597 plans, recent 48 ms/plan (20.2 Hz)
  reached_strict=False reached_5cm=False min_err=0.4830 violation=False safe_stall=True

=== [35/70] bk_mbd target=34 (0.533, 0.304, 0.254) ===
loaded=/home/home/mbd/koopman/mbd_koopman/out/franka/models/bk_seed0.pt
tube disabled (tube_mode none): plain bilinear rollout, no penalty
adaptive noise: ON (full schedule at err >= 0.4 m, floor 0.05)
warm-up: 3 throwaway plans
[  1.04s] target 0 err=0.531 m | 22 plans, recent 49 ms/plan (21.1 Hz)
[  2.08s] target 0 err=0.120 m | 43 plans, recent 48 ms/plan (20.7 Hz)
[  3.11s] target 0 err=0.157 m | 64 plans, recent 48 ms/plan (20.6 Hz)
[  4.15s] target 0 err=0.070 m | 85 plans, recent 49 ms/plan (20.5 Hz)
[  4.85s] target 0 strict reach (23.6 mm) in 4.85 s
[  5.18s] target 0 err=0.006 m | 106 plans, recent 48 ms/plan (20.4 Hz)
  reached_strict=True reached_5cm=True min_err=0.0042 violation=False safe_stall=False

=== [36/70] sqp_mpc target=0 (0.38, 0.359, 0.24) ===
loaded=/home/home/mbd/koopman/mbd_koopman/out/franka/models/bk_seed0.pt
SQP-MPC: 3 SQP re-freezes, act_dist 999.0, whole_arm=True, 1 box(es), 62 keep-out rows/step (compiled once, DPP)
/home/home/mbd/koopman/mbd_koopman/secy/sqp_mpc.py:286: UserWarning: Solution may be inaccurate. Try another solver, adjusting the solver settings, or solve with verbose=True for more information.
  self.prob.solve(**self._solve_kw)
warm-up: 3 throwaway plans
[  1.18s] target 0 err=0.683 m | 6 plans, recent 239 ms/plan (5.1 Hz)
[  2.25s] target 0 err=0.601 m | 11 plans, recent 229 ms/plan (4.9 Hz)
[  3.38s] target 0 err=0.616 m | 16 plans, recent 224 ms/plan (4.7 Hz)
[  4.52s] target 0 err=0.608 m | 21 plans, recent 225 ms/plan (4.6 Hz)
[  5.66s] target 0 err=0.542 m | 27 plans, recent 204 ms/plan (4.8 Hz)
[  6.78s] target 0 err=0.510 m | 34 plans, recent 187 ms/plan (5.0 Hz)
[  7.97s] target 0 err=0.497 m | 41 plans, recent 166 ms/plan (5.1 Hz)
[  9.08s] target 0 err=0.498 m | 48 plans, recent 165 ms/plan (5.3 Hz)
[ 10.17s] target 0 err=0.506 m | 54 plans, recent 168 ms/plan (5.3 Hz)
[ 11.25s] target 0 err=0.515 m | 61 plans, recent 166 ms/plan (5.4 Hz)
[ 12.33s] target 0 err=0.522 m | 67 plans, recent 172 ms/plan (5.4 Hz)
[ 13.45s] target 0 err=0.526 m | 73 plans, recent 174 ms/plan (5.4 Hz)
[ 14.51s] target 0 err=0.530 m | 78 plans, recent 188 ms/plan (5.4 Hz)
[ 15.60s] target 0 err=0.535 m | 84 plans, recent 192 ms/plan (5.4 Hz)
[ 16.61s] target 0 err=0.537 m | 88 plans, recent 204 ms/plan (5.3 Hz)
[ 17.75s] target 0 err=0.543 m | 93 plans, recent 213 ms/plan (5.2 Hz)
[ 18.81s] target 0 err=0.552 m | 98 plans, recent 216 ms/plan (5.2 Hz)
[ 19.91s] target 0 err=0.563 m | 103 plans, recent 224 ms/plan (5.2 Hz)
[ 21.05s] target 0 err=0.577 m | 109 plans, recent 208 ms/plan (5.2 Hz)
[ 22.09s] target 0 err=0.589 m | 114 plans, recent 206 ms/plan (5.2 Hz)
[ 23.15s] target 0 err=0.603 m | 119 plans, recent 202 ms/plan (5.1 Hz)
[ 24.17s] target 0 err=0.618 m | 124 plans, recent 204 ms/plan (5.1 Hz)
[ 25.31s] target 0 err=0.636 m | 130 plans, recent 199 ms/plan (5.1 Hz)
[ 26.34s] target 0 err=0.655 m | 136 plans, recent 187 ms/plan (5.2 Hz)
[ 27.36s] target 0 err=0.670 m | 141 plans, recent 186 ms/plan (5.2 Hz)
[ 28.47s] target 0 err=0.690 m | 148 plans, recent 173 ms/plan (5.2 Hz)
[ 29.48s] target 0 err=0.712 m | 155 plans, recent 165 ms/plan (5.3 Hz)
[ 30.61s] target 0 err=0.734 m | 163 plans, recent 148 ms/plan (5.3 Hz)
[ 31.62s] target 0 err=0.754 m | 171 plans, recent 133 ms/plan (5.4 Hz)
[ 32.66s] target 0 err=0.771 m | 178 plans, recent 134 ms/plan (5.5 Hz)
[ 33.66s] target 0 err=0.788 m | 185 plans, recent 135 ms/plan (5.5 Hz)
[ 34.79s] target 0 err=0.811 m | 193 plans, recent 144 ms/plan (5.5 Hz)
[ 35.98s] target 0 err=0.811 m | 199 plans, recent 159 ms/plan (5.5 Hz)
[ 37.02s] target 0 err=0.738 m | 204 plans, recent 174 ms/plan (5.5 Hz)
[ 38.15s] target 0 err=0.636 m | 210 plans, recent 189 ms/plan (5.5 Hz)
[ 39.18s] target 0 err=0.582 m | 215 plans, recent 198 ms/plan (5.5 Hz)
[ 40.21s] target 0 err=0.523 m | 220 plans, recent 201 ms/plan (5.5 Hz)
[ 41.37s] target 0 err=0.506 m | 225 plans, recent 212 ms/plan (5.4 Hz)
[ 42.53s] target 0 err=0.540 m | 230 plans, recent 220 ms/plan (5.4 Hz)
[ 43.65s] target 0 err=0.614 m | 235 plans, recent 226 ms/plan (5.4 Hz)
[ 44.84s] target 0 err=0.701 m | 240 plans, recent 232 ms/plan (5.4 Hz)
[ 45.88s] target 0 err=0.707 m | 245 plans, recent 226 ms/plan (5.3 Hz)
[ 47.02s] target 0 err=0.720 m | 251 plans, recent 212 ms/plan (5.3 Hz)
[ 48.04s] target 0 err=0.724 m | 257 plans, recent 193 ms/plan (5.3 Hz)
[ 49.16s] target 0 err=0.680 m | 263 plans, recent 182 ms/plan (5.4 Hz)
[ 50.26s] target 0 err=0.657 m | 269 plans, recent 183 ms/plan (5.4 Hz)
[ 51.33s] target 0 err=0.613 m | 274 plans, recent 187 ms/plan (5.3 Hz)
[ 52.39s] target 0 err=0.608 m | 280 plans, recent 181 ms/plan (5.3 Hz)
[ 53.53s] target 0 err=0.608 m | 290 plans, recent 146 ms/plan (5.4 Hz)
[ 54.60s] target 0 err=0.612 m | 300 plans, recent 111 ms/plan (5.5 Hz)
[ 55.61s] target 0 err=0.614 m | 309 plans, recent 110 ms/plan (5.6 Hz)
[ 56.69s] target 0 err=0.614 m | 319 plans, recent 110 ms/plan (5.6 Hz)
[ 57.78s] target 0 err=0.612 m | 329 plans, recent 107 ms/plan (5.7 Hz)
[ 58.88s] target 0 err=0.611 m | 340 plans, recent 103 ms/plan (5.8 Hz)
[ 59.96s] target 0 err=0.610 m | 350 plans, recent 102 ms/plan (5.8 Hz)
[ 61.04s] target 0 err=0.610 m | 360 plans, recent 107 ms/plan (5.9 Hz)
[ 62.10s] target 0 err=0.611 m | 369 plans, recent 110 ms/plan (5.9 Hz)
[ 63.17s] target 0 err=0.611 m | 380 plans, recent 104 ms/plan (6.0 Hz)
[ 64.24s] target 0 err=0.612 m | 391 plans, recent 99 ms/plan (6.1 Hz)
[ 65.38s] target 0 err=0.611 m | 402 plans, recent 100 ms/plan (6.1 Hz)
[ 66.41s] target 0 err=0.611 m | 413 plans, recent 98 ms/plan (6.2 Hz)
[ 67.53s] target 0 err=0.611 m | 423 plans, recent 102 ms/plan (6.3 Hz)
[ 68.57s] target 0 err=0.613 m | 432 plans, recent 113 ms/plan (6.3 Hz)
[ 69.58s] target 0 err=0.614 m | 441 plans, recent 117 ms/plan (6.3 Hz)
[ 70.72s] target 0 err=0.615 m | 451 plans, recent 114 ms/plan (6.4 Hz)
[ 71.76s] target 0 err=0.617 m | 461 plans, recent 106 ms/plan (6.4 Hz)
[ 72.84s] target 0 err=0.619 m | 473 plans, recent 92 ms/plan (6.5 Hz)
[ 73.93s] target 0 err=0.621 m | 483 plans, recent 100 ms/plan (6.5 Hz)
[ 75.00s] target 0 err=0.623 m | 493 plans, recent 112 ms/plan (6.6 Hz)
[ 76.01s] target 0 err=0.625 m | 501 plans, recent 114 ms/plan (6.6 Hz)
[ 77.07s] target 0 err=0.627 m | 511 plans, recent 113 ms/plan (6.6 Hz)
[ 78.10s] target 0 err=0.627 m | 520 plans, recent 112 ms/plan (6.7 Hz)
[ 79.20s] target 0 err=0.626 m | 530 plans, recent 111 ms/plan (6.7 Hz)
[ 80.29s] target 0 err=0.624 m | 539 plans, recent 114 ms/plan (6.7 Hz)
[ 81.41s] target 0 err=0.621 m | 548 plans, recent 120 ms/plan (6.7 Hz)
[ 82.51s] target 0 err=0.617 m | 558 plans, recent 115 ms/plan (6.8 Hz)
[ 83.64s] target 0 err=0.614 m | 567 plans, recent 117 ms/plan (6.8 Hz)
[ 84.77s] target 0 err=0.612 m | 576 plans, recent 127 ms/plan (6.8 Hz)
[ 85.82s] target 0 err=0.616 m | 583 plans, recent 136 ms/plan (6.8 Hz)
[ 86.89s] target 0 err=0.627 m | 591 plans, recent 134 ms/plan (6.8 Hz)
[ 88.03s] target 0 err=0.638 m | 599 plans, recent 139 ms/plan (6.8 Hz)
  reached_strict=False reached_5cm=False min_err=0.4963 violation=False safe_stall=True

=== [37/70] sqp_mpc target=1 (0.547, 0.284, 0.248) ===
loaded=/home/home/mbd/koopman/mbd_koopman/out/franka/models/bk_seed0.pt
SQP-MPC: 3 SQP re-freezes, act_dist 999.0, whole_arm=True, 1 box(es), 62 keep-out rows/step (compiled once, DPP)
warm-up: 3 throwaway plans
[  1.00s] target 0 err=0.616 m | 6 plans, recent 211 ms/plan (6.0 Hz)
[  2.03s] target 0 err=0.601 m | 11 plans, recent 191 ms/plan (5.4 Hz)
[  3.12s] target 0 err=0.627 m | 17 plans, recent 188 ms/plan (5.4 Hz)
[  4.21s] target 0 err=0.655 m | 23 plans, recent 187 ms/plan (5.5 Hz)
[  5.37s] target 0 err=0.681 m | 29 plans, recent 184 ms/plan (5.4 Hz)
[  6.54s] target 0 err=0.705 m | 35 plans, recent 193 ms/plan (5.4 Hz)
[  7.58s] target 0 err=0.725 m | 40 plans, recent 197 ms/plan (5.3 Hz)
[  8.66s] target 0 err=0.743 m | 45 plans, recent 209 ms/plan (5.2 Hz)
[  9.70s] target 0 err=0.762 m | 50 plans, recent 204 ms/plan (5.2 Hz)
[ 10.76s] target 0 err=0.787 m | 57 plans, recent 183 ms/plan (5.3 Hz)
[ 11.87s] target 0 err=0.809 m | 64 plans, recent 167 ms/plan (5.4 Hz)
[ 12.94s] target 0 err=0.823 m | 70 plans, recent 159 ms/plan (5.4 Hz)
[ 14.09s] target 0 err=0.833 m | 77 plans, recent 168 ms/plan (5.5 Hz)
[ 15.20s] target 0 err=0.829 m | 83 plans, recent 176 ms/plan (5.5 Hz)
[ 16.32s] target 0 err=0.815 m | 88 plans, recent 187 ms/plan (5.4 Hz)
[ 17.49s] target 0 err=0.762 m | 94 plans, recent 199 ms/plan (5.4 Hz)
[ 18.49s] target 0 err=0.604 m | 98 plans, recent 214 ms/plan (5.3 Hz)
[ 19.59s] target 0 err=0.491 m | 103 plans, recent 220 ms/plan (5.3 Hz)
[ 20.77s] target 0 err=0.471 m | 108 plans, recent 225 ms/plan (5.2 Hz)
[ 21.91s] target 0 err=0.485 m | 113 plans, recent 232 ms/plan (5.2 Hz)
[ 23.10s] target 0 err=0.504 m | 118 plans, recent 230 ms/plan (5.1 Hz)
[ 24.34s] target 0 err=0.528 m | 123 plans, recent 237 ms/plan (5.1 Hz)
[ 25.38s] target 0 err=0.573 m | 127 plans, recent 240 ms/plan (5.0 Hz)
[ 26.57s] target 0 err=0.674 m | 132 plans, recent 246 ms/plan (5.0 Hz)
[ 27.60s] target 0 err=0.677 m | 136 plans, recent 252 ms/plan (4.9 Hz)
[ 28.76s] target 0 err=0.678 m | 141 plans, recent 245 ms/plan (4.9 Hz)
[ 29.77s] target 0 err=0.668 m | 146 plans, recent 230 ms/plan (4.9 Hz)
[ 30.79s] target 0 err=0.653 m | 150 plans, recent 233 ms/plan (4.9 Hz)
[ 31.92s] target 0 err=0.613 m | 156 plans, recent 212 ms/plan (4.9 Hz)
[ 33.04s] target 0 err=0.611 m | 161 plans, recent 208 ms/plan (4.9 Hz)
[ 34.08s] target 0 err=0.612 m | 166 plans, recent 214 ms/plan (4.9 Hz)
[ 35.08s] target 0 err=0.611 m | 171 plans, recent 207 ms/plan (4.9 Hz)
[ 36.09s] target 0 err=0.616 m | 175 plans, recent 219 ms/plan (4.8 Hz)
[ 37.35s] target 0 err=0.632 m | 181 plans, recent 221 ms/plan (4.8 Hz)
[ 38.55s] target 0 err=0.641 m | 186 plans, recent 224 ms/plan (4.8 Hz)
[ 39.67s] target 0 err=0.648 m | 191 plans, recent 226 ms/plan (4.8 Hz)
[ 40.82s] target 0 err=0.654 m | 196 plans, recent 221 ms/plan (4.8 Hz)
[ 41.96s] target 0 err=0.654 m | 201 plans, recent 226 ms/plan (4.8 Hz)
[ 43.11s] target 0 err=0.648 m | 206 plans, recent 228 ms/plan (4.8 Hz)
[ 44.15s] target 0 err=0.640 m | 210 plans, recent 237 ms/plan (4.8 Hz)
[ 45.26s] target 0 err=0.628 m | 215 plans, recent 233 ms/plan (4.8 Hz)
[ 46.27s] target 0 err=0.619 m | 219 plans, recent 241 ms/plan (4.7 Hz)
[ 47.32s] target 0 err=0.615 m | 223 plans, recent 241 ms/plan (4.7 Hz)
[ 48.34s] target 0 err=0.614 m | 227 plans, recent 246 ms/plan (4.7 Hz)
[ 49.39s] target 0 err=0.612 m | 232 plans, recent 236 ms/plan (4.7 Hz)
[ 50.46s] target 0 err=0.609 m | 237 plans, recent 232 ms/plan (4.7 Hz)
[ 51.58s] target 0 err=0.606 m | 242 plans, recent 222 ms/plan (4.7 Hz)
[ 52.70s] target 0 err=0.605 m | 247 plans, recent 218 ms/plan (4.7 Hz)
[ 53.77s] target 0 err=0.605 m | 252 plans, recent 224 ms/plan (4.7 Hz)
[ 54.83s] target 0 err=0.604 m | 256 plans, recent 231 ms/plan (4.7 Hz)
[ 56.08s] target 0 err=0.603 m | 261 plans, recent 236 ms/plan (4.7 Hz)
[ 57.22s] target 0 err=0.602 m | 265 plans, recent 250 ms/plan (4.6 Hz)
[ 58.41s] target 0 err=0.601 m | 270 plans, recent 248 ms/plan (4.6 Hz)
[ 59.64s] target 0 err=0.602 m | 275 plans, recent 253 ms/plan (4.6 Hz)
[ 60.64s] target 0 err=0.605 m | 279 plans, recent 254 ms/plan (4.6 Hz)
[ 61.68s] target 0 err=0.609 m | 284 plans, recent 234 ms/plan (4.6 Hz)
[ 62.82s] target 0 err=0.613 m | 291 plans, recent 205 ms/plan (4.6 Hz)
[ 63.99s] target 0 err=0.615 m | 297 plans, recent 194 ms/plan (4.6 Hz)
[ 65.01s] target 0 err=0.616 m | 302 plans, recent 184 ms/plan (4.6 Hz)
[ 66.07s] target 0 err=0.617 m | 307 plans, recent 192 ms/plan (4.6 Hz)
[ 67.26s] target 0 err=0.617 m | 313 plans, recent 211 ms/plan (4.7 Hz)
[ 68.34s] target 0 err=0.616 m | 318 plans, recent 206 ms/plan (4.7 Hz)
[ 69.43s] target 0 err=0.613 m | 323 plans, recent 210 ms/plan (4.7 Hz)
[ 70.63s] target 0 err=0.609 m | 329 plans, recent 212 ms/plan (4.7 Hz)
[ 71.87s] target 0 err=0.605 m | 334 plans, recent 223 ms/plan (4.6 Hz)
[ 72.97s] target 0 err=0.603 m | 340 plans, recent 202 ms/plan (4.7 Hz)
[ 74.19s] target 0 err=0.602 m | 347 plans, recent 198 ms/plan (4.7 Hz)
[ 75.36s] target 0 err=0.601 m | 354 plans, recent 172 ms/plan (4.7 Hz)
[ 76.38s] target 0 err=0.600 m | 361 plans, recent 165 ms/plan (4.7 Hz)
[ 77.55s] target 0 err=0.599 m | 368 plans, recent 161 ms/plan (4.7 Hz)
[ 78.73s] target 0 err=0.598 m | 377 plans, recent 143 ms/plan (4.8 Hz)
[ 79.83s] target 0 err=0.598 m | 386 plans, recent 129 ms/plan (4.8 Hz)
[ 80.87s] target 0 err=0.597 m | 394 plans, recent 128 ms/plan (4.9 Hz)
[ 82.04s] target 0 err=0.596 m | 403 plans, recent 126 ms/plan (4.9 Hz)
[ 83.18s] target 0 err=0.596 m | 411 plans, recent 132 ms/plan (4.9 Hz)
[ 84.26s] target 0 err=0.595 m | 417 plans, recent 157 ms/plan (4.9 Hz)
[ 85.41s] target 0 err=0.596 m | 423 plans, recent 167 ms/plan (5.0 Hz)
[ 86.45s] target 0 err=0.596 m | 429 plans, recent 182 ms/plan (5.0 Hz)
[ 87.63s] target 0 err=0.597 m | 435 plans, recent 184 ms/plan (5.0 Hz)
[ 88.67s] target 0 err=0.598 m | 440 plans, recent 194 ms/plan (5.0 Hz)
[ 89.87s] target 0 err=0.599 m | 446 plans, recent 198 ms/plan (5.0 Hz)
[ 90.99s] target 0 err=0.600 m | 451 plans, recent 208 ms/plan (5.0 Hz)
[ 92.11s] target 0 err=0.601 m | 456 plans, recent 214 ms/plan (5.0 Hz)
[ 93.19s] target 0 err=0.601 m | 462 plans, recent 206 ms/plan (5.0 Hz)
[ 94.27s] target 0 err=0.601 m | 468 plans, recent 198 ms/plan (5.0 Hz)
[ 95.50s] target 0 err=0.599 m | 474 plans, recent 190 ms/plan (5.0 Hz)
[ 96.52s] target 0 err=0.598 m | 479 plans, recent 193 ms/plan (5.0 Hz)
[ 97.69s] target 0 err=0.596 m | 485 plans, recent 199 ms/plan (5.0 Hz)
[ 98.77s] target 0 err=0.596 m | 490 plans, recent 206 ms/plan (5.0 Hz)
[100.01s] target 0 err=0.595 m | 496 plans, recent 203 ms/plan (5.0 Hz)
[101.08s] target 0 err=0.596 m | 502 plans, recent 196 ms/plan (5.0 Hz)
[102.28s] target 0 err=0.597 m | 509 plans, recent 183 ms/plan (5.0 Hz)
[103.35s] target 0 err=0.599 m | 514 plans, recent 193 ms/plan (5.0 Hz)
[104.50s] target 0 err=0.601 m | 519 plans, recent 203 ms/plan (5.0 Hz)
[105.62s] target 0 err=0.602 m | 524 plans, recent 212 ms/plan (5.0 Hz)
[106.87s] target 0 err=0.603 m | 529 plans, recent 230 ms/plan (4.9 Hz)
[107.99s] target 0 err=0.603 m | 534 plans, recent 229 ms/plan (4.9 Hz)
[109.22s] target 0 err=0.601 m | 539 plans, recent 238 ms/plan (4.9 Hz)
[110.42s] target 0 err=0.604 m | 544 plans, recent 237 ms/plan (4.9 Hz)
[111.52s] target 0 err=0.606 m | 549 plans, recent 235 ms/plan (4.9 Hz)
[112.52s] target 0 err=0.606 m | 555 plans, recent 206 ms/plan (4.9 Hz)
[113.69s] target 0 err=0.605 m | 563 plans, recent 174 ms/plan (5.0 Hz)
[114.80s] target 0 err=0.602 m | 568 plans, recent 172 ms/plan (4.9 Hz)
[115.85s] target 0 err=0.599 m | 573 plans, recent 182 ms/plan (4.9 Hz)
[116.90s] target 0 err=0.597 m | 578 plans, recent 196 ms/plan (4.9 Hz)
[117.98s] target 0 err=0.597 m | 583 plans, recent 216 ms/plan (4.9 Hz)
[119.03s] target 0 err=0.600 m | 587 plans, recent 220 ms/plan (4.9 Hz)
[120.03s] target 0 err=0.605 m | 592 plans, recent 218 ms/plan (4.9 Hz)
[121.07s] target 0 err=0.610 m | 597 plans, recent 217 ms/plan (4.9 Hz)
  reached_strict=False reached_5cm=False min_err=0.4707 violation=False safe_stall=True

=== [38/70] sqp_mpc target=2 (0.518, 0.348, 0.282) ===
loaded=/home/home/mbd/koopman/mbd_koopman/out/franka/models/bk_seed0.pt
SQP-MPC: 3 SQP re-freezes, act_dist 999.0, whole_arm=True, 1 box(es), 62 keep-out rows/step (compiled once, DPP)
warm-up: 3 throwaway plans
[  1.00s] target 0 err=0.654 m | 5 plans, recent 249 ms/plan (5.0 Hz)
[  2.11s] target 0 err=0.650 m | 11 plans, recent 208 ms/plan (5.2 Hz)
[  3.19s] target 0 err=0.682 m | 16 plans, recent 216 ms/plan (5.0 Hz)
[  4.22s] target 0 err=0.718 m | 21 plans, recent 208 ms/plan (5.0 Hz)
[  5.32s] target 0 err=0.757 m | 27 plans, recent 198 ms/plan (5.1 Hz)
[  6.39s] target 0 err=0.792 m | 32 plans, recent 200 ms/plan (5.0 Hz)
[  7.44s] target 0 err=0.836 m | 40 plans, recent 167 ms/plan (5.4 Hz)
[  8.53s] target 0 err=0.828 m | 47 plans, recent 156 ms/plan (5.5 Hz)
[  9.57s] target 0 err=0.704 m | 53 plans, recent 155 ms/plan (5.5 Hz)
[ 10.59s] target 0 err=0.585 m | 57 plans, recent 175 ms/plan (5.4 Hz)
[ 11.63s] target 0 err=0.543 m | 62 plans, recent 192 ms/plan (5.3 Hz)
[ 12.66s] target 0 err=0.546 m | 67 plans, recent 208 ms/plan (5.3 Hz)
[ 13.83s] target 0 err=0.550 m | 72 plans, recent 225 ms/plan (5.2 Hz)
[ 14.90s] target 0 err=0.568 m | 76 plans, recent 228 ms/plan (5.1 Hz)
[ 16.12s] target 0 err=0.542 m | 81 plans, recent 235 ms/plan (5.0 Hz)
[ 17.29s] target 0 err=0.474 m | 86 plans, recent 244 ms/plan (5.0 Hz)
[ 18.35s] target 0 err=0.471 m | 90 plans, recent 250 ms/plan (4.9 Hz)
[ 19.43s] target 0 err=0.470 m | 94 plans, recent 253 ms/plan (4.8 Hz)
[ 20.65s] target 0 err=0.418 m | 99 plans, recent 253 ms/plan (4.8 Hz)
[ 21.74s] target 0 err=0.277 m | 103 plans, recent 260 ms/plan (4.7 Hz)
[ 22.82s] target 0 err=0.173 m | 107 plans, recent 262 ms/plan (4.7 Hz)
[ 23.94s] target 0 err=0.171 m | 111 plans, recent 265 ms/plan (4.6 Hz)
[ 25.15s] target 0 err=0.162 m | 116 plans, recent 261 ms/plan (4.6 Hz)
[ 26.31s] target 0 err=0.151 m | 121 plans, recent 250 ms/plan (4.6 Hz)
[ 27.44s] target 0 err=0.140 m | 126 plans, recent 241 ms/plan (4.6 Hz)
[ 28.69s] target 0 err=0.132 m | 131 plans, recent 231 ms/plan (4.6 Hz)
[ 29.86s] target 0 err=0.127 m | 136 plans, recent 231 ms/plan (4.6 Hz)
[ 31.02s] target 0 err=0.126 m | 141 plans, recent 240 ms/plan (4.5 Hz)
[ 32.04s] target 0 err=0.124 m | 145 plans, recent 244 ms/plan (4.5 Hz)
[ 33.10s] target 0 err=0.121 m | 149 plans, recent 248 ms/plan (4.5 Hz)
[ 34.11s] target 0 err=0.117 m | 153 plans, recent 249 ms/plan (4.5 Hz)
[ 35.38s] target 0 err=0.110 m | 158 plans, recent 252 ms/plan (4.5 Hz)
[ 36.57s] target 0 err=0.081 m | 163 plans, recent 247 ms/plan (4.5 Hz)
[ 37.77s] target 0 err=0.072 m | 169 plans, recent 226 ms/plan (4.5 Hz)
[ 38.78s] target 0 err=0.067 m | 174 plans, recent 222 ms/plan (4.5 Hz)
[ 39.85s] target 0 err=0.049 m | 179 plans, recent 206 ms/plan (4.5 Hz)
[  9.15s] target 0 strict reach (23.6 mm) in 9.15 s
[ 40.86s] target 0 err=0.014 m | 186 plans, recent 182 ms/plan (4.6 Hz)
  reached_strict=True reached_5cm=True min_err=0.0042 violation=False safe_stall=False

=== [39/70] sqp_mpc target=3 (0.446, 0.324, 0.313) ===
loaded=/home/home/mbd/koopman/mbd_koopman/out/franka/models/bk_seed0.pt
SQP-MPC: 3 SQP re-freezes, act_dist 999.0, whole_arm=True, 1 box(es), 62 keep-out rows/step (compiled once, DPP)
warm-up: 3 throwaway plans
[  1.14s] target 0 err=0.609 m | 6 plans, recent 235 ms/plan (5.3 Hz)
[  2.28s] target 0 err=0.592 m | 10 plans, recent 247 ms/plan (4.4 Hz)
[  3.51s] target 0 err=0.604 m | 16 plans, recent 234 ms/plan (4.6 Hz)
[  4.63s] target 0 err=0.606 m | 21 plans, recent 228 ms/plan (4.5 Hz)
[  5.78s] target 0 err=0.594 m | 26 plans, recent 230 ms/plan (4.5 Hz)
[  6.86s] target 0 err=0.580 m | 31 plans, recent 225 ms/plan (4.5 Hz)
[  8.13s] target 0 err=0.576 m | 36 plans, recent 228 ms/plan (4.4 Hz)
[  9.37s] target 0 err=0.587 m | 41 plans, recent 239 ms/plan (4.4 Hz)
[ 10.62s] target 0 err=0.625 m | 46 plans, recent 241 ms/plan (4.3 Hz)
[ 11.68s] target 0 err=0.687 m | 51 plans, recent 238 ms/plan (4.4 Hz)
[ 12.78s] target 0 err=0.752 m | 56 plans, recent 233 ms/plan (4.4 Hz)
[ 13.86s] target 0 err=0.758 m | 60 plans, recent 238 ms/plan (4.3 Hz)
[ 14.90s] target 0 err=0.582 m | 64 plans, recent 237 ms/plan (4.3 Hz)
[ 16.12s] target 0 err=0.430 m | 69 plans, recent 238 ms/plan (4.3 Hz)
[ 17.17s] target 0 err=0.191 m | 74 plans, recent 241 ms/plan (4.3 Hz)
[ 18.30s] target 0 err=0.048 m | 80 plans, recent 214 ms/plan (4.4 Hz)
[  4.15s] target 0 strict reach (22.5 mm) in 4.15 s
[ 19.32s] target 0 err=0.011 m | 88 plans, recent 166 ms/plan (4.6 Hz)
  reached_strict=True reached_5cm=True min_err=0.0065 violation=False safe_stall=False

=== [40/70] sqp_mpc target=4 (0.43, 0.315, 0.239) ===
loaded=/home/home/mbd/koopman/mbd_koopman/out/franka/models/bk_seed0.pt
SQP-MPC: 3 SQP re-freezes, act_dist 999.0, whole_arm=True, 1 box(es), 62 keep-out rows/step (compiled once, DPP)
warm-up: 3 throwaway plans
[  1.15s] target 0 err=0.619 m | 6 plans, recent 237 ms/plan (5.2 Hz)
[  2.20s] target 0 err=0.586 m | 10 plans, recent 244 ms/plan (4.5 Hz)
[  3.23s] target 0 err=0.591 m | 14 plans, recent 249 ms/plan (4.3 Hz)
[  4.45s] target 0 err=0.587 m | 19 plans, recent 248 ms/plan (4.3 Hz)
[  5.49s] target 0 err=0.579 m | 23 plans, recent 252 ms/plan (4.2 Hz)
[  6.58s] target 0 err=0.567 m | 28 plans, recent 245 ms/plan (4.3 Hz)
[  7.59s] target 0 err=0.566 m | 32 plans, recent 239 ms/plan (4.2 Hz)
[  8.71s] target 0 err=0.582 m | 37 plans, recent 237 ms/plan (4.2 Hz)
[  9.92s] target 0 err=0.610 m | 42 plans, recent 234 ms/plan (4.2 Hz)
[ 10.99s] target 0 err=0.631 m | 46 plans, recent 239 ms/plan (4.2 Hz)
[ 12.15s] target 0 err=0.651 m | 52 plans, recent 227 ms/plan (4.3 Hz)
[ 13.33s] target 0 err=0.685 m | 57 plans, recent 226 ms/plan (4.3 Hz)
[ 14.41s] target 0 err=0.731 m | 63 plans, recent 211 ms/plan (4.4 Hz)
[ 15.54s] target 0 err=0.755 m | 69 plans, recent 199 ms/plan (4.4 Hz)
[ 16.61s] target 0 err=0.774 m | 74 plans, recent 197 ms/plan (4.5 Hz)
[ 17.71s] target 0 err=0.788 m | 79 plans, recent 205 ms/plan (4.5 Hz)
[ 18.92s] target 0 err=0.805 m | 85 plans, recent 205 ms/plan (4.5 Hz)
[ 20.10s] target 0 err=0.819 m | 90 plans, recent 215 ms/plan (4.5 Hz)
[ 21.21s] target 0 err=0.826 m | 95 plans, recent 220 ms/plan (4.5 Hz)
[ 22.37s] target 0 err=0.801 m | 102 plans, recent 204 ms/plan (4.6 Hz)
[ 23.39s] target 0 err=0.782 m | 107 plans, recent 195 ms/plan (4.6 Hz)
[ 24.48s] target 0 err=0.762 m | 112 plans, recent 191 ms/plan (4.6 Hz)
[ 25.52s] target 0 err=0.716 m | 117 plans, recent 203 ms/plan (4.6 Hz)
[ 26.74s] target 0 err=0.654 m | 122 plans, recent 220 ms/plan (4.6 Hz)
[ 28.02s] target 0 err=0.569 m | 127 plans, recent 234 ms/plan (4.5 Hz)
[ 29.03s] target 0 err=0.511 m | 131 plans, recent 238 ms/plan (4.5 Hz)
[ 30.07s] target 0 err=0.480 m | 135 plans, recent 250 ms/plan (4.5 Hz)
[ 31.13s] target 0 err=0.481 m | 139 plans, recent 252 ms/plan (4.5 Hz)
[ 32.14s] target 0 err=0.481 m | 143 plans, recent 258 ms/plan (4.4 Hz)
[ 33.15s] target 0 err=0.481 m | 147 plans, recent 256 ms/plan (4.4 Hz)
[ 34.23s] target 0 err=0.482 m | 151 plans, recent 262 ms/plan (4.4 Hz)
[ 35.34s] target 0 err=0.480 m | 155 plans, recent 257 ms/plan (4.4 Hz)
[ 36.55s] target 0 err=0.477 m | 160 plans, recent 259 ms/plan (4.4 Hz)
[ 37.60s] target 0 err=0.476 m | 164 plans, recent 257 ms/plan (4.4 Hz)
[ 38.61s] target 0 err=0.477 m | 168 plans, recent 258 ms/plan (4.4 Hz)
[ 39.68s] target 0 err=0.482 m | 172 plans, recent 257 ms/plan (4.3 Hz)
[ 40.73s] target 0 err=0.496 m | 176 plans, recent 264 ms/plan (4.3 Hz)
[ 41.81s] target 0 err=0.512 m | 180 plans, recent 260 ms/plan (4.3 Hz)
[ 42.86s] target 0 err=0.531 m | 184 plans, recent 263 ms/plan (4.3 Hz)
[ 43.93s] target 0 err=0.551 m | 188 plans, recent 262 ms/plan (4.3 Hz)
[ 45.12s] target 0 err=0.576 m | 193 plans, recent 258 ms/plan (4.3 Hz)
[ 46.16s] target 0 err=0.596 m | 197 plans, recent 256 ms/plan (4.3 Hz)
[ 47.40s] target 0 err=0.626 m | 202 plans, recent 254 ms/plan (4.3 Hz)
[ 48.52s] target 0 err=0.657 m | 207 plans, recent 239 ms/plan (4.3 Hz)
[ 49.62s] target 0 err=0.689 m | 212 plans, recent 237 ms/plan (4.3 Hz)
[ 50.73s] target 0 err=0.714 m | 217 plans, recent 226 ms/plan (4.3 Hz)
[ 51.76s] target 0 err=0.731 m | 221 plans, recent 227 ms/plan (4.3 Hz)
[ 52.76s] target 0 err=0.743 m | 226 plans, recent 218 ms/plan (4.3 Hz)
[ 53.77s] target 0 err=0.748 m | 231 plans, recent 212 ms/plan (4.3 Hz)
[ 54.95s] target 0 err=0.752 m | 237 plans, recent 209 ms/plan (4.3 Hz)
[ 55.98s] target 0 err=0.755 m | 241 plans, recent 212 ms/plan (4.3 Hz)
[ 57.14s] target 0 err=0.760 m | 247 plans, recent 217 ms/plan (4.3 Hz)
[ 58.25s] target 0 err=0.765 m | 251 plans, recent 230 ms/plan (4.3 Hz)
[ 59.30s] target 0 err=0.773 m | 256 plans, recent 222 ms/plan (4.3 Hz)
[ 60.39s] target 0 err=0.782 m | 261 plans, recent 222 ms/plan (4.3 Hz)
[ 61.59s] target 0 err=0.802 m | 266 plans, recent 227 ms/plan (4.3 Hz)
[ 62.60s] target 0 err=0.825 m | 271 plans, recent 213 ms/plan (4.3 Hz)
[ 63.73s] target 0 err=0.852 m | 277 plans, recent 210 ms/plan (4.3 Hz)
[ 64.84s] target 0 err=0.879 m | 284 plans, recent 185 ms/plan (4.4 Hz)
[ 65.84s] target 0 err=0.886 m | 290 plans, recent 171 ms/plan (4.4 Hz)
[ 66.99s] target 0 err=0.886 m | 296 plans, recent 169 ms/plan (4.4 Hz)
[ 68.10s] target 0 err=0.884 m | 304 plans, recent 159 ms/plan (4.5 Hz)
[ 69.11s] target 0 err=0.882 m | 312 plans, recent 142 ms/plan (4.5 Hz)
[ 70.12s] target 0 err=0.882 m | 320 plans, recent 126 ms/plan (4.6 Hz)
[ 71.19s] target 0 err=0.882 m | 326 plans, recent 145 ms/plan (4.6 Hz)
[ 72.20s] target 0 err=0.882 m | 332 plans, recent 154 ms/plan (4.6 Hz)
[ 73.36s] target 0 err=0.883 m | 339 plans, recent 169 ms/plan (4.6 Hz)
[ 74.38s] target 0 err=0.883 m | 345 plans, recent 165 ms/plan (4.6 Hz)
[ 75.43s] target 0 err=0.882 m | 352 plans, recent 161 ms/plan (4.7 Hz)
[ 76.51s] target 0 err=0.878 m | 359 plans, recent 160 ms/plan (4.7 Hz)
[ 77.52s] target 0 err=0.873 m | 365 plans, recent 156 ms/plan (4.7 Hz)
[ 78.54s] target 0 err=0.866 m | 372 plans, recent 158 ms/plan (4.7 Hz)
[ 79.70s] target 0 err=0.856 m | 379 plans, recent 156 ms/plan (4.8 Hz)
[ 80.73s] target 0 err=0.843 m | 385 plans, recent 163 ms/plan (4.8 Hz)
[ 81.84s] target 0 err=0.828 m | 391 plans, recent 171 ms/plan (4.8 Hz)
[ 82.95s] target 0 err=0.807 m | 397 plans, recent 179 ms/plan (4.8 Hz)
[ 84.02s] target 0 err=0.782 m | 403 plans, recent 179 ms/plan (4.8 Hz)
[ 85.13s] target 0 err=0.767 m | 409 plans, recent 185 ms/plan (4.8 Hz)
[ 86.16s] target 0 err=0.764 m | 415 plans, recent 181 ms/plan (4.8 Hz)
[ 87.23s] target 0 err=0.820 m | 420 plans, recent 187 ms/plan (4.8 Hz)
[ 88.25s] target 0 err=0.762 m | 425 plans, recent 192 ms/plan (4.8 Hz)
[ 89.26s] target 0 err=0.705 m | 430 plans, recent 204 ms/plan (4.8 Hz)
[ 90.41s] target 0 err=0.596 m | 435 plans, recent 211 ms/plan (4.8 Hz)
[ 91.61s] target 0 err=0.523 m | 440 plans, recent 222 ms/plan (4.8 Hz)
[ 92.78s] target 0 err=0.524 m | 445 plans, recent 225 ms/plan (4.8 Hz)
[ 93.94s] target 0 err=0.292 m | 450 plans, recent 234 ms/plan (4.8 Hz)
[ 95.09s] target 0 err=0.122 m | 455 plans, recent 237 ms/plan (4.8 Hz)
[ 96.19s] target 0 err=0.071 m | 460 plans, recent 226 ms/plan (4.8 Hz)
[ 97.21s] target 0 err=0.050 m | 464 plans, recent 234 ms/plan (4.8 Hz)
[ 98.22s] target 0 err=0.037 m | 468 plans, recent 239 ms/plan (4.8 Hz)
[ 99.23s] target 0 err=0.029 m | 472 plans, recent 240 ms/plan (4.8 Hz)
[100.33s] target 0 err=0.028 m | 477 plans, recent 234 ms/plan (4.8 Hz)
[101.58s] target 0 err=0.027 m | 483 plans, recent 222 ms/plan (4.8 Hz)
[102.58s] target 0 err=0.030 m | 489 plans, recent 201 ms/plan (4.8 Hz)
[103.70s] target 0 err=0.028 m | 497 plans, recent 166 ms/plan (4.8 Hz)
[104.88s] target 0 err=0.037 m | 502 plans, recent 178 ms/plan (4.8 Hz)
[105.99s] target 0 err=0.058 m | 506 plans, recent 200 ms/plan (4.8 Hz)
[107.15s] target 0 err=0.038 m | 511 plans, recent 219 ms/plan (4.8 Hz)
[108.19s] target 0 err=0.027 m | 516 plans, recent 235 ms/plan (4.8 Hz)
[109.33s] target 0 err=0.036 m | 521 plans, recent 234 ms/plan (4.8 Hz)
[110.57s] target 0 err=0.035 m | 526 plans, recent 230 ms/plan (4.8 Hz)
[111.68s] target 0 err=0.033 m | 531 plans, recent 226 ms/plan (4.8 Hz)
[112.69s] target 0 err=0.038 m | 536 plans, recent 221 ms/plan (4.8 Hz)
[113.86s] target 0 err=0.046 m | 541 plans, recent 219 ms/plan (4.8 Hz)
[115.06s] target 0 err=0.060 m | 547 plans, recent 213 ms/plan (4.8 Hz)
[116.16s] target 0 err=0.074 m | 553 plans, recent 200 ms/plan (4.8 Hz)
[117.41s] target 0 err=0.083 m | 559 plans, recent 196 ms/plan (4.8 Hz)
[118.60s] target 0 err=0.085 m | 565 plans, recent 196 ms/plan (4.8 Hz)
[119.83s] target 0 err=0.064 m | 571 plans, recent 200 ms/plan (4.8 Hz)
[120.97s] target 0 err=0.040 m | 578 plans, recent 187 ms/plan (4.8 Hz)
[ 29.05s] target 0 strict reach (22.5 mm) in 29.05 s
[121.98s] target 0 err=0.012 m | 585 plans, recent 164 ms/plan (4.8 Hz)
  reached_strict=True reached_5cm=True min_err=0.0078 violation=False safe_stall=False

=== [41/70] sqp_mpc target=5 (0.419, 0.357, 0.304) ===
loaded=/home/home/mbd/koopman/mbd_koopman/out/franka/models/bk_seed0.pt
SQP-MPC: 3 SQP re-freezes, act_dist 999.0, whole_arm=True, 1 box(es), 62 keep-out rows/step (compiled once, DPP)
warm-up: 3 throwaway plans
[  1.02s] target 0 err=0.637 m | 6 plans, recent 205 ms/plan (5.9 Hz)
[  2.05s] target 0 err=0.611 m | 12 plans, recent 189 ms/plan (5.9 Hz)
[  3.27s] target 0 err=0.615 m | 17 plans, recent 202 ms/plan (5.2 Hz)
[  4.47s] target 0 err=0.598 m | 22 plans, recent 214 ms/plan (4.9 Hz)
[  5.63s] target 0 err=0.576 m | 27 plans, recent 220 ms/plan (4.8 Hz)
[  6.73s] target 0 err=0.563 m | 32 plans, recent 233 ms/plan (4.8 Hz)
[  7.75s] target 0 err=0.563 m | 37 plans, recent 223 ms/plan (4.8 Hz)
[  8.95s] target 0 err=0.593 m | 42 plans, recent 225 ms/plan (4.7 Hz)
[ 10.05s] target 0 err=0.640 m | 47 plans, recent 221 ms/plan (4.7 Hz)
[ 11.20s] target 0 err=0.694 m | 52 plans, recent 221 ms/plan (4.6 Hz)
[ 12.20s] target 0 err=0.742 m | 56 plans, recent 231 ms/plan (4.6 Hz)
[ 13.32s] target 0 err=0.677 m | 61 plans, recent 223 ms/plan (4.6 Hz)
[ 14.53s] target 0 err=0.550 m | 66 plans, recent 237 ms/plan (4.5 Hz)
[ 15.57s] target 0 err=0.424 m | 70 plans, recent 241 ms/plan (4.5 Hz)
[ 16.61s] target 0 err=0.293 m | 74 plans, recent 244 ms/plan (4.5 Hz)
[ 17.73s] target 0 err=0.282 m | 79 plans, recent 244 ms/plan (4.5 Hz)
[ 18.95s] target 0 err=0.136 m | 84 plans, recent 243 ms/plan (4.4 Hz)
[ 19.98s] target 0 err=0.094 m | 89 plans, recent 228 ms/plan (4.5 Hz)
[ 21.19s] target 0 err=0.101 m | 94 plans, recent 226 ms/plan (4.4 Hz)
[ 22.38s] target 0 err=0.110 m | 99 plans, recent 232 ms/plan (4.4 Hz)
[ 23.40s] target 0 err=0.115 m | 103 plans, recent 235 ms/plan (4.4 Hz)
[ 24.66s] target 0 err=0.125 m | 108 plans, recent 243 ms/plan (4.4 Hz)
[ 25.66s] target 0 err=0.135 m | 112 plans, recent 250 ms/plan (4.4 Hz)
[ 26.89s] target 0 err=0.147 m | 117 plans, recent 248 ms/plan (4.4 Hz)
[ 28.07s] target 0 err=0.158 m | 122 plans, recent 245 ms/plan (4.3 Hz)
[ 29.25s] target 0 err=0.167 m | 127 plans, recent 240 ms/plan (4.3 Hz)
[ 30.45s] target 0 err=0.173 m | 132 plans, recent 235 ms/plan (4.3 Hz)
[ 31.63s] target 0 err=0.177 m | 137 plans, recent 240 ms/plan (4.3 Hz)
[ 32.75s] target 0 err=0.181 m | 142 plans, recent 229 ms/plan (4.3 Hz)
[ 33.93s] target 0 err=0.183 m | 147 plans, recent 232 ms/plan (4.3 Hz)
[ 35.07s] target 0 err=0.184 m | 152 plans, recent 228 ms/plan (4.3 Hz)
[ 36.23s] target 0 err=0.184 m | 157 plans, recent 222 ms/plan (4.3 Hz)
[ 37.34s] target 0 err=0.184 m | 162 plans, recent 229 ms/plan (4.3 Hz)
[ 38.41s] target 0 err=0.183 m | 167 plans, recent 222 ms/plan (4.3 Hz)
[ 39.44s] target 0 err=0.182 m | 172 plans, recent 223 ms/plan (4.4 Hz)
[ 40.48s] target 0 err=0.181 m | 176 plans, recent 220 ms/plan (4.3 Hz)
[ 41.49s] target 0 err=0.180 m | 181 plans, recent 220 ms/plan (4.4 Hz)
[ 42.55s] target 0 err=0.179 m | 186 plans, recent 215 ms/plan (4.4 Hz)
[ 43.69s] target 0 err=0.178 m | 192 plans, recent 212 ms/plan (4.4 Hz)
[ 44.77s] target 0 err=0.177 m | 197 plans, recent 204 ms/plan (4.4 Hz)
[ 45.82s] target 0 err=0.176 m | 202 plans, recent 201 ms/plan (4.4 Hz)
[ 46.88s] target 0 err=0.174 m | 208 plans, recent 198 ms/plan (4.4 Hz)
[ 47.89s] target 0 err=0.173 m | 213 plans, recent 199 ms/plan (4.4 Hz)
[ 49.08s] target 0 err=0.172 m | 218 plans, recent 206 ms/plan (4.4 Hz)
[ 50.08s] target 0 err=0.171 m | 222 plans, recent 216 ms/plan (4.4 Hz)
[ 51.33s] target 0 err=0.170 m | 227 plans, recent 231 ms/plan (4.4 Hz)
[ 52.49s] target 0 err=0.169 m | 232 plans, recent 243 ms/plan (4.4 Hz)
[ 53.51s] target 0 err=0.168 m | 236 plans, recent 244 ms/plan (4.4 Hz)
[ 54.56s] target 0 err=0.168 m | 240 plans, recent 246 ms/plan (4.4 Hz)
[ 55.75s] target 0 err=0.167 m | 245 plans, recent 245 ms/plan (4.4 Hz)
[ 56.79s] target 0 err=0.166 m | 249 plans, recent 256 ms/plan (4.4 Hz)
[ 57.89s] target 0 err=0.166 m | 254 plans, recent 239 ms/plan (4.4 Hz)
[ 59.05s] target 0 err=0.165 m | 259 plans, recent 236 ms/plan (4.4 Hz)
[ 60.14s] target 0 err=0.165 m | 263 plans, recent 245 ms/plan (4.4 Hz)
[ 61.15s] target 0 err=0.165 m | 267 plans, recent 241 ms/plan (4.4 Hz)
[ 62.39s] target 0 err=0.165 m | 272 plans, recent 247 ms/plan (4.4 Hz)
[ 63.62s] target 0 err=0.165 m | 278 plans, recent 242 ms/plan (4.4 Hz)
[ 64.62s] target 0 err=0.165 m | 282 plans, recent 237 ms/plan (4.4 Hz)
[ 65.74s] target 0 err=0.165 m | 287 plans, recent 225 ms/plan (4.4 Hz)
[ 66.75s] target 0 err=0.165 m | 292 plans, recent 213 ms/plan (4.4 Hz)
[ 67.91s] target 0 err=0.164 m | 297 plans, recent 225 ms/plan (4.4 Hz)
[ 69.07s] target 0 err=0.164 m | 302 plans, recent 215 ms/plan (4.4 Hz)
[ 70.25s] target 0 err=0.163 m | 307 plans, recent 229 ms/plan (4.4 Hz)
[ 71.35s] target 0 err=0.163 m | 312 plans, recent 233 ms/plan (4.4 Hz)
[ 72.56s] target 0 err=0.163 m | 317 plans, recent 231 ms/plan (4.4 Hz)
[ 73.57s] target 0 err=0.162 m | 321 plans, recent 238 ms/plan (4.4 Hz)
[ 74.61s] target 0 err=0.162 m | 325 plans, recent 238 ms/plan (4.4 Hz)
[ 75.65s] target 0 err=0.161 m | 330 plans, recent 238 ms/plan (4.4 Hz)
[ 76.70s] target 0 err=0.161 m | 334 plans, recent 241 ms/plan (4.4 Hz)
[ 77.85s] target 0 err=0.160 m | 339 plans, recent 239 ms/plan (4.4 Hz)
[ 79.02s] target 0 err=0.160 m | 344 plans, recent 232 ms/plan (4.4 Hz)
[ 80.03s] target 0 err=0.159 m | 348 plans, recent 243 ms/plan (4.3 Hz)
[ 81.15s] target 0 err=0.157 m | 352 plans, recent 244 ms/plan (4.3 Hz)
[ 82.28s] target 0 err=0.155 m | 357 plans, recent 245 ms/plan (4.3 Hz)
[ 83.32s] target 0 err=0.153 m | 361 plans, recent 252 ms/plan (4.3 Hz)
[ 84.56s] target 0 err=0.150 m | 366 plans, recent 249 ms/plan (4.3 Hz)
[ 85.75s] target 0 err=0.148 m | 371 plans, recent 243 ms/plan (4.3 Hz)
[ 86.86s] target 0 err=0.145 m | 375 plans, recent 252 ms/plan (4.3 Hz)
[ 87.92s] target 0 err=0.142 m | 380 plans, recent 239 ms/plan (4.3 Hz)
[ 89.19s] target 0 err=0.139 m | 385 plans, recent 244 ms/plan (4.3 Hz)
[ 90.27s] target 0 err=0.142 m | 389 plans, recent 248 ms/plan (4.3 Hz)
[ 91.46s] target 0 err=0.145 m | 394 plans, recent 238 ms/plan (4.3 Hz)
[ 92.46s] target 0 err=0.147 m | 398 plans, recent 249 ms/plan (4.3 Hz)
[ 93.51s] target 0 err=0.149 m | 402 plans, recent 254 ms/plan (4.3 Hz)
[ 94.56s] target 0 err=0.151 m | 406 plans, recent 254 ms/plan (4.3 Hz)
[ 95.57s] target 0 err=0.154 m | 410 plans, recent 257 ms/plan (4.3 Hz)
[ 96.64s] target 0 err=0.156 m | 414 plans, recent 263 ms/plan (4.3 Hz)
[ 97.75s] target 0 err=0.159 m | 419 plans, recent 251 ms/plan (4.3 Hz)
[ 98.78s] target 0 err=0.161 m | 423 plans, recent 248 ms/plan (4.3 Hz)
[100.05s] target 0 err=0.163 m | 428 plans, recent 246 ms/plan (4.3 Hz)
[101.16s] target 0 err=0.165 m | 432 plans, recent 251 ms/plan (4.3 Hz)
[102.22s] target 0 err=0.167 m | 436 plans, recent 258 ms/plan (4.3 Hz)
[103.23s] target 0 err=0.168 m | 440 plans, recent 260 ms/plan (4.3 Hz)
[104.30s] target 0 err=0.169 m | 444 plans, recent 267 ms/plan (4.3 Hz)
[105.53s] target 0 err=0.169 m | 449 plans, recent 259 ms/plan (4.3 Hz)
[106.67s] target 0 err=0.169 m | 454 plans, recent 245 ms/plan (4.3 Hz)
[107.69s] target 0 err=0.169 m | 458 plans, recent 241 ms/plan (4.3 Hz)
[108.74s] target 0 err=0.169 m | 463 plans, recent 235 ms/plan (4.3 Hz)
[109.81s] target 0 err=0.169 m | 467 plans, recent 241 ms/plan (4.3 Hz)
[110.92s] target 0 err=0.168 m | 471 plans, recent 249 ms/plan (4.2 Hz)
[111.95s] target 0 err=0.164 m | 475 plans, recent 247 ms/plan (4.2 Hz)
[113.02s] target 0 err=0.167 m | 480 plans, recent 243 ms/plan (4.2 Hz)
[114.20s] target 0 err=0.174 m | 485 plans, recent 246 ms/plan (4.2 Hz)
[115.31s] target 0 err=0.179 m | 489 plans, recent 244 ms/plan (4.2 Hz)
[116.51s] target 0 err=0.182 m | 494 plans, recent 241 ms/plan (4.2 Hz)
[117.62s] target 0 err=0.182 m | 498 plans, recent 252 ms/plan (4.2 Hz)
[118.64s] target 0 err=0.182 m | 502 plans, recent 262 ms/plan (4.2 Hz)
[119.67s] target 0 err=0.180 m | 506 plans, recent 259 ms/plan (4.2 Hz)
[120.80s] target 0 err=0.178 m | 511 plans, recent 251 ms/plan (4.2 Hz)
[122.03s] target 0 err=0.174 m | 516 plans, recent 246 ms/plan (4.2 Hz)
[123.20s] target 0 err=0.168 m | 521 plans, recent 241 ms/plan (4.2 Hz)
[124.39s] target 0 err=0.158 m | 526 plans, recent 235 ms/plan (4.2 Hz)
[125.43s] target 0 err=0.156 m | 530 plans, recent 245 ms/plan (4.2 Hz)
[126.68s] target 0 err=0.170 m | 535 plans, recent 243 ms/plan (4.2 Hz)
[127.69s] target 0 err=0.191 m | 539 plans, recent 251 ms/plan (4.2 Hz)
[128.77s] target 0 err=0.202 m | 543 plans, recent 256 ms/plan (4.2 Hz)
[129.79s] target 0 err=0.205 m | 547 plans, recent 255 ms/plan (4.2 Hz)
[130.84s] target 0 err=0.204 m | 551 plans, recent 255 ms/plan (4.2 Hz)
[131.90s] target 0 err=0.201 m | 555 plans, recent 262 ms/plan (4.2 Hz)
[132.96s] target 0 err=0.197 m | 559 plans, recent 259 ms/plan (4.2 Hz)
[134.08s] target 0 err=0.192 m | 564 plans, recent 254 ms/plan (4.2 Hz)
[135.16s] target 0 err=0.187 m | 568 plans, recent 254 ms/plan (4.2 Hz)
[136.27s] target 0 err=0.182 m | 572 plans, recent 259 ms/plan (4.2 Hz)
[137.35s] target 0 err=0.177 m | 576 plans, recent 255 ms/plan (4.2 Hz)
[138.56s] target 0 err=0.162 m | 581 plans, recent 257 ms/plan (4.2 Hz)
[139.73s] target 0 err=0.153 m | 586 plans, recent 254 ms/plan (4.2 Hz)
[140.82s] target 0 err=0.156 m | 590 plans, recent 249 ms/plan (4.2 Hz)
[141.83s] target 0 err=0.162 m | 595 plans, recent 233 ms/plan (4.2 Hz)
[142.92s] target 0 err=0.170 m | 600 plans, recent 229 ms/plan (4.2 Hz)
  reached_strict=False reached_5cm=False min_err=0.0933 violation=False safe_stall=True

=== [42/70] sqp_mpc target=6 (0.484, 0.325, 0.229) ===
loaded=/home/home/mbd/koopman/mbd_koopman/out/franka/models/bk_seed0.pt
SQP-MPC: 3 SQP re-freezes, act_dist 999.0, whole_arm=True, 1 box(es), 62 keep-out rows/step (compiled once, DPP)
warm-up: 3 throwaway plans
[  1.12s] target 0 err=0.606 m | 8 plans, recent 171 ms/plan (7.2 Hz)
[  2.25s] target 0 err=0.604 m | 13 plans, recent 192 ms/plan (5.8 Hz)
[  3.26s] target 0 err=0.621 m | 17 plans, recent 201 ms/plan (5.2 Hz)
[  4.35s] target 0 err=0.652 m | 22 plans, recent 210 ms/plan (5.1 Hz)
[  5.45s] target 0 err=0.668 m | 27 plans, recent 230 ms/plan (5.0 Hz)
[  6.54s] target 0 err=0.676 m | 32 plans, recent 218 ms/plan (4.9 Hz)
[  7.58s] target 0 err=0.683 m | 37 plans, recent 214 ms/plan (4.9 Hz)
[  8.61s] target 0 err=0.693 m | 43 plans, recent 202 ms/plan (5.0 Hz)
[  9.72s] target 0 err=0.708 m | 48 plans, recent 193 ms/plan (4.9 Hz)
[ 10.81s] target 0 err=0.735 m | 54 plans, recent 193 ms/plan (5.0 Hz)
[ 11.99s] target 0 err=0.767 m | 60 plans, recent 192 ms/plan (5.0 Hz)
[ 13.13s] target 0 err=0.808 m | 66 plans, recent 191 ms/plan (5.0 Hz)
[ 14.27s] target 0 err=0.840 m | 72 plans, recent 191 ms/plan (5.0 Hz)
[ 15.32s] target 0 err=0.854 m | 78 plans, recent 184 ms/plan (5.1 Hz)
[ 16.32s] target 0 err=0.856 m | 84 plans, recent 175 ms/plan (5.1 Hz)
[ 17.41s] target 0 err=0.794 m | 90 plans, recent 178 ms/plan (5.2 Hz)
[ 18.62s] target 0 err=0.632 m | 96 plans, recent 186 ms/plan (5.2 Hz)
[ 19.79s] target 0 err=0.542 m | 101 plans, recent 198 ms/plan (5.1 Hz)
[ 20.79s] target 0 err=0.494 m | 106 plans, recent 205 ms/plan (5.1 Hz)
[ 21.94s] target 0 err=0.509 m | 111 plans, recent 212 ms/plan (5.1 Hz)
[ 23.11s] target 0 err=0.551 m | 116 plans, recent 218 ms/plan (5.0 Hz)
[ 24.24s] target 0 err=0.597 m | 121 plans, recent 224 ms/plan (5.0 Hz)
[ 25.27s] target 0 err=0.655 m | 125 plans, recent 232 ms/plan (4.9 Hz)
[ 26.40s] target 0 err=0.723 m | 130 plans, recent 235 ms/plan (4.9 Hz)
[ 27.41s] target 0 err=0.743 m | 134 plans, recent 241 ms/plan (4.9 Hz)
[ 28.42s] target 0 err=0.701 m | 138 plans, recent 245 ms/plan (4.9 Hz)
[ 29.66s] target 0 err=0.667 m | 143 plans, recent 243 ms/plan (4.8 Hz)
[ 30.84s] target 0 err=0.637 m | 148 plans, recent 241 ms/plan (4.8 Hz)
[ 31.99s] target 0 err=0.624 m | 153 plans, recent 240 ms/plan (4.8 Hz)
[ 33.00s] target 0 err=0.630 m | 157 plans, recent 239 ms/plan (4.8 Hz)
[ 34.20s] target 0 err=0.651 m | 163 plans, recent 224 ms/plan (4.8 Hz)
[ 35.35s] target 0 err=0.663 m | 168 plans, recent 225 ms/plan (4.8 Hz)
[ 36.41s] target 0 err=0.666 m | 173 plans, recent 219 ms/plan (4.8 Hz)
[ 37.45s] target 0 err=0.663 m | 178 plans, recent 216 ms/plan (4.8 Hz)
[ 38.53s] target 0 err=0.653 m | 183 plans, recent 215 ms/plan (4.8 Hz)
[ 39.64s] target 0 err=0.641 m | 188 plans, recent 208 ms/plan (4.7 Hz)
[ 40.80s] target 0 err=0.630 m | 193 plans, recent 221 ms/plan (4.7 Hz)
[ 42.00s] target 0 err=0.623 m | 198 plans, recent 222 ms/plan (4.7 Hz)
[ 43.13s] target 0 err=0.621 m | 204 plans, recent 221 ms/plan (4.7 Hz)
[ 44.29s] target 0 err=0.621 m | 209 plans, recent 220 ms/plan (4.7 Hz)
[ 45.32s] target 0 err=0.621 m | 214 plans, recent 213 ms/plan (4.7 Hz)
[ 46.48s] target 0 err=0.621 m | 219 plans, recent 219 ms/plan (4.7 Hz)
[ 47.61s] target 0 err=0.619 m | 225 plans, recent 209 ms/plan (4.7 Hz)
[ 48.72s] target 0 err=0.616 m | 230 plans, recent 213 ms/plan (4.7 Hz)
[ 49.83s] target 0 err=0.611 m | 235 plans, recent 210 ms/plan (4.7 Hz)
[ 50.85s] target 0 err=0.609 m | 241 plans, recent 201 ms/plan (4.7 Hz)
[ 51.94s] target 0 err=0.609 m | 246 plans, recent 203 ms/plan (4.7 Hz)
[ 52.99s] target 0 err=0.610 m | 252 plans, recent 186 ms/plan (4.8 Hz)
[ 54.03s] target 0 err=0.611 m | 258 plans, recent 191 ms/plan (4.8 Hz)
[ 55.11s] target 0 err=0.613 m | 263 plans, recent 195 ms/plan (4.8 Hz)
[ 56.24s] target 0 err=0.613 m | 268 plans, recent 191 ms/plan (4.8 Hz)
[ 57.25s] target 0 err=0.613 m | 273 plans, recent 211 ms/plan (4.8 Hz)
[ 58.26s] target 0 err=0.615 m | 278 plans, recent 215 ms/plan (4.8 Hz)
[ 59.33s] target 0 err=0.619 m | 282 plans, recent 224 ms/plan (4.8 Hz)
[ 60.44s] target 0 err=0.623 m | 286 plans, recent 229 ms/plan (4.7 Hz)
[ 61.44s] target 0 err=0.625 m | 291 plans, recent 231 ms/plan (4.7 Hz)
[ 62.62s] target 0 err=0.625 m | 296 plans, recent 240 ms/plan (4.7 Hz)
[ 63.66s] target 0 err=0.621 m | 300 plans, recent 238 ms/plan (4.7 Hz)
[ 64.92s] target 0 err=0.617 m | 305 plans, recent 237 ms/plan (4.7 Hz)
[ 65.96s] target 0 err=0.613 m | 309 plans, recent 248 ms/plan (4.7 Hz)
[ 66.97s] target 0 err=0.615 m | 313 plans, recent 247 ms/plan (4.7 Hz)
[ 68.20s] target 0 err=0.619 m | 318 plans, recent 252 ms/plan (4.7 Hz)
[ 69.29s] target 0 err=0.621 m | 322 plans, recent 256 ms/plan (4.6 Hz)
[ 70.32s] target 0 err=0.617 m | 327 plans, recent 242 ms/plan (4.7 Hz)
[ 71.35s] target 0 err=0.613 m | 331 plans, recent 242 ms/plan (4.6 Hz)
[ 72.38s] target 0 err=0.614 m | 335 plans, recent 247 ms/plan (4.6 Hz)
[ 73.55s] target 0 err=0.623 m | 340 plans, recent 234 ms/plan (4.6 Hz)
[ 74.71s] target 0 err=0.623 m | 345 plans, recent 239 ms/plan (4.6 Hz)
[ 75.83s] target 0 err=0.617 m | 350 plans, recent 237 ms/plan (4.6 Hz)
[ 77.03s] target 0 err=0.612 m | 355 plans, recent 223 ms/plan (4.6 Hz)
[ 78.21s] target 0 err=0.619 m | 360 plans, recent 235 ms/plan (4.6 Hz)
[ 79.37s] target 0 err=0.630 m | 365 plans, recent 236 ms/plan (4.6 Hz)
[ 80.40s] target 0 err=0.623 m | 369 plans, recent 238 ms/plan (4.6 Hz)
[ 81.41s] target 0 err=0.616 m | 373 plans, recent 246 ms/plan (4.6 Hz)
[ 82.42s] target 0 err=0.612 m | 377 plans, recent 251 ms/plan (4.6 Hz)
[ 83.68s] target 0 err=0.624 m | 382 plans, recent 250 ms/plan (4.6 Hz)
[ 84.76s] target 0 err=0.627 m | 387 plans, recent 241 ms/plan (4.6 Hz)
[ 85.96s] target 0 err=0.621 m | 392 plans, recent 241 ms/plan (4.6 Hz)
[ 87.03s] target 0 err=0.618 m | 396 plans, recent 236 ms/plan (4.6 Hz)
[ 88.19s] target 0 err=0.618 m | 401 plans, recent 239 ms/plan (4.5 Hz)
[ 89.28s] target 0 err=0.628 m | 405 plans, recent 249 ms/plan (4.5 Hz)
[ 90.30s] target 0 err=0.625 m | 410 plans, recent 243 ms/plan (4.5 Hz)
[ 91.56s] target 0 err=0.622 m | 415 plans, recent 240 ms/plan (4.5 Hz)
[ 92.72s] target 0 err=0.621 m | 420 plans, recent 237 ms/plan (4.5 Hz)
[ 93.90s] target 0 err=0.622 m | 425 plans, recent 223 ms/plan (4.5 Hz)
[ 94.97s] target 0 err=0.621 m | 431 plans, recent 222 ms/plan (4.5 Hz)
[ 95.98s] target 0 err=0.620 m | 435 plans, recent 217 ms/plan (4.5 Hz)
[ 97.14s] target 0 err=0.621 m | 440 plans, recent 222 ms/plan (4.5 Hz)
[ 98.28s] target 0 err=0.622 m | 445 plans, recent 226 ms/plan (4.5 Hz)
[ 99.40s] target 0 err=0.626 m | 450 plans, recent 230 ms/plan (4.5 Hz)
[100.43s] target 0 err=0.621 m | 455 plans, recent 224 ms/plan (4.5 Hz)
[101.66s] target 0 err=0.619 m | 460 plans, recent 225 ms/plan (4.5 Hz)
[102.71s] target 0 err=0.619 m | 465 plans, recent 216 ms/plan (4.5 Hz)
[103.91s] target 0 err=0.624 m | 470 plans, recent 222 ms/plan (4.5 Hz)
[104.95s] target 0 err=0.625 m | 475 plans, recent 224 ms/plan (4.5 Hz)
[106.02s] target 0 err=0.618 m | 479 plans, recent 231 ms/plan (4.5 Hz)
[107.12s] target 0 err=0.615 m | 483 plans, recent 242 ms/plan (4.5 Hz)
[108.31s] target 0 err=0.621 m | 488 plans, recent 236 ms/plan (4.5 Hz)
[109.34s] target 0 err=0.631 m | 493 plans, recent 244 ms/plan (4.5 Hz)
[110.34s] target 0 err=0.622 m | 497 plans, recent 242 ms/plan (4.5 Hz)
[111.60s] target 0 err=0.612 m | 502 plans, recent 237 ms/plan (4.5 Hz)
[112.83s] target 0 err=0.614 m | 507 plans, recent 239 ms/plan (4.5 Hz)
[114.06s] target 0 err=0.627 m | 512 plans, recent 249 ms/plan (4.5 Hz)
[115.08s] target 0 err=0.625 m | 516 plans, recent 249 ms/plan (4.5 Hz)
[116.11s] target 0 err=0.618 m | 520 plans, recent 252 ms/plan (4.5 Hz)
[117.32s] target 0 err=0.612 m | 525 plans, recent 244 ms/plan (4.5 Hz)
[118.46s] target 0 err=0.623 m | 530 plans, recent 245 ms/plan (4.5 Hz)
[119.59s] target 0 err=0.628 m | 535 plans, recent 238 ms/plan (4.5 Hz)
[120.76s] target 0 err=0.620 m | 540 plans, recent 231 ms/plan (4.5 Hz)
[121.81s] target 0 err=0.616 m | 544 plans, recent 232 ms/plan (4.5 Hz)
[122.82s] target 0 err=0.615 m | 549 plans, recent 227 ms/plan (4.5 Hz)
[123.91s] target 0 err=0.629 m | 554 plans, recent 227 ms/plan (4.5 Hz)
[124.97s] target 0 err=0.626 m | 558 plans, recent 231 ms/plan (4.5 Hz)
[126.20s] target 0 err=0.618 m | 563 plans, recent 232 ms/plan (4.5 Hz)
[127.43s] target 0 err=0.613 m | 568 plans, recent 243 ms/plan (4.5 Hz)
[128.43s] target 0 err=0.621 m | 572 plans, recent 246 ms/plan (4.5 Hz)
[129.51s] target 0 err=0.628 m | 576 plans, recent 249 ms/plan (4.4 Hz)
[130.72s] target 0 err=0.622 m | 581 plans, recent 252 ms/plan (4.4 Hz)
[131.81s] target 0 err=0.618 m | 585 plans, recent 247 ms/plan (4.4 Hz)
[133.08s] target 0 err=0.618 m | 591 plans, recent 240 ms/plan (4.4 Hz)
[134.20s] target 0 err=0.629 m | 596 plans, recent 235 ms/plan (4.4 Hz)
  reached_strict=False reached_5cm=False min_err=0.4920 violation=False safe_stall=True

=== [43/70] sqp_mpc target=7 (0.428, 0.353, 0.307) ===
loaded=/home/home/mbd/koopman/mbd_koopman/out/franka/models/bk_seed0.pt
SQP-MPC: 3 SQP re-freezes, act_dist 999.0, whole_arm=True, 1 box(es), 62 keep-out rows/step (compiled once, DPP)
warm-up: 3 throwaway plans
[  1.08s] target 0 err=0.666 m | 6 plans, recent 209 ms/plan (5.6 Hz)
[  2.30s] target 0 err=0.604 m | 12 plans, recent 205 ms/plan (5.2 Hz)
[  3.41s] target 0 err=0.533 m | 17 plans, recent 211 ms/plan (5.0 Hz)
[  4.56s] target 0 err=0.554 m | 23 plans, recent 207 ms/plan (5.0 Hz)
[  5.69s] target 0 err=0.495 m | 28 plans, recent 211 ms/plan (4.9 Hz)
[  6.83s] target 0 err=0.488 m | 35 plans, recent 188 ms/plan (5.1 Hz)
[  7.83s] target 0 err=0.483 m | 40 plans, recent 193 ms/plan (5.1 Hz)
[  8.95s] target 0 err=0.499 m | 45 plans, recent 197 ms/plan (5.0 Hz)
[ 10.01s] target 0 err=0.505 m | 49 plans, recent 209 ms/plan (4.9 Hz)
[ 11.14s] target 0 err=0.481 m | 54 plans, recent 223 ms/plan (4.8 Hz)
[ 12.20s] target 0 err=0.482 m | 59 plans, recent 227 ms/plan (4.8 Hz)
[ 13.26s] target 0 err=0.500 m | 64 plans, recent 226 ms/plan (4.8 Hz)
[ 14.46s] target 0 err=0.554 m | 69 plans, recent 220 ms/plan (4.8 Hz)
[ 15.49s] target 0 err=0.618 m | 74 plans, recent 216 ms/plan (4.8 Hz)
[ 16.58s] target 0 err=0.696 m | 79 plans, recent 218 ms/plan (4.8 Hz)
[ 17.70s] target 0 err=0.699 m | 84 plans, recent 220 ms/plan (4.7 Hz)
[ 18.96s] target 0 err=0.663 m | 89 plans, recent 224 ms/plan (4.7 Hz)
[ 20.10s] target 0 err=0.630 m | 94 plans, recent 227 ms/plan (4.7 Hz)
[ 21.32s] target 0 err=0.644 m | 101 plans, recent 219 ms/plan (4.7 Hz)
[ 22.36s] target 0 err=0.626 m | 105 plans, recent 225 ms/plan (4.7 Hz)
[ 23.56s] target 0 err=0.645 m | 110 plans, recent 215 ms/plan (4.7 Hz)
[ 24.63s] target 0 err=0.696 m | 115 plans, recent 225 ms/plan (4.7 Hz)
[ 25.69s] target 0 err=0.585 m | 119 plans, recent 243 ms/plan (4.6 Hz)
[ 26.92s] target 0 err=0.408 m | 124 plans, recent 237 ms/plan (4.6 Hz)
[ 27.95s] target 0 err=0.320 m | 129 plans, recent 227 ms/plan (4.6 Hz)
[ 29.18s] target 0 err=0.444 m | 136 plans, recent 214 ms/plan (4.7 Hz)
[ 30.37s] target 0 err=0.563 m | 141 plans, recent 206 ms/plan (4.6 Hz)
[ 31.48s] target 0 err=0.685 m | 146 plans, recent 201 ms/plan (4.6 Hz)
[ 32.53s] target 0 err=0.767 m | 153 plans, recent 196 ms/plan (4.7 Hz)
[ 33.58s] target 0 err=0.782 m | 159 plans, recent 178 ms/plan (4.7 Hz)
[ 34.70s] target 0 err=0.707 m | 166 plans, recent 162 ms/plan (4.8 Hz)
[ 35.75s] target 0 err=0.619 m | 175 plans, recent 136 ms/plan (4.9 Hz)
[ 36.86s] target 0 err=0.596 m | 183 plans, recent 134 ms/plan (5.0 Hz)
[ 37.88s] target 0 err=0.530 m | 189 plans, recent 138 ms/plan (5.0 Hz)
[ 39.01s] target 0 err=0.440 m | 195 plans, recent 172 ms/plan (5.0 Hz)
[ 40.11s] target 0 err=0.411 m | 199 plans, recent 200 ms/plan (5.0 Hz)
[ 41.35s] target 0 err=0.405 m | 204 plans, recent 217 ms/plan (4.9 Hz)
[ 42.37s] target 0 err=0.409 m | 208 plans, recent 237 ms/plan (4.9 Hz)
[ 43.43s] target 0 err=0.405 m | 212 plans, recent 255 ms/plan (4.9 Hz)
[ 44.46s] target 0 err=0.382 m | 217 plans, recent 239 ms/plan (4.9 Hz)
[ 45.48s] target 0 err=0.331 m | 224 plans, recent 207 ms/plan (4.9 Hz)
[ 46.57s] target 0 err=0.320 m | 229 plans, recent 193 ms/plan (4.9 Hz)
[ 47.65s] target 0 err=0.298 m | 235 plans, recent 178 ms/plan (4.9 Hz)
[ 48.80s] target 0 err=0.347 m | 240 plans, recent 192 ms/plan (4.9 Hz)
[ 49.91s] target 0 err=0.313 m | 245 plans, recent 205 ms/plan (4.9 Hz)
[ 51.09s] target 0 err=0.266 m | 251 plans, recent 210 ms/plan (4.9 Hz)
[ 52.14s] target 0 err=0.272 m | 257 plans, recent 200 ms/plan (4.9 Hz)
[ 53.24s] target 0 err=0.273 m | 262 plans, recent 204 ms/plan (4.9 Hz)
[ 54.33s] target 0 err=0.267 m | 267 plans, recent 202 ms/plan (4.9 Hz)
[ 55.49s] target 0 err=0.273 m | 273 plans, recent 201 ms/plan (4.9 Hz)
[ 56.53s] target 0 err=0.281 m | 277 plans, recent 221 ms/plan (4.9 Hz)
[ 57.56s] target 0 err=0.280 m | 283 plans, recent 197 ms/plan (4.9 Hz)
[ 58.60s] target 0 err=0.278 m | 290 plans, recent 187 ms/plan (4.9 Hz)
[ 59.64s] target 0 err=0.277 m | 295 plans, recent 174 ms/plan (4.9 Hz)
[ 60.73s] target 0 err=0.278 m | 302 plans, recent 168 ms/plan (5.0 Hz)
[ 61.99s] target 0 err=0.279 m | 308 plans, recent 191 ms/plan (5.0 Hz)
[ 63.09s] target 0 err=0.280 m | 314 plans, recent 176 ms/plan (5.0 Hz)
[ 64.10s] target 0 err=0.281 m | 319 plans, recent 187 ms/plan (5.0 Hz)
[ 65.13s] target 0 err=0.285 m | 329 plans, recent 143 ms/plan (5.1 Hz)
[ 66.19s] target 0 err=0.282 m | 336 plans, recent 143 ms/plan (5.1 Hz)
[ 67.24s] target 0 err=0.284 m | 343 plans, recent 140 ms/plan (5.1 Hz)
[ 68.26s] target 0 err=0.283 m | 350 plans, recent 147 ms/plan (5.1 Hz)
[ 69.33s] target 0 err=0.283 m | 357 plans, recent 147 ms/plan (5.1 Hz)
[ 70.49s] target 0 err=0.282 m | 363 plans, recent 161 ms/plan (5.1 Hz)
[ 71.54s] target 0 err=0.284 m | 372 plans, recent 145 ms/plan (5.2 Hz)
[ 72.66s] target 0 err=0.283 m | 380 plans, recent 134 ms/plan (5.2 Hz)
[ 73.71s] target 0 err=0.281 m | 387 plans, recent 136 ms/plan (5.3 Hz)
[ 74.84s] target 0 err=0.280 m | 396 plans, recent 137 ms/plan (5.3 Hz)
[ 75.94s] target 0 err=0.280 m | 403 plans, recent 138 ms/plan (5.3 Hz)
[ 77.08s] target 0 err=0.280 m | 409 plans, recent 161 ms/plan (5.3 Hz)
[ 78.11s] target 0 err=0.280 m | 414 plans, recent 181 ms/plan (5.3 Hz)
[ 79.21s] target 0 err=0.281 m | 422 plans, recent 171 ms/plan (5.3 Hz)
[ 80.29s] target 0 err=0.283 m | 428 plans, recent 164 ms/plan (5.3 Hz)
[ 81.48s] target 0 err=0.283 m | 435 plans, recent 153 ms/plan (5.3 Hz)
[ 82.53s] target 0 err=0.284 m | 442 plans, recent 165 ms/plan (5.4 Hz)
[ 83.56s] target 0 err=0.284 m | 448 plans, recent 171 ms/plan (5.4 Hz)
[ 84.66s] target 0 err=0.286 m | 454 plans, recent 169 ms/plan (5.4 Hz)
[ 85.80s] target 0 err=0.288 m | 460 plans, recent 175 ms/plan (5.4 Hz)
[ 86.96s] target 0 err=0.289 m | 466 plans, recent 188 ms/plan (5.4 Hz)
[ 88.00s] target 0 err=0.290 m | 471 plans, recent 189 ms/plan (5.4 Hz)
[ 89.00s] target 0 err=0.289 m | 476 plans, recent 198 ms/plan (5.3 Hz)
[ 90.22s] target 0 err=0.289 m | 482 plans, recent 207 ms/plan (5.3 Hz)
[ 91.29s] target 0 err=0.290 m | 488 plans, recent 192 ms/plan (5.3 Hz)
[ 92.35s] target 0 err=0.292 m | 495 plans, recent 174 ms/plan (5.4 Hz)
[ 93.39s] target 0 err=0.292 m | 501 plans, recent 167 ms/plan (5.4 Hz)
[ 94.50s] target 0 err=0.291 m | 507 plans, recent 169 ms/plan (5.4 Hz)
[ 95.73s] target 0 err=0.289 m | 513 plans, recent 183 ms/plan (5.4 Hz)
[ 96.81s] target 0 err=0.287 m | 519 plans, recent 188 ms/plan (5.4 Hz)
[ 97.87s] target 0 err=0.288 m | 525 plans, recent 185 ms/plan (5.4 Hz)
[ 98.89s] target 0 err=0.288 m | 531 plans, recent 177 ms/plan (5.4 Hz)
[ 99.97s] target 0 err=0.287 m | 537 plans, recent 180 ms/plan (5.4 Hz)
[101.02s] target 0 err=0.284 m | 543 plans, recent 174 ms/plan (5.4 Hz)
[102.16s] target 0 err=0.283 m | 549 plans, recent 181 ms/plan (5.4 Hz)
[103.27s] target 0 err=0.283 m | 556 plans, recent 172 ms/plan (5.4 Hz)
[104.40s] target 0 err=0.283 m | 562 plans, recent 177 ms/plan (5.4 Hz)
[105.47s] target 0 err=0.283 m | 568 plans, recent 174 ms/plan (5.4 Hz)
[106.65s] target 0 err=0.281 m | 574 plans, recent 189 ms/plan (5.4 Hz)
[107.69s] target 0 err=0.281 m | 579 plans, recent 196 ms/plan (5.4 Hz)
[108.70s] target 0 err=0.276 m | 584 plans, recent 196 ms/plan (5.4 Hz)
[109.76s] target 0 err=0.270 m | 589 plans, recent 204 ms/plan (5.4 Hz)
[110.82s] target 0 err=0.266 m | 594 plans, recent 205 ms/plan (5.4 Hz)
[111.94s] target 0 err=0.263 m | 599 plans, recent 207 ms/plan (5.4 Hz)
  reached_strict=False reached_5cm=False min_err=0.2622 violation=False safe_stall=True

=== [44/70] sqp_mpc target=8 (0.545, 0.335, 0.299) ===
loaded=/home/home/mbd/koopman/mbd_koopman/out/franka/models/bk_seed0.pt
SQP-MPC: 3 SQP re-freezes, act_dist 999.0, whole_arm=True, 1 box(es), 62 keep-out rows/step (compiled once, DPP)
warm-up: 3 throwaway plans
[  1.15s] target 0 err=0.682 m | 7 plans, recent 183 ms/plan (6.1 Hz)
[  2.33s] target 0 err=0.594 m | 13 plans, recent 197 ms/plan (5.6 Hz)
[  3.53s] target 0 err=0.550 m | 18 plans, recent 206 ms/plan (5.1 Hz)
[  4.80s] target 0 err=0.492 m | 23 plans, recent 225 ms/plan (4.8 Hz)
[  5.86s] target 0 err=0.468 m | 28 plans, recent 227 ms/plan (4.8 Hz)
[  6.94s] target 0 err=0.447 m | 33 plans, recent 227 ms/plan (4.8 Hz)
[  8.04s] target 0 err=0.459 m | 38 plans, recent 227 ms/plan (4.7 Hz)
[  9.22s] target 0 err=0.513 m | 43 plans, recent 220 ms/plan (4.7 Hz)
[ 10.41s] target 0 err=0.572 m | 48 plans, recent 229 ms/plan (4.6 Hz)
[ 11.51s] target 0 err=0.611 m | 52 plans, recent 237 ms/plan (4.5 Hz)
[ 12.64s] target 0 err=0.668 m | 57 plans, recent 242 ms/plan (4.5 Hz)
[ 13.67s] target 0 err=0.649 m | 61 plans, recent 247 ms/plan (4.5 Hz)
[ 14.87s] target 0 err=0.623 m | 66 plans, recent 250 ms/plan (4.4 Hz)
[ 15.93s] target 0 err=0.588 m | 70 plans, recent 248 ms/plan (4.4 Hz)
[ 17.04s] target 0 err=0.559 m | 74 plans, recent 255 ms/plan (4.3 Hz)
[ 18.05s] target 0 err=0.545 m | 78 plans, recent 253 ms/plan (4.3 Hz)
[ 19.26s] target 0 err=0.541 m | 83 plans, recent 257 ms/plan (4.3 Hz)
[ 20.40s] target 0 err=0.543 m | 88 plans, recent 248 ms/plan (4.3 Hz)
[ 21.55s] target 0 err=0.551 m | 93 plans, recent 238 ms/plan (4.3 Hz)
[ 22.74s] target 0 err=0.565 m | 98 plans, recent 235 ms/plan (4.3 Hz)
[ 23.90s] target 0 err=0.583 m | 103 plans, recent 231 ms/plan (4.3 Hz)
[ 25.06s] target 0 err=0.599 m | 108 plans, recent 230 ms/plan (4.3 Hz)
[ 26.21s] target 0 err=0.615 m | 113 plans, recent 231 ms/plan (4.3 Hz)
[ 27.25s] target 0 err=0.633 m | 117 plans, recent 238 ms/plan (4.3 Hz)
[ 28.26s] target 0 err=0.655 m | 121 plans, recent 245 ms/plan (4.3 Hz)
[ 29.49s] target 0 err=0.681 m | 126 plans, recent 242 ms/plan (4.3 Hz)
[ 30.51s] target 0 err=0.698 m | 130 plans, recent 250 ms/plan (4.3 Hz)
[ 31.71s] target 0 err=0.706 m | 135 plans, recent 244 ms/plan (4.3 Hz)
[ 32.92s] target 0 err=0.702 m | 140 plans, recent 246 ms/plan (4.3 Hz)
[ 34.04s] target 0 err=0.705 m | 144 plans, recent 248 ms/plan (4.2 Hz)
[ 35.19s] target 0 err=0.683 m | 149 plans, recent 247 ms/plan (4.2 Hz)
[ 36.22s] target 0 err=0.666 m | 153 plans, recent 250 ms/plan (4.2 Hz)
[ 37.47s] target 0 err=0.677 m | 158 plans, recent 251 ms/plan (4.2 Hz)
[ 38.66s] target 0 err=0.689 m | 163 plans, recent 241 ms/plan (4.2 Hz)
[ 39.80s] target 0 err=0.686 m | 168 plans, recent 238 ms/plan (4.2 Hz)
[ 40.99s] target 0 err=0.677 m | 174 plans, recent 229 ms/plan (4.2 Hz)
[ 42.22s] target 0 err=0.666 m | 180 plans, recent 212 ms/plan (4.3 Hz)
[ 43.42s] target 0 err=0.656 m | 186 plans, recent 206 ms/plan (4.3 Hz)
[ 44.50s] target 0 err=0.661 m | 191 plans, recent 207 ms/plan (4.3 Hz)
[ 45.67s] target 0 err=0.680 m | 196 plans, recent 209 ms/plan (4.3 Hz)
[ 46.90s] target 0 err=0.700 m | 202 plans, recent 216 ms/plan (4.3 Hz)
[ 48.06s] target 0 err=0.707 m | 207 plans, recent 219 ms/plan (4.3 Hz)
[ 49.18s] target 0 err=0.715 m | 212 plans, recent 222 ms/plan (4.3 Hz)
[ 50.18s] target 0 err=0.728 m | 217 plans, recent 216 ms/plan (4.3 Hz)
[ 51.35s] target 0 err=0.729 m | 222 plans, recent 223 ms/plan (4.3 Hz)
[ 52.44s] target 0 err=0.725 m | 227 plans, recent 218 ms/plan (4.3 Hz)
[ 53.45s] target 0 err=0.721 m | 232 plans, recent 214 ms/plan (4.3 Hz)
[ 54.65s] target 0 err=0.715 m | 237 plans, recent 227 ms/plan (4.3 Hz)
[ 55.78s] target 0 err=0.717 m | 241 plans, recent 234 ms/plan (4.3 Hz)
[ 56.81s] target 0 err=0.725 m | 245 plans, recent 239 ms/plan (4.3 Hz)
[ 58.05s] target 0 err=0.729 m | 250 plans, recent 243 ms/plan (4.3 Hz)
[ 59.19s] target 0 err=0.724 m | 255 plans, recent 252 ms/plan (4.3 Hz)
[ 60.23s] target 0 err=0.713 m | 259 plans, recent 246 ms/plan (4.3 Hz)
[ 61.39s] target 0 err=0.713 m | 264 plans, recent 242 ms/plan (4.3 Hz)
[ 62.40s] target 0 err=0.723 m | 268 plans, recent 241 ms/plan (4.3 Hz)
[ 63.42s] target 0 err=0.736 m | 272 plans, recent 243 ms/plan (4.3 Hz)
[ 64.64s] target 0 err=0.726 m | 277 plans, recent 247 ms/plan (4.3 Hz)
[ 65.73s] target 0 err=0.734 m | 281 plans, recent 255 ms/plan (4.3 Hz)
[ 66.86s] target 0 err=0.742 m | 286 plans, recent 244 ms/plan (4.3 Hz)
[ 67.96s] target 0 err=0.733 m | 290 plans, recent 249 ms/plan (4.3 Hz)
[ 69.11s] target 0 err=0.712 m | 295 plans, recent 248 ms/plan (4.3 Hz)
[ 70.30s] target 0 err=0.709 m | 300 plans, recent 241 ms/plan (4.3 Hz)
[ 71.44s] target 0 err=0.724 m | 304 plans, recent 253 ms/plan (4.3 Hz)
[ 72.51s] target 0 err=0.738 m | 308 plans, recent 252 ms/plan (4.2 Hz)
[ 73.58s] target 0 err=0.741 m | 314 plans, recent 229 ms/plan (4.3 Hz)
[ 74.70s] target 0 err=0.736 m | 320 plans, recent 217 ms/plan (4.3 Hz)
[ 75.98s] target 0 err=0.729 m | 325 plans, recent 213 ms/plan (4.3 Hz)
[ 77.10s] target 0 err=0.722 m | 330 plans, recent 204 ms/plan (4.3 Hz)
[ 78.25s] target 0 err=0.719 m | 335 plans, recent 225 ms/plan (4.3 Hz)
[ 79.45s] target 0 err=0.719 m | 341 plans, recent 225 ms/plan (4.3 Hz)
[ 80.46s] target 0 err=0.721 m | 347 plans, recent 195 ms/plan (4.3 Hz)
[ 81.65s] target 0 err=0.724 m | 353 plans, recent 192 ms/plan (4.3 Hz)
[ 82.76s] target 0 err=0.726 m | 358 plans, recent 200 ms/plan (4.3 Hz)
[ 83.87s] target 0 err=0.728 m | 363 plans, recent 201 ms/plan (4.3 Hz)
[ 85.02s] target 0 err=0.730 m | 368 plans, recent 221 ms/plan (4.3 Hz)
[ 86.27s] target 0 err=0.733 m | 373 plans, recent 230 ms/plan (4.3 Hz)
[ 87.35s] target 0 err=0.735 m | 378 plans, recent 224 ms/plan (4.3 Hz)
[ 88.52s] target 0 err=0.731 m | 383 plans, recent 230 ms/plan (4.3 Hz)
[ 89.55s] target 0 err=0.730 m | 388 plans, recent 222 ms/plan (4.3 Hz)
[ 90.70s] target 0 err=0.726 m | 393 plans, recent 220 ms/plan (4.3 Hz)
[ 91.81s] target 0 err=0.716 m | 398 plans, recent 225 ms/plan (4.3 Hz)
[ 92.84s] target 0 err=0.717 m | 402 plans, recent 228 ms/plan (4.3 Hz)
[ 93.94s] target 0 err=0.730 m | 406 plans, recent 244 ms/plan (4.3 Hz)
[ 95.04s] target 0 err=0.727 m | 410 plans, recent 253 ms/plan (4.3 Hz)
[ 96.09s] target 0 err=0.711 m | 414 plans, recent 259 ms/plan (4.3 Hz)
[ 97.16s] target 0 err=0.710 m | 418 plans, recent 268 ms/plan (4.3 Hz)
[ 98.31s] target 0 err=0.719 m | 422 plans, recent 268 ms/plan (4.3 Hz)
[ 99.42s] target 0 err=0.732 m | 427 plans, recent 260 ms/plan (4.3 Hz)
[100.46s] target 0 err=0.727 m | 431 plans, recent 256 ms/plan (4.3 Hz)
[101.47s] target 0 err=0.736 m | 435 plans, recent 251 ms/plan (4.3 Hz)
[102.48s] target 0 err=0.729 m | 439 plans, recent 251 ms/plan (4.3 Hz)
[103.49s] target 0 err=0.723 m | 443 plans, recent 251 ms/plan (4.3 Hz)
[104.77s] target 0 err=0.721 m | 448 plans, recent 257 ms/plan (4.3 Hz)
[105.92s] target 0 err=0.730 m | 452 plans, recent 263 ms/plan (4.3 Hz)
[107.09s] target 0 err=0.733 m | 458 plans, recent 237 ms/plan (4.3 Hz)
[108.22s] target 0 err=0.726 m | 466 plans, recent 191 ms/plan (4.3 Hz)
[109.35s] target 0 err=0.723 m | 474 plans, recent 143 ms/plan (4.3 Hz)
[110.40s] target 0 err=0.725 m | 482 plans, recent 141 ms/plan (4.4 Hz)
[111.49s] target 0 err=0.727 m | 489 plans, recent 145 ms/plan (4.4 Hz)
[112.55s] target 0 err=0.730 m | 496 plans, recent 146 ms/plan (4.4 Hz)
[113.68s] target 0 err=0.731 m | 504 plans, recent 146 ms/plan (4.4 Hz)
[114.76s] target 0 err=0.732 m | 512 plans, recent 134 ms/plan (4.5 Hz)
[115.89s] target 0 err=0.732 m | 520 plans, recent 136 ms/plan (4.5 Hz)
[116.98s] target 0 err=0.731 m | 528 plans, recent 140 ms/plan (4.5 Hz)
[118.08s] target 0 err=0.731 m | 537 plans, recent 130 ms/plan (4.5 Hz)
[119.19s] target 0 err=0.731 m | 548 plans, recent 109 ms/plan (4.6 Hz)
[120.20s] target 0 err=0.731 m | 556 plans, recent 111 ms/plan (4.6 Hz)
[121.25s] target 0 err=0.731 m | 565 plans, recent 120 ms/plan (4.7 Hz)
[122.27s] target 0 err=0.730 m | 572 plans, recent 130 ms/plan (4.7 Hz)
[123.36s] target 0 err=0.730 m | 580 plans, recent 132 ms/plan (4.7 Hz)
[124.46s] target 0 err=0.730 m | 589 plans, recent 130 ms/plan (4.7 Hz)
[125.48s] target 0 err=0.730 m | 598 plans, recent 124 ms/plan (4.8 Hz)
  reached_strict=False reached_5cm=False min_err=0.4467 violation=False safe_stall=True

=== [45/70] sqp_mpc target=9 (0.502, 0.331, 0.213) ===
loaded=/home/home/mbd/koopman/mbd_koopman/out/franka/models/bk_seed0.pt
SQP-MPC: 3 SQP re-freezes, act_dist 999.0, whole_arm=True, 1 box(es), 62 keep-out rows/step (compiled once, DPP)
warm-up: 3 throwaway plans
[  1.02s] target 0 err=0.636 m | 6 plans, recent 211 ms/plan (5.9 Hz)
[  2.14s] target 0 err=0.617 m | 11 plans, recent 208 ms/plan (5.1 Hz)
[  3.39s] target 0 err=0.637 m | 17 plans, recent 216 ms/plan (5.0 Hz)
[  4.46s] target 0 err=0.668 m | 21 plans, recent 224 ms/plan (4.7 Hz)
[  5.52s] target 0 err=0.691 m | 25 plans, recent 238 ms/plan (4.5 Hz)
[  6.60s] target 0 err=0.706 m | 29 plans, recent 241 ms/plan (4.4 Hz)
[  7.62s] target 0 err=0.723 m | 34 plans, recent 249 ms/plan (4.5 Hz)
[  8.64s] target 0 err=0.745 m | 40 plans, recent 212 ms/plan (4.6 Hz)
[  9.69s] target 0 err=0.764 m | 45 plans, recent 205 ms/plan (4.6 Hz)
[ 10.77s] target 0 err=0.792 m | 52 plans, recent 177 ms/plan (4.8 Hz)
[ 11.84s] target 0 err=0.820 m | 59 plans, recent 168 ms/plan (5.0 Hz)
[ 12.98s] target 0 err=0.846 m | 64 plans, recent 174 ms/plan (4.9 Hz)
[ 13.98s] target 0 err=0.872 m | 70 plans, recent 176 ms/plan (5.0 Hz)
[ 15.07s] target 0 err=0.874 m | 77 plans, recent 177 ms/plan (5.1 Hz)
[ 16.21s] target 0 err=0.812 m | 83 plans, recent 173 ms/plan (5.1 Hz)
[ 17.23s] target 0 err=0.668 m | 88 plans, recent 179 ms/plan (5.1 Hz)
[ 18.27s] target 0 err=0.557 m | 93 plans, recent 195 ms/plan (5.1 Hz)
[ 19.32s] target 0 err=0.528 m | 97 plans, recent 216 ms/plan (5.0 Hz)
[ 20.44s] target 0 err=0.574 m | 102 plans, recent 225 ms/plan (5.0 Hz)
[ 21.61s] target 0 err=0.600 m | 107 plans, recent 232 ms/plan (5.0 Hz)
[ 22.65s] target 0 err=0.612 m | 111 plans, recent 238 ms/plan (4.9 Hz)
[ 23.65s] target 0 err=0.633 m | 115 plans, recent 240 ms/plan (4.9 Hz)
[ 24.81s] target 0 err=0.695 m | 120 plans, recent 242 ms/plan (4.8 Hz)
[ 25.92s] target 0 err=0.783 m | 124 plans, recent 253 ms/plan (4.8 Hz)
[ 27.02s] target 0 err=0.744 m | 128 plans, recent 254 ms/plan (4.7 Hz)
[ 28.05s] target 0 err=0.696 m | 133 plans, recent 247 ms/plan (4.7 Hz)
[ 29.32s] target 0 err=0.670 m | 139 plans, recent 236 ms/plan (4.7 Hz)
[ 30.46s] target 0 err=0.646 m | 144 plans, recent 216 ms/plan (4.7 Hz)
[ 31.52s] target 0 err=0.627 m | 151 plans, recent 196 ms/plan (4.8 Hz)
[ 32.59s] target 0 err=0.629 m | 156 plans, recent 190 ms/plan (4.8 Hz)
[ 33.63s] target 0 err=0.638 m | 162 plans, recent 173 ms/plan (4.8 Hz)
[ 34.73s] target 0 err=0.648 m | 170 plans, recent 166 ms/plan (4.9 Hz)
[ 35.74s] target 0 err=0.655 m | 177 plans, recent 148 ms/plan (5.0 Hz)
[ 36.76s] target 0 err=0.658 m | 182 plans, recent 162 ms/plan (5.0 Hz)
[ 37.78s] target 0 err=0.660 m | 188 plans, recent 173 ms/plan (5.0 Hz)
[ 38.93s] target 0 err=0.660 m | 193 plans, recent 190 ms/plan (5.0 Hz)
[ 40.00s] target 0 err=0.657 m | 199 plans, recent 198 ms/plan (5.0 Hz)
[ 41.08s] target 0 err=0.652 m | 204 plans, recent 194 ms/plan (5.0 Hz)
[ 42.09s] target 0 err=0.646 m | 208 plans, recent 209 ms/plan (4.9 Hz)
[ 43.15s] target 0 err=0.639 m | 213 plans, recent 214 ms/plan (4.9 Hz)
[ 44.18s] target 0 err=0.634 m | 217 plans, recent 224 ms/plan (4.9 Hz)
[ 45.33s] target 0 err=0.629 m | 223 plans, recent 220 ms/plan (4.9 Hz)
[ 46.43s] target 0 err=0.627 m | 229 plans, recent 205 ms/plan (4.9 Hz)
[ 47.55s] target 0 err=0.627 m | 235 plans, recent 190 ms/plan (4.9 Hz)
[ 48.78s] target 0 err=0.627 m | 242 plans, recent 182 ms/plan (5.0 Hz)
[ 49.90s] target 0 err=0.627 m | 248 plans, recent 182 ms/plan (5.0 Hz)
[ 51.08s] target 0 err=0.630 m | 254 plans, recent 188 ms/plan (5.0 Hz)
[ 52.20s] target 0 err=0.632 m | 259 plans, recent 207 ms/plan (5.0 Hz)
[ 53.36s] target 0 err=0.633 m | 264 plans, recent 217 ms/plan (4.9 Hz)
[ 54.47s] target 0 err=0.632 m | 269 plans, recent 214 ms/plan (4.9 Hz)
[ 55.58s] target 0 err=0.625 m | 275 plans, recent 210 ms/plan (4.9 Hz)
[ 56.65s] target 0 err=0.624 m | 280 plans, recent 214 ms/plan (4.9 Hz)
[ 57.75s] target 0 err=0.625 m | 286 plans, recent 186 ms/plan (5.0 Hz)
[ 58.84s] target 0 err=0.630 m | 292 plans, recent 192 ms/plan (5.0 Hz)
[ 60.00s] target 0 err=0.638 m | 298 plans, recent 188 ms/plan (5.0 Hz)
[ 61.04s] target 0 err=0.643 m | 303 plans, recent 187 ms/plan (5.0 Hz)
[ 62.10s] target 0 err=0.645 m | 308 plans, recent 201 ms/plan (5.0 Hz)
[ 63.29s] target 0 err=0.648 m | 313 plans, recent 216 ms/plan (4.9 Hz)
[ 64.42s] target 0 err=0.645 m | 318 plans, recent 219 ms/plan (4.9 Hz)
[ 65.53s] target 0 err=0.634 m | 324 plans, recent 221 ms/plan (4.9 Hz)
[ 66.57s] target 0 err=0.630 m | 329 plans, recent 209 ms/plan (4.9 Hz)
[ 67.83s] target 0 err=0.630 m | 334 plans, recent 215 ms/plan (4.9 Hz)
[ 69.04s] target 0 err=0.635 m | 339 plans, recent 223 ms/plan (4.9 Hz)
[ 70.24s] target 0 err=0.640 m | 345 plans, recent 225 ms/plan (4.9 Hz)
[ 71.33s] target 0 err=0.643 m | 350 plans, recent 228 ms/plan (4.9 Hz)
[ 72.52s] target 0 err=0.645 m | 355 plans, recent 217 ms/plan (4.9 Hz)
[ 73.66s] target 0 err=0.638 m | 360 plans, recent 221 ms/plan (4.9 Hz)
[ 74.83s] target 0 err=0.632 m | 365 plans, recent 226 ms/plan (4.9 Hz)
[ 75.94s] target 0 err=0.631 m | 370 plans, recent 229 ms/plan (4.9 Hz)
[ 77.14s] target 0 err=0.637 m | 375 plans, recent 228 ms/plan (4.9 Hz)
[ 78.27s] target 0 err=0.644 m | 381 plans, recent 219 ms/plan (4.9 Hz)
[ 79.44s] target 0 err=0.647 m | 386 plans, recent 221 ms/plan (4.9 Hz)
[ 80.46s] target 0 err=0.653 m | 391 plans, recent 209 ms/plan (4.9 Hz)
[ 81.67s] target 0 err=0.641 m | 397 plans, recent 210 ms/plan (4.9 Hz)
[ 82.79s] target 0 err=0.631 m | 402 plans, recent 217 ms/plan (4.9 Hz)
[ 83.79s] target 0 err=0.628 m | 406 plans, recent 219 ms/plan (4.8 Hz)
[ 84.90s] target 0 err=0.631 m | 411 plans, recent 222 ms/plan (4.8 Hz)
[ 85.96s] target 0 err=0.636 m | 416 plans, recent 228 ms/plan (4.8 Hz)
[ 87.17s] target 0 err=0.639 m | 421 plans, recent 231 ms/plan (4.8 Hz)
[ 88.30s] target 0 err=0.644 m | 426 plans, recent 224 ms/plan (4.8 Hz)
[ 89.30s] target 0 err=0.639 m | 431 plans, recent 219 ms/plan (4.8 Hz)
[ 90.36s] target 0 err=0.635 m | 436 plans, recent 219 ms/plan (4.8 Hz)
[ 91.51s] target 0 err=0.629 m | 441 plans, recent 213 ms/plan (4.8 Hz)
[ 92.58s] target 0 err=0.630 m | 446 plans, recent 211 ms/plan (4.8 Hz)
[ 93.64s] target 0 err=0.636 m | 451 plans, recent 214 ms/plan (4.8 Hz)
[ 94.73s] target 0 err=0.641 m | 456 plans, recent 215 ms/plan (4.8 Hz)
[ 95.81s] target 0 err=0.645 m | 461 plans, recent 215 ms/plan (4.8 Hz)
[ 97.00s] target 0 err=0.648 m | 466 plans, recent 222 ms/plan (4.8 Hz)
[ 98.02s] target 0 err=0.639 m | 470 plans, recent 232 ms/plan (4.8 Hz)
[ 99.03s] target 0 err=0.631 m | 475 plans, recent 222 ms/plan (4.8 Hz)
[100.04s] target 0 err=0.629 m | 480 plans, recent 220 ms/plan (4.8 Hz)
[101.30s] target 0 err=0.635 m | 485 plans, recent 225 ms/plan (4.8 Hz)
[102.46s] target 0 err=0.642 m | 490 plans, recent 218 ms/plan (4.8 Hz)
[103.56s] target 0 err=0.646 m | 495 plans, recent 225 ms/plan (4.8 Hz)
[104.61s] target 0 err=0.651 m | 500 plans, recent 229 ms/plan (4.8 Hz)
[105.75s] target 0 err=0.644 m | 505 plans, recent 219 ms/plan (4.8 Hz)
[106.76s] target 0 err=0.632 m | 510 plans, recent 217 ms/plan (4.8 Hz)
[107.77s] target 0 err=0.628 m | 514 plans, recent 221 ms/plan (4.8 Hz)
[108.99s] target 0 err=0.631 m | 519 plans, recent 225 ms/plan (4.8 Hz)
[110.14s] target 0 err=0.638 m | 525 plans, recent 219 ms/plan (4.8 Hz)
[111.20s] target 0 err=0.642 m | 530 plans, recent 217 ms/plan (4.8 Hz)
[112.22s] target 0 err=0.646 m | 535 plans, recent 212 ms/plan (4.8 Hz)
[113.28s] target 0 err=0.644 m | 539 plans, recent 218 ms/plan (4.8 Hz)
[114.32s] target 0 err=0.637 m | 544 plans, recent 221 ms/plan (4.8 Hz)
[115.32s] target 0 err=0.631 m | 548 plans, recent 225 ms/plan (4.8 Hz)
[116.49s] target 0 err=0.629 m | 553 plans, recent 231 ms/plan (4.7 Hz)
[117.59s] target 0 err=0.633 m | 558 plans, recent 228 ms/plan (4.7 Hz)
[118.68s] target 0 err=0.640 m | 563 plans, recent 226 ms/plan (4.7 Hz)
[119.75s] target 0 err=0.644 m | 568 plans, recent 224 ms/plan (4.7 Hz)
[120.91s] target 0 err=0.648 m | 573 plans, recent 219 ms/plan (4.7 Hz)
[121.97s] target 0 err=0.642 m | 578 plans, recent 214 ms/plan (4.7 Hz)
[123.01s] target 0 err=0.634 m | 583 plans, recent 220 ms/plan (4.7 Hz)
[124.02s] target 0 err=0.629 m | 587 plans, recent 226 ms/plan (4.7 Hz)
[125.06s] target 0 err=0.629 m | 591 plans, recent 228 ms/plan (4.7 Hz)
[126.10s] target 0 err=0.633 m | 596 plans, recent 229 ms/plan (4.7 Hz)
[127.12s] target 0 err=0.636 m | 600 plans, recent 240 ms/plan (4.7 Hz)
  reached_strict=False reached_5cm=False min_err=0.5277 violation=False safe_stall=True

=== [46/70] sqp_mpc target=10 (0.45, 0.307, 0.247) ===
loaded=/home/home/mbd/koopman/mbd_koopman/out/franka/models/bk_seed0.pt
SQP-MPC: 3 SQP re-freezes, act_dist 999.0, whole_arm=True, 1 box(es), 62 keep-out rows/step (compiled once, DPP)
warm-up: 3 throwaway plans
[  1.21s] target 0 err=0.598 m | 7 plans, recent 200 ms/plan (5.8 Hz)
[  2.34s] target 0 err=0.579 m | 13 plans, recent 200 ms/plan (5.6 Hz)
[  3.54s] target 0 err=0.586 m | 18 plans, recent 208 ms/plan (5.1 Hz)
[  4.65s] target 0 err=0.608 m | 23 plans, recent 208 ms/plan (4.9 Hz)
[  5.84s] target 0 err=0.628 m | 28 plans, recent 214 ms/plan (4.8 Hz)
[  6.90s] target 0 err=0.631 m | 33 plans, recent 223 ms/plan (4.8 Hz)
[  7.91s] target 0 err=0.624 m | 38 plans, recent 218 ms/plan (4.8 Hz)
[  8.99s] target 0 err=0.617 m | 43 plans, recent 216 ms/plan (4.8 Hz)
[ 10.07s] target 0 err=0.607 m | 49 plans, recent 207 ms/plan (4.9 Hz)
[ 11.20s] target 0 err=0.601 m | 54 plans, recent 201 ms/plan (4.8 Hz)
[ 12.28s] target 0 err=0.600 m | 59 plans, recent 201 ms/plan (4.8 Hz)
[ 13.49s] target 0 err=0.611 m | 65 plans, recent 210 ms/plan (4.8 Hz)
[ 14.60s] target 0 err=0.624 m | 69 plans, recent 219 ms/plan (4.7 Hz)
[ 15.76s] target 0 err=0.641 m | 75 plans, recent 221 ms/plan (4.8 Hz)
[ 16.79s] target 0 err=0.655 m | 80 plans, recent 222 ms/plan (4.8 Hz)
[ 17.96s] target 0 err=0.679 m | 86 plans, recent 208 ms/plan (4.8 Hz)
[ 19.15s] target 0 err=0.706 m | 91 plans, recent 214 ms/plan (4.8 Hz)
[ 20.31s] target 0 err=0.737 m | 97 plans, recent 205 ms/plan (4.8 Hz)
[ 21.53s] target 0 err=0.766 m | 103 plans, recent 209 ms/plan (4.8 Hz)
[ 22.74s] target 0 err=0.789 m | 108 plans, recent 213 ms/plan (4.7 Hz)
[ 23.91s] target 0 err=0.809 m | 113 plans, recent 224 ms/plan (4.7 Hz)
[ 25.03s] target 0 err=0.825 m | 119 plans, recent 214 ms/plan (4.8 Hz)
[ 26.18s] target 0 err=0.836 m | 125 plans, recent 203 ms/plan (4.8 Hz)
[ 27.21s] target 0 err=0.839 m | 131 plans, recent 184 ms/plan (4.8 Hz)
[ 28.26s] target 0 err=0.832 m | 136 plans, recent 189 ms/plan (4.8 Hz)
[ 29.43s] target 0 err=0.815 m | 142 plans, recent 190 ms/plan (4.8 Hz)
[ 30.59s] target 0 err=0.790 m | 148 plans, recent 198 ms/plan (4.8 Hz)
[ 31.62s] target 0 err=0.762 m | 154 plans, recent 186 ms/plan (4.9 Hz)
[ 32.66s] target 0 err=0.736 m | 160 plans, recent 184 ms/plan (4.9 Hz)
[ 33.70s] target 0 err=0.719 m | 166 plans, recent 174 ms/plan (4.9 Hz)
[ 34.80s] target 0 err=0.701 m | 173 plans, recent 167 ms/plan (5.0 Hz)
[ 35.90s] target 0 err=0.687 m | 179 plans, recent 169 ms/plan (5.0 Hz)
[ 36.99s] target 0 err=0.672 m | 185 plans, recent 173 ms/plan (5.0 Hz)
[ 38.04s] target 0 err=0.655 m | 191 plans, recent 174 ms/plan (5.0 Hz)
[ 39.14s] target 0 err=0.632 m | 198 plans, recent 167 ms/plan (5.1 Hz)
[ 40.31s] target 0 err=0.609 m | 205 plans, recent 164 ms/plan (5.1 Hz)
[ 41.36s] target 0 err=0.588 m | 211 plans, recent 169 ms/plan (5.1 Hz)
[ 42.39s] target 0 err=0.567 m | 217 plans, recent 174 ms/plan (5.1 Hz)
[ 43.45s] target 0 err=0.549 m | 222 plans, recent 183 ms/plan (5.1 Hz)
[ 44.68s] target 0 err=0.530 m | 227 plans, recent 210 ms/plan (5.1 Hz)
[ 45.68s] target 0 err=0.517 m | 231 plans, recent 218 ms/plan (5.1 Hz)
[ 46.88s] target 0 err=0.504 m | 236 plans, recent 234 ms/plan (5.0 Hz)
[ 48.01s] target 0 err=0.496 m | 241 plans, recent 238 ms/plan (5.0 Hz)
[ 49.03s] target 0 err=0.499 m | 246 plans, recent 227 ms/plan (5.0 Hz)
[ 50.15s] target 0 err=0.512 m | 251 plans, recent 216 ms/plan (5.0 Hz)
[ 51.25s] target 0 err=0.507 m | 257 plans, recent 205 ms/plan (5.0 Hz)
[ 52.31s] target 0 err=0.487 m | 262 plans, recent 202 ms/plan (5.0 Hz)
[ 53.37s] target 0 err=0.513 m | 267 plans, recent 209 ms/plan (5.0 Hz)
[ 54.40s] target 0 err=0.534 m | 271 plans, recent 214 ms/plan (5.0 Hz)
[ 55.48s] target 0 err=0.576 m | 276 plans, recent 218 ms/plan (5.0 Hz)
[ 56.54s] target 0 err=0.614 m | 281 plans, recent 224 ms/plan (5.0 Hz)
[ 57.56s] target 0 err=0.585 m | 285 plans, recent 227 ms/plan (5.0 Hz)
[ 58.67s] target 0 err=0.531 m | 291 plans, recent 217 ms/plan (5.0 Hz)
[ 59.76s] target 0 err=0.464 m | 296 plans, recent 212 ms/plan (5.0 Hz)
[ 60.91s] target 0 err=0.433 m | 302 plans, recent 204 ms/plan (5.0 Hz)
[ 62.01s] target 0 err=0.449 m | 307 plans, recent 203 ms/plan (5.0 Hz)
[ 63.25s] target 0 err=0.469 m | 313 plans, recent 205 ms/plan (4.9 Hz)
[ 64.35s] target 0 err=0.489 m | 320 plans, recent 193 ms/plan (5.0 Hz)
[ 65.45s] target 0 err=0.466 m | 326 plans, recent 182 ms/plan (5.0 Hz)
[ 66.62s] target 0 err=0.461 m | 333 plans, recent 161 ms/plan (5.0 Hz)
[ 67.71s] target 0 err=0.459 m | 339 plans, recent 178 ms/plan (5.0 Hz)
[ 68.86s] target 0 err=0.457 m | 344 plans, recent 192 ms/plan (5.0 Hz)
[ 69.94s] target 0 err=0.455 m | 348 plans, recent 210 ms/plan (5.0 Hz)
[ 70.97s] target 0 err=0.455 m | 353 plans, recent 221 ms/plan (5.0 Hz)
[ 72.11s] target 0 err=0.466 m | 358 plans, recent 231 ms/plan (5.0 Hz)
[ 73.23s] target 0 err=0.404 m | 364 plans, recent 215 ms/plan (5.0 Hz)
[ 74.38s] target 0 err=0.406 m | 369 plans, recent 220 ms/plan (5.0 Hz)
[ 75.42s] target 0 err=0.400 m | 373 plans, recent 225 ms/plan (4.9 Hz)
[ 76.63s] target 0 err=0.404 m | 378 plans, recent 223 ms/plan (4.9 Hz)
[ 77.68s] target 0 err=0.417 m | 385 plans, recent 212 ms/plan (5.0 Hz)
[ 78.82s] target 0 err=0.424 m | 392 plans, recent 177 ms/plan (5.0 Hz)
[ 79.98s] target 0 err=0.412 m | 399 plans, recent 156 ms/plan (5.0 Hz)
[ 81.07s] target 0 err=0.408 m | 405 plans, recent 167 ms/plan (5.0 Hz)
[ 82.20s] target 0 err=0.412 m | 411 plans, recent 172 ms/plan (5.0 Hz)
[ 83.23s] target 0 err=0.415 m | 419 plans, recent 159 ms/plan (5.0 Hz)
[ 84.28s] target 0 err=0.418 m | 428 plans, recent 127 ms/plan (5.1 Hz)
[ 85.34s] target 0 err=0.419 m | 436 plans, recent 128 ms/plan (5.1 Hz)
[ 86.45s] target 0 err=0.420 m | 444 plans, recent 132 ms/plan (5.1 Hz)
[ 87.47s] target 0 err=0.422 m | 450 plans, recent 148 ms/plan (5.1 Hz)
[ 88.63s] target 0 err=0.425 m | 457 plans, recent 154 ms/plan (5.2 Hz)
[ 89.71s] target 0 err=0.426 m | 466 plans, recent 152 ms/plan (5.2 Hz)
[ 90.78s] target 0 err=0.429 m | 472 plans, recent 151 ms/plan (5.2 Hz)
[ 91.88s] target 0 err=0.432 m | 480 plans, recent 143 ms/plan (5.2 Hz)
[ 92.91s] target 0 err=0.437 m | 487 plans, recent 147 ms/plan (5.2 Hz)
[ 93.96s] target 0 err=0.444 m | 493 plans, recent 153 ms/plan (5.2 Hz)
[ 94.97s] target 0 err=0.451 m | 500 plans, recent 156 ms/plan (5.3 Hz)
[ 96.00s] target 0 err=0.457 m | 507 plans, recent 158 ms/plan (5.3 Hz)
[ 97.15s] target 0 err=0.463 m | 513 plans, recent 166 ms/plan (5.3 Hz)
[ 98.28s] target 0 err=0.481 m | 519 plans, recent 170 ms/plan (5.3 Hz)
[ 99.34s] target 0 err=0.465 m | 529 plans, recent 145 ms/plan (5.3 Hz)
[100.35s] target 0 err=0.464 m | 536 plans, recent 129 ms/plan (5.3 Hz)
[101.38s] target 0 err=0.458 m | 544 plans, recent 129 ms/plan (5.4 Hz)
[102.39s] target 0 err=0.455 m | 550 plans, recent 139 ms/plan (5.4 Hz)
[103.57s] target 0 err=0.454 m | 557 plans, recent 154 ms/plan (5.4 Hz)
[104.72s] target 0 err=0.449 m | 564 plans, recent 163 ms/plan (5.4 Hz)
[105.82s] target 0 err=0.430 m | 571 plans, recent 167 ms/plan (5.4 Hz)
[107.02s] target 0 err=0.415 m | 577 plans, recent 171 ms/plan (5.4 Hz)
[108.15s] target 0 err=0.422 m | 584 plans, recent 175 ms/plan (5.4 Hz)
[109.24s] target 0 err=0.418 m | 590 plans, recent 179 ms/plan (5.4 Hz)
[110.24s] target 0 err=0.412 m | 596 plans, recent 167 ms/plan (5.4 Hz)
  reached_strict=False reached_5cm=False min_err=0.3989 violation=False safe_stall=True

=== [47/70] sqp_mpc target=11 (0.426, 0.292, 0.248) ===
loaded=/home/home/mbd/koopman/mbd_koopman/out/franka/models/bk_seed0.pt
SQP-MPC: 3 SQP re-freezes, act_dist 999.0, whole_arm=True, 1 box(es), 62 keep-out rows/step (compiled once, DPP)
warm-up: 3 throwaway plans
[  1.04s] target 0 err=0.588 m | 5 plans, recent 260 ms/plan (4.8 Hz)
[  2.27s] target 0 err=0.541 m | 11 plans, recent 229 ms/plan (4.9 Hz)
[  3.29s] target 0 err=0.546 m | 15 plans, recent 234 ms/plan (4.6 Hz)
[  4.35s] target 0 err=0.547 m | 19 plans, recent 243 ms/plan (4.4 Hz)
[  5.58s] target 0 err=0.529 m | 24 plans, recent 236 ms/plan (4.3 Hz)
[  6.79s] target 0 err=0.506 m | 29 plans, recent 250 ms/plan (4.3 Hz)
[  7.93s] target 0 err=0.486 m | 35 plans, recent 231 ms/plan (4.4 Hz)
[  9.08s] target 0 err=0.480 m | 41 plans, recent 211 ms/plan (4.5 Hz)
[ 10.11s] target 0 err=0.485 m | 45 plans, recent 216 ms/plan (4.5 Hz)
[ 11.20s] target 0 err=0.501 m | 49 plans, recent 221 ms/plan (4.4 Hz)
[ 12.27s] target 0 err=0.524 m | 53 plans, recent 233 ms/plan (4.3 Hz)
[ 13.46s] target 0 err=0.559 m | 59 plans, recent 240 ms/plan (4.4 Hz)
[ 14.55s] target 0 err=0.586 m | 65 plans, recent 219 ms/plan (4.5 Hz)
[ 15.55s] target 0 err=0.602 m | 69 plans, recent 217 ms/plan (4.4 Hz)
[ 16.57s] target 0 err=0.636 m | 73 plans, recent 216 ms/plan (4.4 Hz)
[ 17.71s] target 0 err=0.693 m | 78 plans, recent 219 ms/plan (4.4 Hz)
[ 18.81s] target 0 err=0.688 m | 83 plans, recent 228 ms/plan (4.4 Hz)
[ 19.90s] target 0 err=0.579 m | 89 plans, recent 208 ms/plan (4.5 Hz)
[ 20.95s] target 0 err=0.503 m | 95 plans, recent 194 ms/plan (4.5 Hz)
[ 22.14s] target 0 err=0.542 m | 101 plans, recent 189 ms/plan (4.6 Hz)
[ 23.21s] target 0 err=0.562 m | 106 plans, recent 197 ms/plan (4.6 Hz)
[ 24.34s] target 0 err=0.602 m | 111 plans, recent 213 ms/plan (4.6 Hz)
[ 25.52s] target 0 err=0.636 m | 116 plans, recent 223 ms/plan (4.5 Hz)
[ 26.63s] target 0 err=0.679 m | 120 plans, recent 237 ms/plan (4.5 Hz)
[ 27.68s] target 0 err=0.696 m | 124 plans, recent 245 ms/plan (4.5 Hz)
[ 28.76s] target 0 err=0.658 m | 128 plans, recent 255 ms/plan (4.5 Hz)
[ 29.92s] target 0 err=0.585 m | 133 plans, recent 248 ms/plan (4.4 Hz)
[ 31.08s] target 0 err=0.564 m | 138 plans, recent 244 ms/plan (4.4 Hz)
[ 32.15s] target 0 err=0.564 m | 143 plans, recent 236 ms/plan (4.4 Hz)
[ 33.32s] target 0 err=0.563 m | 148 plans, recent 231 ms/plan (4.4 Hz)
[ 34.47s] target 0 err=0.565 m | 153 plans, recent 227 ms/plan (4.4 Hz)
[ 35.60s] target 0 err=0.571 m | 158 plans, recent 228 ms/plan (4.4 Hz)
[ 36.77s] target 0 err=0.576 m | 164 plans, recent 214 ms/plan (4.5 Hz)
[ 38.01s] target 0 err=0.581 m | 169 plans, recent 214 ms/plan (4.4 Hz)
[ 39.12s] target 0 err=0.587 m | 174 plans, recent 215 ms/plan (4.4 Hz)
[ 40.16s] target 0 err=0.597 m | 180 plans, recent 211 ms/plan (4.5 Hz)
[ 41.24s] target 0 err=0.605 m | 185 plans, recent 208 ms/plan (4.5 Hz)
[ 42.27s] target 0 err=0.611 m | 190 plans, recent 209 ms/plan (4.5 Hz)
[ 43.50s] target 0 err=0.608 m | 195 plans, recent 216 ms/plan (4.5 Hz)
[ 44.59s] target 0 err=0.595 m | 200 plans, recent 220 ms/plan (4.5 Hz)
[ 45.84s] target 0 err=0.582 m | 205 plans, recent 231 ms/plan (4.5 Hz)
[ 46.90s] target 0 err=0.575 m | 210 plans, recent 229 ms/plan (4.5 Hz)
[ 48.04s] target 0 err=0.574 m | 215 plans, recent 226 ms/plan (4.5 Hz)
[ 49.06s] target 0 err=0.572 m | 219 plans, recent 236 ms/plan (4.5 Hz)
[ 50.17s] target 0 err=0.568 m | 224 plans, recent 229 ms/plan (4.5 Hz)
[ 51.17s] target 0 err=0.566 m | 228 plans, recent 234 ms/plan (4.5 Hz)
[ 52.34s] target 0 err=0.565 m | 233 plans, recent 236 ms/plan (4.5 Hz)
[ 53.56s] target 0 err=0.565 m | 238 plans, recent 238 ms/plan (4.4 Hz)
[ 54.74s] target 0 err=0.565 m | 243 plans, recent 240 ms/plan (4.4 Hz)
[ 55.94s] target 0 err=0.566 m | 248 plans, recent 237 ms/plan (4.4 Hz)
[ 57.02s] target 0 err=0.567 m | 253 plans, recent 236 ms/plan (4.4 Hz)
[ 58.06s] target 0 err=0.566 m | 257 plans, recent 238 ms/plan (4.4 Hz)
[ 59.23s] target 0 err=0.566 m | 262 plans, recent 232 ms/plan (4.4 Hz)
[ 60.35s] target 0 err=0.566 m | 267 plans, recent 232 ms/plan (4.4 Hz)
[ 61.37s] target 0 err=0.566 m | 271 plans, recent 243 ms/plan (4.4 Hz)
[ 62.39s] target 0 err=0.566 m | 276 plans, recent 229 ms/plan (4.4 Hz)
[ 63.51s] target 0 err=0.567 m | 281 plans, recent 220 ms/plan (4.4 Hz)
[ 64.72s] target 0 err=0.569 m | 287 plans, recent 219 ms/plan (4.4 Hz)
[ 65.80s] target 0 err=0.572 m | 291 plans, recent 220 ms/plan (4.4 Hz)
[ 66.85s] target 0 err=0.575 m | 296 plans, recent 222 ms/plan (4.4 Hz)
[ 67.96s] target 0 err=0.574 m | 300 plans, recent 235 ms/plan (4.4 Hz)
[ 69.01s] target 0 err=0.570 m | 304 plans, recent 248 ms/plan (4.4 Hz)
[ 70.10s] target 0 err=0.571 m | 308 plans, recent 254 ms/plan (4.4 Hz)
[ 71.17s] target 0 err=0.573 m | 313 plans, recent 251 ms/plan (4.4 Hz)
[ 72.44s] target 0 err=0.574 m | 318 plans, recent 251 ms/plan (4.4 Hz)
[ 73.45s] target 0 err=0.575 m | 322 plans, recent 248 ms/plan (4.4 Hz)
[ 74.57s] target 0 err=0.575 m | 327 plans, recent 228 ms/plan (4.4 Hz)
[ 75.63s] target 0 err=0.575 m | 334 plans, recent 201 ms/plan (4.4 Hz)
[ 76.69s] target 0 err=0.576 m | 347 plans, recent 106 ms/plan (4.5 Hz)
[ 77.72s] target 0 err=0.576 m | 359 plans, recent 82 ms/plan (4.6 Hz)
[ 78.74s] target 0 err=0.576 m | 370 plans, recent 88 ms/plan (4.7 Hz)
[ 79.76s] target 0 err=0.577 m | 380 plans, recent 99 ms/plan (4.8 Hz)
[ 80.90s] target 0 err=0.577 m | 389 plans, recent 120 ms/plan (4.8 Hz)
[ 81.93s] target 0 err=0.578 m | 393 plans, recent 152 ms/plan (4.8 Hz)
[ 83.21s] target 0 err=0.580 m | 398 plans, recent 189 ms/plan (4.8 Hz)
[ 84.35s] target 0 err=0.582 m | 404 plans, recent 204 ms/plan (4.8 Hz)
[ 85.42s] target 0 err=0.582 m | 412 plans, recent 179 ms/plan (4.8 Hz)
[ 86.51s] target 0 err=0.581 m | 421 plans, recent 137 ms/plan (4.9 Hz)
[ 87.70s] target 0 err=0.579 m | 428 plans, recent 147 ms/plan (4.9 Hz)
[ 88.84s] target 0 err=0.576 m | 434 plans, recent 160 ms/plan (4.9 Hz)
[ 89.98s] target 0 err=0.572 m | 440 plans, recent 184 ms/plan (4.9 Hz)
[ 91.05s] target 0 err=0.570 m | 445 plans, recent 198 ms/plan (4.9 Hz)
[ 92.10s] target 0 err=0.568 m | 451 plans, recent 185 ms/plan (4.9 Hz)
[ 93.24s] target 0 err=0.567 m | 458 plans, recent 180 ms/plan (4.9 Hz)
[ 94.27s] target 0 err=0.567 m | 464 plans, recent 170 ms/plan (4.9 Hz)
[ 95.43s] target 0 err=0.568 m | 469 plans, recent 191 ms/plan (4.9 Hz)
[ 96.52s] target 0 err=0.570 m | 473 plans, recent 202 ms/plan (4.9 Hz)
[ 97.68s] target 0 err=0.574 m | 478 plans, recent 228 ms/plan (4.9 Hz)
[ 98.81s] target 0 err=0.579 m | 483 plans, recent 239 ms/plan (4.9 Hz)
[ 99.92s] target 0 err=0.583 m | 488 plans, recent 235 ms/plan (4.9 Hz)
[100.95s] target 0 err=0.585 m | 493 plans, recent 219 ms/plan (4.9 Hz)
[102.21s] target 0 err=0.584 m | 499 plans, recent 212 ms/plan (4.9 Hz)
[103.35s] target 0 err=0.577 m | 505 plans, recent 206 ms/plan (4.9 Hz)
[104.52s] target 0 err=0.571 m | 510 plans, recent 206 ms/plan (4.9 Hz)
[105.52s] target 0 err=0.567 m | 514 plans, recent 217 ms/plan (4.9 Hz)
[106.66s] target 0 err=0.564 m | 519 plans, recent 222 ms/plan (4.9 Hz)
[107.75s] target 0 err=0.564 m | 524 plans, recent 225 ms/plan (4.9 Hz)
[108.76s] target 0 err=0.567 m | 531 plans, recent 198 ms/plan (4.9 Hz)
[109.86s] target 0 err=0.571 m | 536 plans, recent 197 ms/plan (4.9 Hz)
[110.90s] target 0 err=0.577 m | 541 plans, recent 185 ms/plan (4.9 Hz)
[111.93s] target 0 err=0.584 m | 546 plans, recent 206 ms/plan (4.9 Hz)
[112.97s] target 0 err=0.590 m | 550 plans, recent 222 ms/plan (4.9 Hz)
[114.21s] target 0 err=0.595 m | 555 plans, recent 228 ms/plan (4.9 Hz)
[115.26s] target 0 err=0.599 m | 560 plans, recent 226 ms/plan (4.9 Hz)
[116.26s] target 0 err=0.598 m | 565 plans, recent 223 ms/plan (4.9 Hz)
[117.36s] target 0 err=0.593 m | 573 plans, recent 176 ms/plan (4.9 Hz)
[118.47s] target 0 err=0.586 m | 579 plans, recent 172 ms/plan (4.9 Hz)
[119.59s] target 0 err=0.577 m | 584 plans, recent 174 ms/plan (4.9 Hz)
[120.62s] target 0 err=0.568 m | 589 plans, recent 199 ms/plan (4.9 Hz)
[121.73s] target 0 err=0.564 m | 594 plans, recent 207 ms/plan (4.9 Hz)
[122.80s] target 0 err=0.566 m | 599 plans, recent 211 ms/plan (4.9 Hz)
  reached_strict=False reached_5cm=False min_err=0.4794 violation=False safe_stall=True

=== [48/70] sqp_mpc target=12 (0.475, 0.342, 0.248) ===
loaded=/home/home/mbd/koopman/mbd_koopman/out/franka/models/bk_seed0.pt
SQP-MPC: 3 SQP re-freezes, act_dist 999.0, whole_arm=True, 1 box(es), 62 keep-out rows/step (compiled once, DPP)
warm-up: 3 throwaway plans
[  1.11s] target 0 err=0.634 m | 7 plans, recent 181 ms/plan (6.3 Hz)
[  2.20s] target 0 err=0.622 m | 12 plans, recent 201 ms/plan (5.4 Hz)
[  3.25s] target 0 err=0.640 m | 17 plans, recent 201 ms/plan (5.2 Hz)
[  4.29s] target 0 err=0.664 m | 21 plans, recent 219 ms/plan (4.9 Hz)
[  5.34s] target 0 err=0.677 m | 25 plans, recent 233 ms/plan (4.7 Hz)
[  6.54s] target 0 err=0.682 m | 31 plans, recent 221 ms/plan (4.7 Hz)
[  7.60s] target 0 err=0.687 m | 37 plans, recent 218 ms/plan (4.9 Hz)
[  8.61s] target 0 err=0.696 m | 42 plans, recent 200 ms/plan (4.9 Hz)
[  9.66s] target 0 err=0.717 m | 47 plans, recent 196 ms/plan (4.9 Hz)
[ 10.73s] target 0 err=0.758 m | 53 plans, recent 190 ms/plan (4.9 Hz)
[ 11.77s] target 0 err=0.791 m | 58 plans, recent 189 ms/plan (4.9 Hz)
[ 12.89s] target 0 err=0.824 m | 63 plans, recent 198 ms/plan (4.9 Hz)
[ 14.09s] target 0 err=0.857 m | 69 plans, recent 197 ms/plan (4.9 Hz)
[ 15.20s] target 0 err=0.866 m | 74 plans, recent 210 ms/plan (4.9 Hz)
[ 16.23s] target 0 err=0.838 m | 79 plans, recent 217 ms/plan (4.9 Hz)
[ 17.44s] target 0 err=0.747 m | 84 plans, recent 221 ms/plan (4.8 Hz)
[ 18.53s] target 0 err=0.626 m | 89 plans, recent 222 ms/plan (4.8 Hz)
[ 19.68s] target 0 err=0.571 m | 95 plans, recent 215 ms/plan (4.8 Hz)
[ 20.83s] target 0 err=0.560 m | 101 plans, recent 203 ms/plan (4.8 Hz)
[ 21.93s] target 0 err=0.594 m | 107 plans, recent 189 ms/plan (4.9 Hz)
[ 23.11s] target 0 err=0.637 m | 112 plans, recent 205 ms/plan (4.8 Hz)
[ 24.36s] target 0 err=0.711 m | 117 plans, recent 219 ms/plan (4.8 Hz)
[ 25.41s] target 0 err=0.745 m | 121 plans, recent 232 ms/plan (4.8 Hz)
[ 26.55s] target 0 err=0.743 m | 125 plans, recent 250 ms/plan (4.7 Hz)
[ 27.78s] target 0 err=0.701 m | 131 plans, recent 247 ms/plan (4.7 Hz)
[ 28.82s] target 0 err=0.681 m | 135 plans, recent 243 ms/plan (4.7 Hz)
[ 30.02s] target 0 err=0.652 m | 141 plans, recent 229 ms/plan (4.7 Hz)
[ 31.06s] target 0 err=0.636 m | 146 plans, recent 214 ms/plan (4.7 Hz)
[ 32.23s] target 0 err=0.631 m | 153 plans, recent 191 ms/plan (4.7 Hz)
[ 33.27s] target 0 err=0.636 m | 159 plans, recent 186 ms/plan (4.8 Hz)
[ 34.38s] target 0 err=0.643 m | 164 plans, recent 187 ms/plan (4.8 Hz)
[ 35.59s] target 0 err=0.650 m | 170 plans, recent 191 ms/plan (4.8 Hz)
[ 36.69s] target 0 err=0.653 m | 177 plans, recent 188 ms/plan (4.8 Hz)
[ 37.84s] target 0 err=0.653 m | 183 plans, recent 186 ms/plan (4.8 Hz)
[ 38.93s] target 0 err=0.648 m | 188 plans, recent 188 ms/plan (4.8 Hz)
[ 39.96s] target 0 err=0.641 m | 193 plans, recent 198 ms/plan (4.8 Hz)
[ 41.10s] target 0 err=0.634 m | 198 plans, recent 207 ms/plan (4.8 Hz)
[ 42.11s] target 0 err=0.629 m | 202 plans, recent 222 ms/plan (4.8 Hz)
[ 43.15s] target 0 err=0.626 m | 207 plans, recent 221 ms/plan (4.8 Hz)
[ 44.34s] target 0 err=0.626 m | 212 plans, recent 225 ms/plan (4.8 Hz)
[ 45.37s] target 0 err=0.624 m | 218 plans, recent 208 ms/plan (4.8 Hz)
[ 46.61s] target 0 err=0.623 m | 226 plans, recent 186 ms/plan (4.8 Hz)
[ 47.66s] target 0 err=0.626 m | 230 plans, recent 186 ms/plan (4.8 Hz)
[ 48.84s] target 0 err=0.629 m | 235 plans, recent 200 ms/plan (4.8 Hz)
[ 49.93s] target 0 err=0.632 m | 240 plans, recent 221 ms/plan (4.8 Hz)
[ 51.02s] target 0 err=0.632 m | 245 plans, recent 229 ms/plan (4.8 Hz)
[ 52.20s] target 0 err=0.633 m | 250 plans, recent 233 ms/plan (4.8 Hz)
[ 53.25s] target 0 err=0.630 m | 255 plans, recent 223 ms/plan (4.8 Hz)
[ 54.44s] target 0 err=0.627 m | 260 plans, recent 227 ms/plan (4.8 Hz)
[ 55.54s] target 0 err=0.629 m | 265 plans, recent 230 ms/plan (4.8 Hz)
[ 56.57s] target 0 err=0.634 m | 270 plans, recent 212 ms/plan (4.8 Hz)
[ 57.62s] target 0 err=0.638 m | 275 plans, recent 214 ms/plan (4.8 Hz)
[ 58.81s] target 0 err=0.642 m | 280 plans, recent 217 ms/plan (4.8 Hz)
[ 59.93s] target 0 err=0.641 m | 285 plans, recent 217 ms/plan (4.8 Hz)
[ 61.12s] target 0 err=0.637 m | 290 plans, recent 232 ms/plan (4.7 Hz)
[ 62.15s] target 0 err=0.633 m | 294 plans, recent 237 ms/plan (4.7 Hz)
[ 63.22s] target 0 err=0.633 m | 299 plans, recent 230 ms/plan (4.7 Hz)
[ 64.40s] target 0 err=0.636 m | 304 plans, recent 236 ms/plan (4.7 Hz)
[ 65.51s] target 0 err=0.638 m | 308 plans, recent 242 ms/plan (4.7 Hz)
[ 66.57s] target 0 err=0.642 m | 312 plans, recent 247 ms/plan (4.7 Hz)
[ 67.67s] target 0 err=0.638 m | 316 plans, recent 256 ms/plan (4.7 Hz)
[ 68.77s] target 0 err=0.632 m | 320 plans, recent 265 ms/plan (4.7 Hz)
[ 70.00s] target 0 err=0.631 m | 325 plans, recent 262 ms/plan (4.6 Hz)
[ 71.05s] target 0 err=0.632 m | 329 plans, recent 261 ms/plan (4.6 Hz)
[ 72.22s] target 0 err=0.643 m | 334 plans, recent 254 ms/plan (4.6 Hz)
[ 73.50s] target 0 err=0.643 m | 339 plans, recent 250 ms/plan (4.6 Hz)
[ 74.55s] target 0 err=0.634 m | 343 plans, recent 253 ms/plan (4.6 Hz)
[ 75.65s] target 0 err=0.629 m | 347 plans, recent 258 ms/plan (4.6 Hz)
[ 76.74s] target 0 err=0.628 m | 351 plans, recent 263 ms/plan (4.6 Hz)
[ 77.81s] target 0 err=0.636 m | 355 plans, recent 261 ms/plan (4.6 Hz)
[ 78.93s] target 0 err=0.645 m | 360 plans, recent 258 ms/plan (4.6 Hz)
[ 79.96s] target 0 err=0.640 m | 364 plans, recent 251 ms/plan (4.6 Hz)
[ 81.00s] target 0 err=0.632 m | 369 plans, recent 235 ms/plan (4.6 Hz)
[ 82.25s] target 0 err=0.630 m | 374 plans, recent 233 ms/plan (4.5 Hz)
[ 83.27s] target 0 err=0.632 m | 378 plans, recent 235 ms/plan (4.5 Hz)
[ 84.50s] target 0 err=0.638 m | 383 plans, recent 237 ms/plan (4.5 Hz)
[ 85.74s] target 0 err=0.642 m | 388 plans, recent 250 ms/plan (4.5 Hz)
[ 86.78s] target 0 err=0.637 m | 392 plans, recent 250 ms/plan (4.5 Hz)
[ 87.99s] target 0 err=0.633 m | 397 plans, recent 249 ms/plan (4.5 Hz)
[ 89.02s] target 0 err=0.633 m | 401 plans, recent 248 ms/plan (4.5 Hz)
[ 90.02s] target 0 err=0.633 m | 405 plans, recent 250 ms/plan (4.5 Hz)
[ 91.07s] target 0 err=0.643 m | 410 plans, recent 239 ms/plan (4.5 Hz)
[ 92.11s] target 0 err=0.644 m | 414 plans, recent 247 ms/plan (4.5 Hz)
[ 93.28s] target 0 err=0.634 m | 419 plans, recent 235 ms/plan (4.5 Hz)
[ 94.54s] target 0 err=0.630 m | 424 plans, recent 236 ms/plan (4.5 Hz)
[ 95.78s] target 0 err=0.630 m | 429 plans, recent 248 ms/plan (4.5 Hz)
[ 96.85s] target 0 err=0.635 m | 433 plans, recent 248 ms/plan (4.5 Hz)
[ 97.85s] target 0 err=0.648 m | 438 plans, recent 241 ms/plan (4.5 Hz)
[ 99.14s] target 0 err=0.641 m | 443 plans, recent 242 ms/plan (4.5 Hz)
[100.32s] target 0 err=0.632 m | 448 plans, recent 238 ms/plan (4.5 Hz)
[101.55s] target 0 err=0.630 m | 453 plans, recent 236 ms/plan (4.5 Hz)
[102.68s] target 0 err=0.632 m | 458 plans, recent 240 ms/plan (4.5 Hz)
[103.69s] target 0 err=0.637 m | 462 plans, recent 239 ms/plan (4.5 Hz)
[104.95s] target 0 err=0.643 m | 467 plans, recent 243 ms/plan (4.4 Hz)
[106.18s] target 0 err=0.637 m | 472 plans, recent 243 ms/plan (4.4 Hz)
[107.21s] target 0 err=0.634 m | 476 plans, recent 250 ms/plan (4.4 Hz)
[108.30s] target 0 err=0.634 m | 480 plans, recent 253 ms/plan (4.4 Hz)
[109.46s] target 0 err=0.635 m | 485 plans, recent 252 ms/plan (4.4 Hz)
[110.68s] target 0 err=0.648 m | 491 plans, recent 234 ms/plan (4.4 Hz)
[111.69s] target 0 err=0.645 m | 495 plans, recent 237 ms/plan (4.4 Hz)
[112.84s] target 0 err=0.633 m | 500 plans, recent 224 ms/plan (4.4 Hz)
[113.87s] target 0 err=0.628 m | 504 plans, recent 234 ms/plan (4.4 Hz)
[114.88s] target 0 err=0.627 m | 508 plans, recent 240 ms/plan (4.4 Hz)
[115.90s] target 0 err=0.632 m | 512 plans, recent 251 ms/plan (4.4 Hz)
[117.13s] target 0 err=0.644 m | 517 plans, recent 251 ms/plan (4.4 Hz)
[118.21s] target 0 err=0.644 m | 521 plans, recent 254 ms/plan (4.4 Hz)
[119.21s] target 0 err=0.635 m | 525 plans, recent 253 ms/plan (4.4 Hz)
[120.29s] target 0 err=0.631 m | 530 plans, recent 245 ms/plan (4.4 Hz)
[121.57s] target 0 err=0.631 m | 535 plans, recent 248 ms/plan (4.4 Hz)
[122.82s] target 0 err=0.637 m | 540 plans, recent 243 ms/plan (4.4 Hz)
[124.03s] target 0 err=0.646 m | 545 plans, recent 239 ms/plan (4.4 Hz)
[125.26s] target 0 err=0.637 m | 550 plans, recent 247 ms/plan (4.4 Hz)
[126.27s] target 0 err=0.632 m | 554 plans, recent 246 ms/plan (4.4 Hz)
[127.30s] target 0 err=0.631 m | 558 plans, recent 247 ms/plan (4.4 Hz)
[128.31s] target 0 err=0.632 m | 563 plans, recent 242 ms/plan (4.4 Hz)
[129.34s] target 0 err=0.641 m | 568 plans, recent 227 ms/plan (4.4 Hz)
[130.35s] target 0 err=0.647 m | 572 plans, recent 224 ms/plan (4.4 Hz)
[131.51s] target 0 err=0.640 m | 577 plans, recent 219 ms/plan (4.4 Hz)
[132.73s] target 0 err=0.631 m | 582 plans, recent 231 ms/plan (4.4 Hz)
[133.93s] target 0 err=0.627 m | 587 plans, recent 241 ms/plan (4.4 Hz)
[135.11s] target 0 err=0.631 m | 592 plans, recent 242 ms/plan (4.4 Hz)
[136.26s] target 0 err=0.644 m | 597 plans, recent 240 ms/plan (4.4 Hz)
  reached_strict=False reached_5cm=False min_err=0.5585 violation=False safe_stall=True

=== [49/70] sqp_mpc target=13 (0.465, 0.317, 0.261) ===
loaded=/home/home/mbd/koopman/mbd_koopman/out/franka/models/bk_seed0.pt
SQP-MPC: 3 SQP re-freezes, act_dist 999.0, whole_arm=True, 1 box(es), 62 keep-out rows/step (compiled once, DPP)
warm-up: 3 throwaway plans
[  1.03s] target 0 err=0.606 m | 5 plans, recent 254 ms/plan (4.8 Hz)
[  2.28s] target 0 err=0.602 m | 10 plans, recent 255 ms/plan (4.4 Hz)
[  3.36s] target 0 err=0.607 m | 14 plans, recent 259 ms/plan (4.2 Hz)
[  4.43s] target 0 err=0.612 m | 19 plans, recent 247 ms/plan (4.3 Hz)
[  5.54s] target 0 err=0.623 m | 24 plans, recent 232 ms/plan (4.3 Hz)
[  6.65s] target 0 err=0.663 m | 30 plans, recent 214 ms/plan (4.5 Hz)
[  7.80s] target 0 err=0.710 m | 35 plans, recent 211 ms/plan (4.5 Hz)
[  8.81s] target 0 err=0.742 m | 39 plans, recent 218 ms/plan (4.4 Hz)
[ 10.04s] target 0 err=0.770 m | 44 plans, recent 231 ms/plan (4.4 Hz)
[ 11.14s] target 0 err=0.794 m | 48 plans, recent 241 ms/plan (4.3 Hz)
[ 12.25s] target 0 err=0.816 m | 53 plans, recent 241 ms/plan (4.3 Hz)
[ 13.37s] target 0 err=0.807 m | 58 plans, recent 240 ms/plan (4.3 Hz)
[ 14.46s] target 0 err=0.687 m | 63 plans, recent 235 ms/plan (4.4 Hz)
[ 15.51s] target 0 err=0.607 m | 67 plans, recent 232 ms/plan (4.3 Hz)
[ 16.57s] target 0 err=0.548 m | 72 plans, recent 227 ms/plan (4.3 Hz)
[ 17.65s] target 0 err=0.549 m | 77 plans, recent 222 ms/plan (4.4 Hz)
[ 18.79s] target 0 err=0.598 m | 83 plans, recent 211 ms/plan (4.4 Hz)
[ 19.97s] target 0 err=0.633 m | 88 plans, recent 211 ms/plan (4.4 Hz)
[ 21.03s] target 0 err=0.664 m | 92 plans, recent 218 ms/plan (4.4 Hz)
[ 22.29s] target 0 err=0.675 m | 97 plans, recent 236 ms/plan (4.4 Hz)
[ 23.42s] target 0 err=0.696 m | 101 plans, recent 251 ms/plan (4.3 Hz)
[ 24.48s] target 0 err=0.706 m | 105 plans, recent 263 ms/plan (4.3 Hz)
[ 25.49s] target 0 err=0.682 m | 109 plans, recent 258 ms/plan (4.3 Hz)
[ 26.60s] target 0 err=0.645 m | 114 plans, recent 253 ms/plan (4.3 Hz)
[ 27.64s] target 0 err=0.625 m | 118 plans, recent 244 ms/plan (4.3 Hz)
[ 28.76s] target 0 err=0.620 m | 123 plans, recent 239 ms/plan (4.3 Hz)
[ 30.04s] target 0 err=0.634 m | 128 plans, recent 241 ms/plan (4.3 Hz)
[ 31.28s] target 0 err=0.639 m | 133 plans, recent 245 ms/plan (4.3 Hz)
[ 32.37s] target 0 err=0.630 m | 138 plans, recent 244 ms/plan (4.3 Hz)
[ 33.42s] target 0 err=0.614 m | 142 plans, recent 246 ms/plan (4.2 Hz)
[ 34.55s] target 0 err=0.602 m | 146 plans, recent 251 ms/plan (4.2 Hz)
[ 35.63s] target 0 err=0.600 m | 151 plans, recent 244 ms/plan (4.2 Hz)
[ 36.81s] target 0 err=0.604 m | 156 plans, recent 242 ms/plan (4.2 Hz)
[ 37.94s] target 0 err=0.610 m | 162 plans, recent 220 ms/plan (4.3 Hz)
[ 38.97s] target 0 err=0.609 m | 167 plans, recent 205 ms/plan (4.3 Hz)
[ 40.18s] target 0 err=0.606 m | 172 plans, recent 214 ms/plan (4.3 Hz)
[ 41.25s] target 0 err=0.601 m | 177 plans, recent 209 ms/plan (4.3 Hz)
[ 42.33s] target 0 err=0.598 m | 182 plans, recent 217 ms/plan (4.3 Hz)
[ 43.42s] target 0 err=0.599 m | 189 plans, recent 196 ms/plan (4.4 Hz)
[ 44.53s] target 0 err=0.601 m | 194 plans, recent 190 ms/plan (4.4 Hz)
[ 45.54s] target 0 err=0.604 m | 198 plans, recent 200 ms/plan (4.3 Hz)
[ 46.66s] target 0 err=0.607 m | 203 plans, recent 216 ms/plan (4.4 Hz)
[ 47.67s] target 0 err=0.612 m | 207 plans, recent 233 ms/plan (4.3 Hz)
[ 48.90s] target 0 err=0.615 m | 212 plans, recent 237 ms/plan (4.3 Hz)
[ 50.08s] target 0 err=0.614 m | 217 plans, recent 240 ms/plan (4.3 Hz)
[ 51.16s] target 0 err=0.616 m | 221 plans, recent 247 ms/plan (4.3 Hz)
[ 52.43s] target 0 err=0.611 m | 226 plans, recent 248 ms/plan (4.3 Hz)
[ 53.67s] target 0 err=0.601 m | 231 plans, recent 252 ms/plan (4.3 Hz)
[ 54.75s] target 0 err=0.602 m | 235 plans, recent 256 ms/plan (4.3 Hz)
[ 55.76s] target 0 err=0.611 m | 239 plans, recent 257 ms/plan (4.3 Hz)
[ 56.84s] target 0 err=0.616 m | 243 plans, recent 259 ms/plan (4.3 Hz)
[ 58.08s] target 0 err=0.606 m | 248 plans, recent 257 ms/plan (4.3 Hz)
[ 59.30s] target 0 err=0.603 m | 253 plans, recent 255 ms/plan (4.3 Hz)
[ 60.54s] target 0 err=0.608 m | 258 plans, recent 252 ms/plan (4.3 Hz)
[ 61.68s] target 0 err=0.615 m | 262 plans, recent 255 ms/plan (4.2 Hz)
[ 62.81s] target 0 err=0.612 m | 266 plans, recent 263 ms/plan (4.2 Hz)
[ 63.83s] target 0 err=0.610 m | 270 plans, recent 265 ms/plan (4.2 Hz)
[ 64.85s] target 0 err=0.609 m | 274 plans, recent 262 ms/plan (4.2 Hz)
[ 65.89s] target 0 err=0.615 m | 278 plans, recent 265 ms/plan (4.2 Hz)
[ 66.92s] target 0 err=0.615 m | 282 plans, recent 261 ms/plan (4.2 Hz)
[ 68.03s] target 0 err=0.606 m | 287 plans, recent 245 ms/plan (4.2 Hz)
[ 69.30s] target 0 err=0.602 m | 292 plans, recent 247 ms/plan (4.2 Hz)
[ 70.44s] target 0 err=0.613 m | 297 plans, recent 241 ms/plan (4.2 Hz)
[ 71.68s] target 0 err=0.621 m | 302 plans, recent 237 ms/plan (4.2 Hz)
[ 72.87s] target 0 err=0.608 m | 307 plans, recent 247 ms/plan (4.2 Hz)
[ 73.97s] target 0 err=0.600 m | 311 plans, recent 243 ms/plan (4.2 Hz)
[ 75.11s] target 0 err=0.607 m | 316 plans, recent 247 ms/plan (4.2 Hz)
[ 76.22s] target 0 err=0.618 m | 320 plans, recent 254 ms/plan (4.2 Hz)
[ 77.25s] target 0 err=0.615 m | 324 plans, recent 255 ms/plan (4.2 Hz)
[ 78.52s] target 0 err=0.604 m | 329 plans, recent 251 ms/plan (4.2 Hz)
[ 79.77s] target 0 err=0.602 m | 334 plans, recent 253 ms/plan (4.2 Hz)
[ 81.00s] target 0 err=0.615 m | 339 plans, recent 248 ms/plan (4.2 Hz)
[ 82.26s] target 0 err=0.615 m | 344 plans, recent 252 ms/plan (4.2 Hz)
[ 83.32s] target 0 err=0.607 m | 348 plans, recent 253 ms/plan (4.2 Hz)
[ 84.52s] target 0 err=0.602 m | 353 plans, recent 249 ms/plan (4.2 Hz)
[ 85.75s] target 0 err=0.613 m | 358 plans, recent 245 ms/plan (4.2 Hz)
[ 86.89s] target 0 err=0.618 m | 363 plans, recent 245 ms/plan (4.2 Hz)
[ 87.94s] target 0 err=0.609 m | 367 plans, recent 240 ms/plan (4.2 Hz)
[ 89.19s] target 0 err=0.601 m | 372 plans, recent 247 ms/plan (4.2 Hz)
[ 90.24s] target 0 err=0.606 m | 376 plans, recent 247 ms/plan (4.2 Hz)
[ 91.37s] target 0 err=0.618 m | 381 plans, recent 251 ms/plan (4.2 Hz)
[ 92.49s] target 0 err=0.615 m | 385 plans, recent 251 ms/plan (4.2 Hz)
[ 93.62s] target 0 err=0.606 m | 389 plans, recent 261 ms/plan (4.2 Hz)
[ 94.67s] target 0 err=0.602 m | 393 plans, recent 259 ms/plan (4.2 Hz)
[ 95.79s] target 0 err=0.613 m | 397 plans, recent 265 ms/plan (4.1 Hz)
[ 96.93s] target 0 err=0.618 m | 402 plans, recent 262 ms/plan (4.1 Hz)
[ 98.14s] target 0 err=0.607 m | 407 plans, recent 253 ms/plan (4.1 Hz)
[ 99.14s] target 0 err=0.601 m | 411 plans, recent 250 ms/plan (4.1 Hz)
[100.26s] target 0 err=0.605 m | 415 plans, recent 251 ms/plan (4.1 Hz)
[101.40s] target 0 err=0.616 m | 420 plans, recent 247 ms/plan (4.1 Hz)
[102.54s] target 0 err=0.613 m | 424 plans, recent 256 ms/plan (4.1 Hz)
[103.58s] target 0 err=0.608 m | 428 plans, recent 261 ms/plan (4.1 Hz)
[104.70s] target 0 err=0.604 m | 432 plans, recent 261 ms/plan (4.1 Hz)
[105.80s] target 0 err=0.616 m | 437 plans, recent 257 ms/plan (4.1 Hz)
[107.04s] target 0 err=0.618 m | 442 plans, recent 249 ms/plan (4.1 Hz)
[108.08s] target 0 err=0.608 m | 446 plans, recent 252 ms/plan (4.1 Hz)
[109.16s] target 0 err=0.601 m | 450 plans, recent 249 ms/plan (4.1 Hz)
[110.18s] target 0 err=0.605 m | 454 plans, recent 249 ms/plan (4.1 Hz)
[111.36s] target 0 err=0.616 m | 459 plans, recent 255 ms/plan (4.1 Hz)
[112.55s] target 0 err=0.612 m | 464 plans, recent 249 ms/plan (4.1 Hz)
[113.83s] target 0 err=0.606 m | 469 plans, recent 247 ms/plan (4.1 Hz)
[114.96s] target 0 err=0.604 m | 473 plans, recent 252 ms/plan (4.1 Hz)
[116.17s] target 0 err=0.617 m | 478 plans, recent 251 ms/plan (4.1 Hz)
[117.36s] target 0 err=0.614 m | 483 plans, recent 253 ms/plan (4.1 Hz)
[118.47s] target 0 err=0.608 m | 487 plans, recent 259 ms/plan (4.1 Hz)
[119.54s] target 0 err=0.604 m | 491 plans, recent 255 ms/plan (4.1 Hz)
[120.68s] target 0 err=0.613 m | 496 plans, recent 250 ms/plan (4.1 Hz)
[121.89s] target 0 err=0.618 m | 501 plans, recent 251 ms/plan (4.1 Hz)
[123.00s] target 0 err=0.609 m | 505 plans, recent 254 ms/plan (4.1 Hz)
[124.08s] target 0 err=0.601 m | 509 plans, recent 251 ms/plan (4.1 Hz)
[125.13s] target 0 err=0.607 m | 513 plans, recent 261 ms/plan (4.1 Hz)
[126.27s] target 0 err=0.618 m | 517 plans, recent 265 ms/plan (4.1 Hz)
[127.32s] target 0 err=0.613 m | 521 plans, recent 267 ms/plan (4.1 Hz)
[128.36s] target 0 err=0.606 m | 525 plans, recent 267 ms/plan (4.1 Hz)
[129.42s] target 0 err=0.602 m | 529 plans, recent 266 ms/plan (4.1 Hz)
[130.47s] target 0 err=0.608 m | 533 plans, recent 263 ms/plan (4.1 Hz)
[131.53s] target 0 err=0.617 m | 538 plans, recent 246 ms/plan (4.1 Hz)
[132.56s] target 0 err=0.612 m | 542 plans, recent 248 ms/plan (4.1 Hz)
[133.68s] target 0 err=0.607 m | 546 plans, recent 250 ms/plan (4.1 Hz)
[134.95s] target 0 err=0.605 m | 551 plans, recent 246 ms/plan (4.1 Hz)
[136.00s] target 0 err=0.617 m | 555 plans, recent 257 ms/plan (4.1 Hz)
[137.19s] target 0 err=0.615 m | 560 plans, recent 253 ms/plan (4.1 Hz)
[138.38s] target 0 err=0.607 m | 565 plans, recent 248 ms/plan (4.1 Hz)
[139.44s] target 0 err=0.603 m | 569 plans, recent 248 ms/plan (4.1 Hz)
[140.59s] target 0 err=0.611 m | 574 plans, recent 242 ms/plan (4.1 Hz)
[141.67s] target 0 err=0.619 m | 579 plans, recent 235 ms/plan (4.1 Hz)
[142.72s] target 0 err=0.611 m | 583 plans, recent 245 ms/plan (4.1 Hz)
[143.85s] target 0 err=0.604 m | 587 plans, recent 245 ms/plan (4.1 Hz)
[144.93s] target 0 err=0.604 m | 591 plans, recent 252 ms/plan (4.1 Hz)
[146.07s] target 0 err=0.617 m | 596 plans, recent 253 ms/plan (4.1 Hz)
[147.16s] target 0 err=0.616 m | 600 plans, recent 261 ms/plan (4.1 Hz)
  reached_strict=False reached_5cm=False min_err=0.5402 violation=False safe_stall=True

=== [50/70] sqp_mpc target=14 (0.35, 0.324, 0.271) ===
loaded=/home/home/mbd/koopman/mbd_koopman/out/franka/models/bk_seed0.pt
SQP-MPC: 3 SQP re-freezes, act_dist 999.0, whole_arm=True, 1 box(es), 62 keep-out rows/step (compiled once, DPP)
warm-up: 3 throwaway plans
[  1.17s] target 0 err=0.649 m | 6 plans, recent 227 ms/plan (5.1 Hz)
[  2.23s] target 0 err=0.573 m | 11 plans, recent 219 ms/plan (4.9 Hz)
[  3.50s] target 0 err=0.569 m | 16 plans, recent 231 ms/plan (4.6 Hz)
[  4.54s] target 0 err=0.576 m | 21 plans, recent 223 ms/plan (4.6 Hz)
[  5.78s] target 0 err=0.563 m | 28 plans, recent 208 ms/plan (4.8 Hz)
[  7.02s] target 0 err=0.531 m | 34 plans, recent 200 ms/plan (4.8 Hz)
[  8.30s] target 0 err=0.488 m | 41 plans, recent 186 ms/plan (4.9 Hz)
[  9.33s] target 0 err=0.459 m | 46 plans, recent 200 ms/plan (4.9 Hz)
[ 10.36s] target 0 err=0.460 m | 51 plans, recent 196 ms/plan (4.9 Hz)
[ 11.46s] target 0 err=0.464 m | 56 plans, recent 201 ms/plan (4.9 Hz)
[ 12.50s] target 0 err=0.467 m | 61 plans, recent 216 ms/plan (4.9 Hz)
[ 13.68s] target 0 err=0.479 m | 66 plans, recent 217 ms/plan (4.8 Hz)
[ 14.71s] target 0 err=0.503 m | 72 plans, recent 203 ms/plan (4.9 Hz)
[ 15.84s] target 0 err=0.518 m | 78 plans, recent 203 ms/plan (4.9 Hz)
[ 16.91s] target 0 err=0.521 m | 84 plans, recent 179 ms/plan (5.0 Hz)
[ 17.99s] target 0 err=0.508 m | 91 plans, recent 171 ms/plan (5.1 Hz)
[ 19.02s] target 0 err=0.481 m | 97 plans, recent 166 ms/plan (5.1 Hz)
[ 20.23s] target 0 err=0.460 m | 102 plans, recent 185 ms/plan (5.0 Hz)
[ 21.47s] target 0 err=0.470 m | 107 plans, recent 214 ms/plan (5.0 Hz)
[ 22.59s] target 0 err=0.541 m | 112 plans, recent 223 ms/plan (5.0 Hz)
[ 23.70s] target 0 err=0.609 m | 116 plans, recent 243 ms/plan (4.9 Hz)
[ 24.90s] target 0 err=0.694 m | 121 plans, recent 246 ms/plan (4.9 Hz)
[ 25.96s] target 0 err=0.746 m | 125 plans, recent 251 ms/plan (4.8 Hz)
[ 26.99s] target 0 err=0.629 m | 129 plans, recent 250 ms/plan (4.8 Hz)
[ 28.11s] target 0 err=0.542 m | 134 plans, recent 242 ms/plan (4.8 Hz)
[ 29.20s] target 0 err=0.280 m | 139 plans, recent 240 ms/plan (4.8 Hz)
[ 30.42s] target 0 err=0.128 m | 145 plans, recent 216 ms/plan (4.8 Hz)
[ 31.51s] target 0 err=0.062 m | 151 plans, recent 197 ms/plan (4.8 Hz)
[  7.65s] target 0 strict reach (20.6 mm) in 7.65 s
  reached_strict=True reached_5cm=True min_err=0.0108 violation=False safe_stall=False

=== [51/70] sqp_mpc target=15 (0.447, 0.311, 0.219) ===
loaded=/home/home/mbd/koopman/mbd_koopman/out/franka/models/bk_seed0.pt
SQP-MPC: 3 SQP re-freezes, act_dist 999.0, whole_arm=True, 1 box(es), 62 keep-out rows/step (compiled once, DPP)
warm-up: 3 throwaway plans
[  1.00s] target 0 err=0.616 m | 6 plans, recent 202 ms/plan (6.0 Hz)
[  2.12s] target 0 err=0.577 m | 11 plans, recent 208 ms/plan (5.2 Hz)
[  3.25s] target 0 err=0.584 m | 17 plans, recent 202 ms/plan (5.2 Hz)
[  4.47s] target 0 err=0.608 m | 22 plans, recent 213 ms/plan (4.9 Hz)
[  5.47s] target 0 err=0.615 m | 26 plans, recent 222 ms/plan (4.8 Hz)
[  6.63s] target 0 err=0.610 m | 31 plans, recent 224 ms/plan (4.7 Hz)
[  7.75s] target 0 err=0.600 m | 36 plans, recent 238 ms/plan (4.6 Hz)
[  8.80s] target 0 err=0.590 m | 41 plans, recent 226 ms/plan (4.7 Hz)
[  9.90s] target 0 err=0.585 m | 47 plans, recent 211 ms/plan (4.7 Hz)
[ 10.98s] target 0 err=0.590 m | 52 plans, recent 203 ms/plan (4.7 Hz)
[ 12.10s] target 0 err=0.609 m | 57 plans, recent 206 ms/plan (4.7 Hz)
[ 13.27s] target 0 err=0.636 m | 62 plans, recent 213 ms/plan (4.7 Hz)
[ 14.31s] target 0 err=0.661 m | 67 plans, recent 225 ms/plan (4.7 Hz)
[ 15.52s] target 0 err=0.681 m | 72 plans, recent 229 ms/plan (4.6 Hz)
[ 16.68s] target 0 err=0.702 m | 77 plans, recent 229 ms/plan (4.6 Hz)
[ 17.69s] target 0 err=0.719 m | 81 plans, recent 233 ms/plan (4.6 Hz)
[ 18.87s] target 0 err=0.736 m | 86 plans, recent 238 ms/plan (4.6 Hz)
[ 20.00s] target 0 err=0.750 m | 91 plans, recent 235 ms/plan (4.5 Hz)
[ 21.17s] target 0 err=0.766 m | 96 plans, recent 236 ms/plan (4.5 Hz)
[ 22.19s] target 0 err=0.781 m | 101 plans, recent 221 ms/plan (4.6 Hz)
[ 23.29s] target 0 err=0.792 m | 107 plans, recent 209 ms/plan (4.6 Hz)
[ 24.30s] target 0 err=0.796 m | 112 plans, recent 202 ms/plan (4.6 Hz)
[ 25.45s] target 0 err=0.788 m | 117 plans, recent 202 ms/plan (4.6 Hz)
[ 26.51s] target 0 err=0.777 m | 122 plans, recent 204 ms/plan (4.6 Hz)
[ 27.65s] target 0 err=0.758 m | 128 plans, recent 204 ms/plan (4.6 Hz)
[ 28.68s] target 0 err=0.734 m | 133 plans, recent 200 ms/plan (4.6 Hz)
[ 29.84s] target 0 err=0.696 m | 139 plans, recent 199 ms/plan (4.7 Hz)
[ 30.90s] target 0 err=0.654 m | 144 plans, recent 203 ms/plan (4.7 Hz)
[ 32.05s] target 0 err=0.610 m | 149 plans, recent 213 ms/plan (4.6 Hz)
[ 33.19s] target 0 err=0.578 m | 154 plans, recent 224 ms/plan (4.6 Hz)
[ 34.31s] target 0 err=0.561 m | 159 plans, recent 221 ms/plan (4.6 Hz)
[ 35.42s] target 0 err=0.559 m | 164 plans, recent 220 ms/plan (4.6 Hz)
[ 36.50s] target 0 err=0.564 m | 169 plans, recent 218 ms/plan (4.6 Hz)
[ 37.68s] target 0 err=0.575 m | 175 plans, recent 210 ms/plan (4.6 Hz)
[ 38.70s] target 0 err=0.581 m | 179 plans, recent 222 ms/plan (4.6 Hz)
[ 39.81s] target 0 err=0.584 m | 183 plans, recent 228 ms/plan (4.6 Hz)
[ 41.08s] target 0 err=0.577 m | 189 plans, recent 231 ms/plan (4.6 Hz)
[ 42.11s] target 0 err=0.565 m | 193 plans, recent 241 ms/plan (4.6 Hz)
[ 43.20s] target 0 err=0.543 m | 198 plans, recent 234 ms/plan (4.6 Hz)
[ 44.27s] target 0 err=0.518 m | 203 plans, recent 223 ms/plan (4.6 Hz)
[ 45.31s] target 0 err=0.495 m | 208 plans, recent 221 ms/plan (4.6 Hz)
[ 46.46s] target 0 err=0.476 m | 213 plans, recent 221 ms/plan (4.6 Hz)
[ 47.54s] target 0 err=0.463 m | 217 plans, recent 230 ms/plan (4.6 Hz)
[ 48.80s] target 0 err=0.459 m | 222 plans, recent 236 ms/plan (4.5 Hz)
[ 49.95s] target 0 err=0.457 m | 227 plans, recent 241 ms/plan (4.5 Hz)
[ 51.03s] target 0 err=0.457 m | 232 plans, recent 240 ms/plan (4.5 Hz)
[ 52.07s] target 0 err=0.461 m | 236 plans, recent 239 ms/plan (4.5 Hz)
[ 53.11s] target 0 err=0.476 m | 241 plans, recent 228 ms/plan (4.5 Hz)
[ 54.35s] target 0 err=0.494 m | 246 plans, recent 232 ms/plan (4.5 Hz)
[ 55.42s] target 0 err=0.510 m | 250 plans, recent 240 ms/plan (4.5 Hz)
[ 56.57s] target 0 err=0.531 m | 255 plans, recent 234 ms/plan (4.5 Hz)
[ 57.61s] target 0 err=0.554 m | 260 plans, recent 235 ms/plan (4.5 Hz)
[ 58.84s] target 0 err=0.575 m | 265 plans, recent 234 ms/plan (4.5 Hz)
[ 59.98s] target 0 err=0.597 m | 270 plans, recent 230 ms/plan (4.5 Hz)
[ 61.00s] target 0 err=0.616 m | 274 plans, recent 231 ms/plan (4.5 Hz)
[ 62.15s] target 0 err=0.646 m | 280 plans, recent 227 ms/plan (4.5 Hz)
[ 63.42s] target 0 err=0.671 m | 285 plans, recent 226 ms/plan (4.5 Hz)
[ 64.43s] target 0 err=0.697 m | 290 plans, recent 222 ms/plan (4.5 Hz)
[ 65.61s] target 0 err=0.720 m | 295 plans, recent 219 ms/plan (4.5 Hz)
[ 66.78s] target 0 err=0.739 m | 300 plans, recent 229 ms/plan (4.5 Hz)
[ 67.83s] target 0 err=0.748 m | 305 plans, recent 215 ms/plan (4.5 Hz)
[ 68.93s] target 0 err=0.754 m | 313 plans, recent 178 ms/plan (4.5 Hz)
[ 69.94s] target 0 err=0.757 m | 319 plans, recent 166 ms/plan (4.6 Hz)
[ 71.11s] target 0 err=0.759 m | 326 plans, recent 158 ms/plan (4.6 Hz)
[ 72.12s] target 0 err=0.762 m | 332 plans, recent 168 ms/plan (4.6 Hz)
[ 73.27s] target 0 err=0.766 m | 338 plans, recent 177 ms/plan (4.6 Hz)
[ 74.36s] target 0 err=0.771 m | 344 plans, recent 179 ms/plan (4.6 Hz)
[ 75.56s] target 0 err=0.778 m | 351 plans, recent 179 ms/plan (4.6 Hz)
[ 76.65s] target 0 err=0.788 m | 357 plans, recent 178 ms/plan (4.7 Hz)
[ 77.73s] target 0 err=0.804 m | 363 plans, recent 178 ms/plan (4.7 Hz)
[ 78.91s] target 0 err=0.826 m | 368 plans, recent 202 ms/plan (4.7 Hz)
[ 80.01s] target 0 err=0.855 m | 374 plans, recent 201 ms/plan (4.7 Hz)
[ 81.04s] target 0 err=0.886 m | 381 plans, recent 186 ms/plan (4.7 Hz)
[ 82.06s] target 0 err=0.901 m | 388 plans, recent 154 ms/plan (4.7 Hz)
[ 83.07s] target 0 err=0.902 m | 395 plans, recent 148 ms/plan (4.8 Hz)
[ 84.20s] target 0 err=0.900 m | 401 plans, recent 154 ms/plan (4.8 Hz)
[ 85.45s] target 0 err=0.898 m | 408 plans, recent 167 ms/plan (4.8 Hz)
[ 86.50s] target 0 err=0.898 m | 414 plans, recent 177 ms/plan (4.8 Hz)
[ 87.57s] target 0 err=0.898 m | 421 plans, recent 169 ms/plan (4.8 Hz)
[ 88.67s] target 0 err=0.899 m | 428 plans, recent 160 ms/plan (4.8 Hz)
[ 89.78s] target 0 err=0.898 m | 434 plans, recent 164 ms/plan (4.8 Hz)
[ 90.91s] target 0 err=0.896 m | 440 plans, recent 173 ms/plan (4.8 Hz)
[ 91.95s] target 0 err=0.893 m | 446 plans, recent 178 ms/plan (4.9 Hz)
[ 92.95s] target 0 err=0.884 m | 453 plans, recent 163 ms/plan (4.9 Hz)
[ 94.03s] target 0 err=0.868 m | 460 plans, recent 157 ms/plan (4.9 Hz)
[ 95.11s] target 0 err=0.847 m | 466 plans, recent 164 ms/plan (4.9 Hz)
[ 96.17s] target 0 err=0.817 m | 472 plans, recent 169 ms/plan (4.9 Hz)
[ 97.29s] target 0 err=0.777 m | 478 plans, recent 174 ms/plan (4.9 Hz)
[ 98.35s] target 0 err=0.755 m | 484 plans, recent 176 ms/plan (4.9 Hz)
[ 99.52s] target 0 err=0.869 m | 489 plans, recent 194 ms/plan (4.9 Hz)
[100.59s] target 0 err=0.939 m | 495 plans, recent 187 ms/plan (4.9 Hz)
[101.59s] target 0 err=0.804 m | 502 plans, recent 185 ms/plan (4.9 Hz)
[102.65s] target 0 err=0.762 m | 507 plans, recent 178 ms/plan (4.9 Hz)
[103.80s] target 0 err=0.715 m | 512 plans, recent 190 ms/plan (4.9 Hz)
[104.89s] target 0 err=0.739 m | 517 plans, recent 204 ms/plan (4.9 Hz)
[106.14s] target 0 err=0.766 m | 522 plans, recent 229 ms/plan (4.9 Hz)
[107.16s] target 0 err=0.720 m | 527 plans, recent 223 ms/plan (4.9 Hz)
[108.35s] target 0 err=0.626 m | 532 plans, recent 225 ms/plan (4.9 Hz)
[109.45s] target 0 err=0.575 m | 536 plans, recent 241 ms/plan (4.9 Hz)
[110.54s] target 0 err=0.548 m | 541 plans, recent 227 ms/plan (4.9 Hz)
[111.81s] target 0 err=0.288 m | 547 plans, recent 232 ms/plan (4.9 Hz)
[112.84s] target 0 err=0.213 m | 551 plans, recent 238 ms/plan (4.9 Hz)
[113.87s] target 0 err=0.131 m | 555 plans, recent 230 ms/plan (4.9 Hz)
[ 27.85s] target 0 strict reach (23.9 mm) in 27.85 s
[114.88s] target 0 err=0.025 m | 561 plans, recent 217 ms/plan (4.9 Hz)
  reached_strict=True reached_5cm=True min_err=0.0229 violation=False safe_stall=False

=== [52/70] sqp_mpc target=16 (0.483, 0.341, 0.213) ===
loaded=/home/home/mbd/koopman/mbd_koopman/out/franka/models/bk_seed0.pt
SQP-MPC: 3 SQP re-freezes, act_dist 999.0, whole_arm=True, 1 box(es), 62 keep-out rows/step (compiled once, DPP)
warm-up: 3 throwaway plans
[  1.07s] target 0 err=0.642 m | 7 plans, recent 178 ms/plan (6.6 Hz)
[  2.07s] target 0 err=0.624 m | 12 plans, recent 185 ms/plan (5.8 Hz)
[  3.20s] target 0 err=0.643 m | 18 plans, recent 183 ms/plan (5.6 Hz)
[  4.29s] target 0 err=0.675 m | 23 plans, recent 203 ms/plan (5.4 Hz)
[  5.47s] target 0 err=0.696 m | 28 plans, recent 215 ms/plan (5.1 Hz)
[  6.54s] target 0 err=0.706 m | 33 plans, recent 212 ms/plan (5.0 Hz)
[  7.55s] target 0 err=0.718 m | 39 plans, recent 205 ms/plan (5.2 Hz)
[  8.81s] target 0 err=0.732 m | 46 plans, recent 186 ms/plan (5.2 Hz)
[  9.85s] target 0 err=0.749 m | 52 plans, recent 174 ms/plan (5.3 Hz)
[ 10.87s] target 0 err=0.777 m | 59 plans, recent 171 ms/plan (5.4 Hz)
[ 12.03s] target 0 err=0.805 m | 66 plans, recent 164 ms/plan (5.5 Hz)
[ 13.20s] target 0 err=0.837 m | 72 plans, recent 167 ms/plan (5.5 Hz)
[ 14.25s] target 0 err=0.869 m | 79 plans, recent 164 ms/plan (5.5 Hz)
[ 15.38s] target 0 err=0.879 m | 86 plans, recent 161 ms/plan (5.6 Hz)
[ 16.47s] target 0 err=0.856 m | 93 plans, recent 155 ms/plan (5.6 Hz)
[ 17.51s] target 0 err=0.738 m | 99 plans, recent 168 ms/plan (5.7 Hz)
[ 18.68s] target 0 err=0.584 m | 104 plans, recent 185 ms/plan (5.6 Hz)
[ 19.71s] target 0 err=0.528 m | 109 plans, recent 198 ms/plan (5.5 Hz)
[ 20.79s] target 0 err=0.525 m | 114 plans, recent 205 ms/plan (5.5 Hz)
[ 21.81s] target 0 err=0.567 m | 119 plans, recent 214 ms/plan (5.5 Hz)
[ 22.98s] target 0 err=0.614 m | 124 plans, recent 213 ms/plan (5.4 Hz)
[ 24.00s] target 0 err=0.670 m | 128 plans, recent 226 ms/plan (5.3 Hz)
[ 25.02s] target 0 err=0.703 m | 132 plans, recent 235 ms/plan (5.3 Hz)
[ 26.12s] target 0 err=0.731 m | 136 plans, recent 250 ms/plan (5.2 Hz)
[ 27.18s] target 0 err=0.718 m | 140 plans, recent 250 ms/plan (5.2 Hz)
[ 28.33s] target 0 err=0.687 m | 145 plans, recent 253 ms/plan (5.1 Hz)
[ 29.46s] target 0 err=0.653 m | 150 plans, recent 246 ms/plan (5.1 Hz)
[ 30.63s] target 0 err=0.629 m | 155 plans, recent 229 ms/plan (5.1 Hz)
[ 31.80s] target 0 err=0.629 m | 162 plans, recent 213 ms/plan (5.1 Hz)
[ 32.91s] target 0 err=0.650 m | 167 plans, recent 206 ms/plan (5.1 Hz)
[ 34.13s] target 0 err=0.671 m | 172 plans, recent 204 ms/plan (5.0 Hz)
[ 35.20s] target 0 err=0.681 m | 178 plans, recent 214 ms/plan (5.1 Hz)
[ 36.32s] target 0 err=0.679 m | 183 plans, recent 214 ms/plan (5.0 Hz)
[ 37.42s] target 0 err=0.671 m | 188 plans, recent 210 ms/plan (5.0 Hz)
[ 38.55s] target 0 err=0.658 m | 194 plans, recent 205 ms/plan (5.0 Hz)
[ 39.67s] target 0 err=0.648 m | 199 plans, recent 209 ms/plan (5.0 Hz)
[ 40.91s] target 0 err=0.641 m | 205 plans, recent 201 ms/plan (5.0 Hz)
[ 41.92s] target 0 err=0.638 m | 211 plans, recent 190 ms/plan (5.0 Hz)
[ 43.09s] target 0 err=0.638 m | 217 plans, recent 187 ms/plan (5.0 Hz)
[ 44.14s] target 0 err=0.638 m | 222 plans, recent 194 ms/plan (5.0 Hz)
[ 45.16s] target 0 err=0.637 m | 228 plans, recent 185 ms/plan (5.0 Hz)
[ 46.24s] target 0 err=0.634 m | 234 plans, recent 183 ms/plan (5.1 Hz)
[ 47.46s] target 0 err=0.631 m | 239 plans, recent 199 ms/plan (5.0 Hz)
[ 48.52s] target 0 err=0.627 m | 245 plans, recent 193 ms/plan (5.0 Hz)
[ 49.59s] target 0 err=0.624 m | 251 plans, recent 194 ms/plan (5.1 Hz)
[ 50.65s] target 0 err=0.623 m | 256 plans, recent 196 ms/plan (5.1 Hz)
[ 51.73s] target 0 err=0.624 m | 260 plans, recent 205 ms/plan (5.0 Hz)
[ 52.78s] target 0 err=0.627 m | 265 plans, recent 216 ms/plan (5.0 Hz)
[ 54.03s] target 0 err=0.632 m | 270 plans, recent 231 ms/plan (5.0 Hz)
[ 55.14s] target 0 err=0.635 m | 275 plans, recent 231 ms/plan (5.0 Hz)
[ 56.25s] target 0 err=0.634 m | 281 plans, recent 217 ms/plan (5.0 Hz)
[ 57.33s] target 0 err=0.631 m | 286 plans, recent 211 ms/plan (5.0 Hz)
[ 58.49s] target 0 err=0.636 m | 291 plans, recent 217 ms/plan (5.0 Hz)
[ 59.55s] target 0 err=0.643 m | 296 plans, recent 219 ms/plan (5.0 Hz)
[ 60.67s] target 0 err=0.645 m | 301 plans, recent 215 ms/plan (5.0 Hz)
[ 61.87s] target 0 err=0.641 m | 307 plans, recent 219 ms/plan (5.0 Hz)
[ 63.02s] target 0 err=0.637 m | 312 plans, recent 216 ms/plan (5.0 Hz)
[ 64.23s] target 0 err=0.633 m | 317 plans, recent 222 ms/plan (4.9 Hz)
[ 65.27s] target 0 err=0.631 m | 321 plans, recent 236 ms/plan (4.9 Hz)
[ 66.48s] target 0 err=0.628 m | 326 plans, recent 244 ms/plan (4.9 Hz)
[ 67.62s] target 0 err=0.632 m | 331 plans, recent 243 ms/plan (4.9 Hz)
[ 68.84s] target 0 err=0.640 m | 336 plans, recent 243 ms/plan (4.9 Hz)
[ 69.97s] target 0 err=0.637 m | 341 plans, recent 232 ms/plan (4.9 Hz)
[ 71.01s] target 0 err=0.634 m | 345 plans, recent 239 ms/plan (4.9 Hz)
[ 72.05s] target 0 err=0.631 m | 349 plans, recent 245 ms/plan (4.8 Hz)
[ 73.06s] target 0 err=0.633 m | 353 plans, recent 244 ms/plan (4.8 Hz)
[ 74.11s] target 0 err=0.643 m | 358 plans, recent 245 ms/plan (4.8 Hz)
[ 75.19s] target 0 err=0.638 m | 362 plans, recent 246 ms/plan (4.8 Hz)
[ 76.21s] target 0 err=0.634 m | 366 plans, recent 242 ms/plan (4.8 Hz)
[ 77.24s] target 0 err=0.632 m | 370 plans, recent 244 ms/plan (4.8 Hz)
[ 78.43s] target 0 err=0.633 m | 375 plans, recent 245 ms/plan (4.8 Hz)
[ 79.69s] target 0 err=0.643 m | 380 plans, recent 249 ms/plan (4.8 Hz)
[ 80.74s] target 0 err=0.638 m | 385 plans, recent 239 ms/plan (4.8 Hz)
[ 81.85s] target 0 err=0.635 m | 390 plans, recent 231 ms/plan (4.8 Hz)
[ 82.99s] target 0 err=0.635 m | 395 plans, recent 226 ms/plan (4.8 Hz)
[ 84.16s] target 0 err=0.637 m | 400 plans, recent 224 ms/plan (4.8 Hz)
[ 85.22s] target 0 err=0.639 m | 405 plans, recent 222 ms/plan (4.8 Hz)
[ 86.24s] target 0 err=0.635 m | 409 plans, recent 232 ms/plan (4.7 Hz)
[ 87.32s] target 0 err=0.634 m | 413 plans, recent 236 ms/plan (4.7 Hz)
[ 88.47s] target 0 err=0.634 m | 419 plans, recent 220 ms/plan (4.7 Hz)
[ 89.54s] target 0 err=0.638 m | 424 plans, recent 229 ms/plan (4.7 Hz)
[ 90.56s] target 0 err=0.641 m | 428 plans, recent 229 ms/plan (4.7 Hz)
[ 91.62s] target 0 err=0.635 m | 432 plans, recent 226 ms/plan (4.7 Hz)
[ 92.63s] target 0 err=0.631 m | 436 plans, recent 245 ms/plan (4.7 Hz)
[ 93.83s] target 0 err=0.628 m | 441 plans, recent 248 ms/plan (4.7 Hz)
[ 94.93s] target 0 err=0.641 m | 446 plans, recent 246 ms/plan (4.7 Hz)
[ 96.15s] target 0 err=0.645 m | 451 plans, recent 236 ms/plan (4.7 Hz)
[ 97.22s] target 0 err=0.634 m | 456 plans, recent 228 ms/plan (4.7 Hz)
[ 98.30s] target 0 err=0.629 m | 460 plans, recent 235 ms/plan (4.7 Hz)
[ 99.35s] target 0 err=0.628 m | 465 plans, recent 231 ms/plan (4.7 Hz)
[100.54s] target 0 err=0.635 m | 470 plans, recent 231 ms/plan (4.7 Hz)
[101.56s] target 0 err=0.643 m | 475 plans, recent 226 ms/plan (4.7 Hz)
[102.68s] target 0 err=0.638 m | 480 plans, recent 220 ms/plan (4.7 Hz)
[103.80s] target 0 err=0.635 m | 484 plans, recent 234 ms/plan (4.7 Hz)
[105.06s] target 0 err=0.635 m | 489 plans, recent 237 ms/plan (4.7 Hz)
[106.26s] target 0 err=0.637 m | 494 plans, recent 244 ms/plan (4.6 Hz)
[107.38s] target 0 err=0.637 m | 499 plans, recent 243 ms/plan (4.6 Hz)
[108.39s] target 0 err=0.634 m | 503 plans, recent 242 ms/plan (4.6 Hz)
[109.45s] target 0 err=0.634 m | 507 plans, recent 247 ms/plan (4.6 Hz)
[110.46s] target 0 err=0.633 m | 511 plans, recent 247 ms/plan (4.6 Hz)
[111.61s] target 0 err=0.639 m | 516 plans, recent 246 ms/plan (4.6 Hz)
[112.72s] target 0 err=0.641 m | 521 plans, recent 244 ms/plan (4.6 Hz)
[113.93s] target 0 err=0.633 m | 526 plans, recent 237 ms/plan (4.6 Hz)
[115.04s] target 0 err=0.632 m | 530 plans, recent 238 ms/plan (4.6 Hz)
[116.20s] target 0 err=0.632 m | 535 plans, recent 239 ms/plan (4.6 Hz)
[117.42s] target 0 err=0.638 m | 540 plans, recent 248 ms/plan (4.6 Hz)
[118.44s] target 0 err=0.640 m | 544 plans, recent 247 ms/plan (4.6 Hz)
[119.50s] target 0 err=0.636 m | 548 plans, recent 251 ms/plan (4.6 Hz)
[120.64s] target 0 err=0.634 m | 552 plans, recent 260 ms/plan (4.6 Hz)
[121.90s] target 0 err=0.631 m | 557 plans, recent 260 ms/plan (4.6 Hz)
[123.14s] target 0 err=0.643 m | 562 plans, recent 257 ms/plan (4.6 Hz)
[124.40s] target 0 err=0.637 m | 567 plans, recent 258 ms/plan (4.6 Hz)
[125.50s] target 0 err=0.633 m | 571 plans, recent 250 ms/plan (4.5 Hz)
[126.69s] target 0 err=0.629 m | 577 plans, recent 241 ms/plan (4.6 Hz)
[127.95s] target 0 err=0.640 m | 582 plans, recent 237 ms/plan (4.5 Hz)
[129.01s] target 0 err=0.644 m | 586 plans, recent 244 ms/plan (4.5 Hz)
[130.07s] target 0 err=0.636 m | 590 plans, recent 241 ms/plan (4.5 Hz)
[131.19s] target 0 err=0.629 m | 594 plans, recent 260 ms/plan (4.5 Hz)
[132.27s] target 0 err=0.628 m | 599 plans, recent 257 ms/plan (4.5 Hz)
  reached_strict=False reached_5cm=False min_err=0.5178 violation=False safe_stall=True

=== [53/70] sqp_mpc target=17 (0.518, 0.32, 0.236) ===
loaded=/home/home/mbd/koopman/mbd_koopman/out/franka/models/bk_seed0.pt
SQP-MPC: 3 SQP re-freezes, act_dist 999.0, whole_arm=True, 1 box(es), 62 keep-out rows/step (compiled once, DPP)
warm-up: 3 throwaway plans
[  1.00s] target 0 err=0.625 m | 8 plans, recent 140 ms/plan (8.0 Hz)
[  2.07s] target 0 err=0.641 m | 16 plans, recent 137 ms/plan (7.7 Hz)
[  3.20s] target 0 err=0.689 m | 24 plans, recent 140 ms/plan (7.5 Hz)
[  4.30s] target 0 err=0.739 m | 32 plans, recent 136 ms/plan (7.4 Hz)
[  5.37s] target 0 err=0.774 m | 41 plans, recent 129 ms/plan (7.6 Hz)
[  6.43s] target 0 err=0.803 m | 50 plans, recent 118 ms/plan (7.8 Hz)
[  7.46s] target 0 err=0.819 m | 59 plans, recent 117 ms/plan (7.9 Hz)
[  8.53s] target 0 err=0.824 m | 68 plans, recent 114 ms/plan (8.0 Hz)
[  9.55s] target 0 err=0.790 m | 77 plans, recent 120 ms/plan (8.1 Hz)
[ 10.61s] target 0 err=0.629 m | 83 plans, recent 137 ms/plan (7.8 Hz)
[ 11.70s] target 0 err=0.530 m | 88 plans, recent 162 ms/plan (7.5 Hz)
[ 12.79s] target 0 err=0.519 m | 93 plans, recent 195 ms/plan (7.3 Hz)
[ 13.84s] target 0 err=0.548 m | 97 plans, recent 217 ms/plan (7.0 Hz)
[ 14.85s] target 0 err=0.602 m | 101 plans, recent 233 ms/plan (6.8 Hz)
[ 16.12s] target 0 err=0.634 m | 106 plans, recent 242 ms/plan (6.6 Hz)
[ 17.16s] target 0 err=0.650 m | 110 plans, recent 252 ms/plan (6.4 Hz)
[ 18.38s] target 0 err=0.662 m | 115 plans, recent 249 ms/plan (6.3 Hz)
[ 19.62s] target 0 err=0.649 m | 120 plans, recent 251 ms/plan (6.1 Hz)
[ 20.78s] target 0 err=0.626 m | 125 plans, recent 246 ms/plan (6.0 Hz)
[ 21.81s] target 0 err=0.640 m | 129 plans, recent 239 ms/plan (5.9 Hz)
[ 22.91s] target 0 err=0.662 m | 134 plans, recent 239 ms/plan (5.8 Hz)
[ 24.00s] target 0 err=0.670 m | 139 plans, recent 232 ms/plan (5.8 Hz)
[ 25.12s] target 0 err=0.678 m | 144 plans, recent 225 ms/plan (5.7 Hz)
[ 26.12s] target 0 err=0.681 m | 148 plans, recent 227 ms/plan (5.7 Hz)
[ 27.27s] target 0 err=0.682 m | 153 plans, recent 231 ms/plan (5.6 Hz)
[ 28.30s] target 0 err=0.678 m | 157 plans, recent 233 ms/plan (5.5 Hz)
[ 29.41s] target 0 err=0.669 m | 162 plans, recent 234 ms/plan (5.5 Hz)
[ 30.65s] target 0 err=0.660 m | 167 plans, recent 238 ms/plan (5.4 Hz)
[ 31.77s] target 0 err=0.651 m | 172 plans, recent 238 ms/plan (5.4 Hz)
[ 32.77s] target 0 err=0.648 m | 176 plans, recent 237 ms/plan (5.4 Hz)
[ 33.89s] target 0 err=0.645 m | 181 plans, recent 233 ms/plan (5.3 Hz)
[ 34.92s] target 0 err=0.644 m | 186 plans, recent 218 ms/plan (5.3 Hz)
[ 36.07s] target 0 err=0.643 m | 193 plans, recent 200 ms/plan (5.4 Hz)
[ 37.19s] target 0 err=0.642 m | 199 plans, recent 191 ms/plan (5.4 Hz)
[ 38.25s] target 0 err=0.640 m | 204 plans, recent 187 ms/plan (5.3 Hz)
[ 39.37s] target 0 err=0.637 m | 210 plans, recent 186 ms/plan (5.3 Hz)
[ 40.46s] target 0 err=0.634 m | 217 plans, recent 176 ms/plan (5.4 Hz)
[ 41.47s] target 0 err=0.632 m | 224 plans, recent 157 ms/plan (5.4 Hz)
[ 42.53s] target 0 err=0.629 m | 231 plans, recent 158 ms/plan (5.4 Hz)
[ 43.61s] target 0 err=0.627 m | 236 plans, recent 168 ms/plan (5.4 Hz)
[ 44.71s] target 0 err=0.625 m | 242 plans, recent 179 ms/plan (5.4 Hz)
[ 45.78s] target 0 err=0.622 m | 247 plans, recent 190 ms/plan (5.4 Hz)
[ 46.96s] target 0 err=0.619 m | 253 plans, recent 194 ms/plan (5.4 Hz)
[ 48.11s] target 0 err=0.615 m | 260 plans, recent 184 ms/plan (5.4 Hz)
[ 49.27s] target 0 err=0.614 m | 266 plans, recent 184 ms/plan (5.4 Hz)
[ 50.45s] target 0 err=0.614 m | 271 plans, recent 195 ms/plan (5.4 Hz)
[ 51.61s] target 0 err=0.618 m | 277 plans, recent 199 ms/plan (5.4 Hz)
[ 52.69s] target 0 err=0.625 m | 284 plans, recent 192 ms/plan (5.4 Hz)
[ 53.78s] target 0 err=0.630 m | 289 plans, recent 187 ms/plan (5.4 Hz)
[ 54.88s] target 0 err=0.633 m | 294 plans, recent 195 ms/plan (5.4 Hz)
[ 56.06s] target 0 err=0.635 m | 299 plans, recent 212 ms/plan (5.3 Hz)
[ 57.22s] target 0 err=0.635 m | 304 plans, recent 226 ms/plan (5.3 Hz)
[ 58.30s] target 0 err=0.627 m | 310 plans, recent 214 ms/plan (5.3 Hz)
[ 59.49s] target 0 err=0.624 m | 315 plans, recent 216 ms/plan (5.3 Hz)
[ 60.69s] target 0 err=0.623 m | 320 plans, recent 216 ms/plan (5.3 Hz)
[ 61.79s] target 0 err=0.625 m | 326 plans, recent 212 ms/plan (5.3 Hz)
[ 62.89s] target 0 err=0.629 m | 331 plans, recent 216 ms/plan (5.3 Hz)
[ 64.10s] target 0 err=0.635 m | 336 plans, recent 213 ms/plan (5.2 Hz)
[ 65.33s] target 0 err=0.641 m | 342 plans, recent 217 ms/plan (5.2 Hz)
[ 66.47s] target 0 err=0.643 m | 347 plans, recent 226 ms/plan (5.2 Hz)
[ 67.66s] target 0 err=0.646 m | 352 plans, recent 229 ms/plan (5.2 Hz)
[ 68.91s] target 0 err=0.647 m | 357 plans, recent 233 ms/plan (5.2 Hz)
[ 69.98s] target 0 err=0.636 m | 362 plans, recent 229 ms/plan (5.2 Hz)
[ 71.20s] target 0 err=0.628 m | 368 plans, recent 224 ms/plan (5.2 Hz)
[ 72.25s] target 0 err=0.624 m | 373 plans, recent 214 ms/plan (5.2 Hz)
[ 73.39s] target 0 err=0.627 m | 378 plans, recent 217 ms/plan (5.2 Hz)
[ 74.53s] target 0 err=0.634 m | 383 plans, recent 222 ms/plan (5.1 Hz)
[ 75.61s] target 0 err=0.642 m | 388 plans, recent 218 ms/plan (5.1 Hz)
[ 76.84s] target 0 err=0.646 m | 393 plans, recent 228 ms/plan (5.1 Hz)
[ 77.99s] target 0 err=0.650 m | 398 plans, recent 224 ms/plan (5.1 Hz)
[ 79.08s] target 0 err=0.655 m | 404 plans, recent 215 ms/plan (5.1 Hz)
[ 80.15s] target 0 err=0.647 m | 409 plans, recent 215 ms/plan (5.1 Hz)
[ 81.34s] target 0 err=0.628 m | 415 plans, recent 203 ms/plan (5.1 Hz)
[ 82.46s] target 0 err=0.622 m | 420 plans, recent 207 ms/plan (5.1 Hz)
[ 83.65s] target 0 err=0.622 m | 425 plans, recent 219 ms/plan (5.1 Hz)
[ 84.86s] target 0 err=0.628 m | 430 plans, recent 224 ms/plan (5.1 Hz)
[ 85.98s] target 0 err=0.634 m | 435 plans, recent 231 ms/plan (5.1 Hz)
[ 87.12s] target 0 err=0.638 m | 440 plans, recent 234 ms/plan (5.1 Hz)
[ 88.31s] target 0 err=0.642 m | 445 plans, recent 226 ms/plan (5.0 Hz)
[ 89.47s] target 0 err=0.643 m | 450 plans, recent 230 ms/plan (5.0 Hz)
[ 90.50s] target 0 err=0.635 m | 455 plans, recent 226 ms/plan (5.0 Hz)
[ 91.70s] target 0 err=0.627 m | 461 plans, recent 218 ms/plan (5.0 Hz)
[ 92.78s] target 0 err=0.622 m | 466 plans, recent 207 ms/plan (5.0 Hz)
[ 93.93s] target 0 err=0.623 m | 471 plans, recent 207 ms/plan (5.0 Hz)
[ 94.98s] target 0 err=0.628 m | 476 plans, recent 212 ms/plan (5.0 Hz)
[ 96.07s] target 0 err=0.633 m | 481 plans, recent 213 ms/plan (5.0 Hz)
[ 97.16s] target 0 err=0.637 m | 486 plans, recent 221 ms/plan (5.0 Hz)
[ 98.34s] target 0 err=0.640 m | 491 plans, recent 221 ms/plan (5.0 Hz)
[ 99.35s] target 0 err=0.644 m | 496 plans, recent 216 ms/plan (5.0 Hz)
[100.45s] target 0 err=0.638 m | 501 plans, recent 221 ms/plan (5.0 Hz)
[101.66s] target 0 err=0.631 m | 506 plans, recent 221 ms/plan (5.0 Hz)
[102.88s] target 0 err=0.624 m | 512 plans, recent 223 ms/plan (5.0 Hz)
[103.89s] target 0 err=0.622 m | 516 plans, recent 226 ms/plan (5.0 Hz)
[105.12s] target 0 err=0.624 m | 521 plans, recent 233 ms/plan (5.0 Hz)
[106.17s] target 0 err=0.629 m | 526 plans, recent 227 ms/plan (5.0 Hz)
[107.24s] target 0 err=0.633 m | 531 plans, recent 229 ms/plan (5.0 Hz)
[108.44s] target 0 err=0.635 m | 536 plans, recent 228 ms/plan (4.9 Hz)
[109.55s] target 0 err=0.640 m | 541 plans, recent 222 ms/plan (4.9 Hz)
[110.68s] target 0 err=0.637 m | 546 plans, recent 223 ms/plan (4.9 Hz)
[111.76s] target 0 err=0.632 m | 551 plans, recent 220 ms/plan (4.9 Hz)
[112.76s] target 0 err=0.626 m | 556 plans, recent 217 ms/plan (4.9 Hz)
[113.87s] target 0 err=0.622 m | 561 plans, recent 215 ms/plan (4.9 Hz)
[115.00s] target 0 err=0.623 m | 565 plans, recent 226 ms/plan (4.9 Hz)
[116.28s] target 0 err=0.627 m | 570 plans, recent 232 ms/plan (4.9 Hz)
[117.36s] target 0 err=0.632 m | 575 plans, recent 236 ms/plan (4.9 Hz)
[118.60s] target 0 err=0.635 m | 580 plans, recent 244 ms/plan (4.9 Hz)
[119.85s] target 0 err=0.639 m | 586 plans, recent 225 ms/plan (4.9 Hz)
[120.93s] target 0 err=0.635 m | 592 plans, recent 217 ms/plan (4.9 Hz)
[122.02s] target 0 err=0.633 m | 597 plans, recent 213 ms/plan (4.9 Hz)
  reached_strict=False reached_5cm=False min_err=0.5165 violation=False safe_stall=True

=== [54/70] sqp_mpc target=18 (0.416, 0.301, 0.339) ===
loaded=/home/home/mbd/koopman/mbd_koopman/out/franka/models/bk_seed0.pt
SQP-MPC: 3 SQP re-freezes, act_dist 999.0, whole_arm=True, 1 box(es), 62 keep-out rows/step (compiled once, DPP)
warm-up: 3 throwaway plans
[  1.10s] target 0 err=0.594 m | 6 plans, recent 208 ms/plan (5.4 Hz)
[  2.19s] target 0 err=0.563 m | 11 plans, recent 220 ms/plan (5.0 Hz)
[  3.28s] target 0 err=0.553 m | 16 plans, recent 216 ms/plan (4.9 Hz)
[  4.53s] target 0 err=0.561 m | 22 plans, recent 215 ms/plan (4.9 Hz)
[  5.59s] target 0 err=0.569 m | 27 plans, recent 212 ms/plan (4.8 Hz)
[  6.60s] target 0 err=0.563 m | 32 plans, recent 204 ms/plan (4.9 Hz)
[  7.80s] target 0 err=0.544 m | 38 plans, recent 205 ms/plan (4.9 Hz)
[  9.00s] target 0 err=0.519 m | 44 plans, recent 193 ms/plan (4.9 Hz)
[ 10.00s] target 0 err=0.498 m | 49 plans, recent 199 ms/plan (4.9 Hz)
[ 11.16s] target 0 err=0.477 m | 54 plans, recent 209 ms/plan (4.8 Hz)
[ 12.20s] target 0 err=0.460 m | 59 plans, recent 208 ms/plan (4.8 Hz)
[ 13.24s] target 0 err=0.453 m | 64 plans, recent 216 ms/plan (4.8 Hz)
[ 14.34s] target 0 err=0.459 m | 69 plans, recent 209 ms/plan (4.8 Hz)
[ 15.60s] target 0 err=0.485 m | 75 plans, recent 209 ms/plan (4.8 Hz)
[ 16.75s] target 0 err=0.534 m | 80 plans, recent 213 ms/plan (4.8 Hz)
[ 17.79s] target 0 err=0.628 m | 85 plans, recent 215 ms/plan (4.8 Hz)
[ 18.80s] target 0 err=0.660 m | 90 plans, recent 215 ms/plan (4.8 Hz)
[ 19.85s] target 0 err=0.498 m | 94 plans, recent 221 ms/plan (4.7 Hz)
[ 20.95s] target 0 err=0.354 m | 99 plans, recent 223 ms/plan (4.7 Hz)
[ 22.20s] target 0 err=0.279 m | 104 plans, recent 232 ms/plan (4.7 Hz)
[ 23.46s] target 0 err=0.219 m | 109 plans, recent 240 ms/plan (4.6 Hz)
[ 24.61s] target 0 err=0.165 m | 114 plans, recent 240 ms/plan (4.6 Hz)
[ 25.80s] target 0 err=0.138 m | 119 plans, recent 242 ms/plan (4.6 Hz)
[ 26.86s] target 0 err=0.109 m | 123 plans, recent 243 ms/plan (4.6 Hz)
[ 27.99s] target 0 err=0.066 m | 128 plans, recent 235 ms/plan (4.6 Hz)
[  6.70s] target 0 strict reach (24.7 mm) in 6.70 s
[ 29.02s] target 0 err=0.025 m | 135 plans, recent 202 ms/plan (4.7 Hz)
  reached_strict=True reached_5cm=True min_err=0.0215 violation=False safe_stall=False

=== [55/70] sqp_mpc target=19 (0.392, 0.353, 0.254) ===
loaded=/home/home/mbd/koopman/mbd_koopman/out/franka/models/bk_seed0.pt
SQP-MPC: 3 SQP re-freezes, act_dist 999.0, whole_arm=True, 1 box(es), 62 keep-out rows/step (compiled once, DPP)
warm-up: 3 throwaway plans
[  1.01s] target 0 err=0.658 m | 6 plans, recent 211 ms/plan (5.9 Hz)
[  2.08s] target 0 err=0.604 m | 11 plans, recent 207 ms/plan (5.3 Hz)
[  3.22s] target 0 err=0.602 m | 16 plans, recent 210 ms/plan (5.0 Hz)
[  4.34s] target 0 err=0.615 m | 21 plans, recent 218 ms/plan (4.8 Hz)
[  5.40s] target 0 err=0.606 m | 26 plans, recent 212 ms/plan (4.8 Hz)
[  6.52s] target 0 err=0.582 m | 32 plans, recent 211 ms/plan (4.9 Hz)
[  7.52s] target 0 err=0.556 m | 37 plans, recent 198 ms/plan (4.9 Hz)
[  8.64s] target 0 err=0.525 m | 43 plans, recent 189 ms/plan (5.0 Hz)
[  9.65s] target 0 err=0.502 m | 48 plans, recent 196 ms/plan (5.0 Hz)
[ 10.76s] target 0 err=0.492 m | 53 plans, recent 201 ms/plan (4.9 Hz)
[ 11.88s] target 0 err=0.498 m | 58 plans, recent 214 ms/plan (4.9 Hz)
[ 13.00s] target 0 err=0.517 m | 63 plans, recent 221 ms/plan (4.8 Hz)
[ 14.24s] target 0 err=0.552 m | 69 plans, recent 220 ms/plan (4.8 Hz)
[ 15.25s] target 0 err=0.576 m | 73 plans, recent 221 ms/plan (4.8 Hz)
[ 16.35s] target 0 err=0.601 m | 78 plans, recent 217 ms/plan (4.8 Hz)
[ 17.42s] target 0 err=0.620 m | 84 plans, recent 213 ms/plan (4.8 Hz)
[ 18.57s] target 0 err=0.630 m | 89 plans, recent 215 ms/plan (4.8 Hz)
[ 19.76s] target 0 err=0.658 m | 94 plans, recent 221 ms/plan (4.8 Hz)
[ 20.90s] target 0 err=0.719 m | 99 plans, recent 223 ms/plan (4.7 Hz)
[ 22.09s] target 0 err=0.779 m | 105 plans, recent 219 ms/plan (4.8 Hz)
[ 23.23s] target 0 err=0.782 m | 111 plans, recent 204 ms/plan (4.8 Hz)
[ 24.30s] target 0 err=0.736 m | 117 plans, recent 186 ms/plan (4.8 Hz)
[ 25.35s] target 0 err=0.648 m | 123 plans, recent 187 ms/plan (4.9 Hz)
[ 26.41s] target 0 err=0.578 m | 128 plans, recent 186 ms/plan (4.8 Hz)
[ 27.68s] target 0 err=0.587 m | 134 plans, recent 197 ms/plan (4.8 Hz)
[ 28.79s] target 0 err=0.616 m | 138 plans, recent 221 ms/plan (4.8 Hz)
[ 29.80s] target 0 err=0.673 m | 142 plans, recent 233 ms/plan (4.8 Hz)
[ 30.82s] target 0 err=0.700 m | 146 plans, recent 243 ms/plan (4.7 Hz)
[ 32.02s] target 0 err=0.747 m | 151 plans, recent 256 ms/plan (4.7 Hz)
[ 33.29s] target 0 err=0.683 m | 156 plans, recent 249 ms/plan (4.7 Hz)
[ 34.32s] target 0 err=0.645 m | 160 plans, recent 251 ms/plan (4.7 Hz)
[ 35.33s] target 0 err=0.603 m | 164 plans, recent 249 ms/plan (4.6 Hz)
[ 36.52s] target 0 err=0.590 m | 169 plans, recent 247 ms/plan (4.6 Hz)
[ 37.54s] target 0 err=0.601 m | 174 plans, recent 237 ms/plan (4.6 Hz)
[ 38.73s] target 0 err=0.521 m | 180 plans, recent 218 ms/plan (4.6 Hz)
[ 39.81s] target 0 err=0.530 m | 186 plans, recent 199 ms/plan (4.7 Hz)
[ 40.81s] target 0 err=0.533 m | 191 plans, recent 189 ms/plan (4.7 Hz)
[ 41.93s] target 0 err=0.534 m | 197 plans, recent 193 ms/plan (4.7 Hz)
[ 43.04s] target 0 err=0.530 m | 203 plans, recent 192 ms/plan (4.7 Hz)
[ 44.14s] target 0 err=0.529 m | 209 plans, recent 179 ms/plan (4.7 Hz)
[ 45.19s] target 0 err=0.531 m | 215 plans, recent 179 ms/plan (4.8 Hz)
[ 46.36s] target 0 err=0.533 m | 221 plans, recent 181 ms/plan (4.8 Hz)
[ 47.44s] target 0 err=0.533 m | 228 plans, recent 172 ms/plan (4.8 Hz)
[ 48.51s] target 0 err=0.530 m | 234 plans, recent 179 ms/plan (4.8 Hz)
[ 49.72s] target 0 err=0.529 m | 239 plans, recent 186 ms/plan (4.8 Hz)
[ 50.92s] target 0 err=0.529 m | 244 plans, recent 212 ms/plan (4.8 Hz)
[ 52.03s] target 0 err=0.530 m | 248 plans, recent 233 ms/plan (4.8 Hz)
[ 53.27s] target 0 err=0.531 m | 253 plans, recent 248 ms/plan (4.7 Hz)
[ 54.37s] target 0 err=0.529 m | 258 plans, recent 246 ms/plan (4.7 Hz)
[ 55.50s] target 0 err=0.532 m | 263 plans, recent 238 ms/plan (4.7 Hz)
[ 56.53s] target 0 err=0.534 m | 268 plans, recent 222 ms/plan (4.7 Hz)
[ 57.64s] target 0 err=0.531 m | 273 plans, recent 221 ms/plan (4.7 Hz)
[ 58.87s] target 0 err=0.533 m | 278 plans, recent 223 ms/plan (4.7 Hz)
[ 60.01s] target 0 err=0.530 m | 283 plans, recent 229 ms/plan (4.7 Hz)
[ 61.20s] target 0 err=0.532 m | 288 plans, recent 235 ms/plan (4.7 Hz)
[ 62.24s] target 0 err=0.532 m | 292 plans, recent 241 ms/plan (4.7 Hz)
[ 63.36s] target 0 err=0.530 m | 297 plans, recent 228 ms/plan (4.7 Hz)
[ 64.44s] target 0 err=0.533 m | 302 plans, recent 232 ms/plan (4.7 Hz)
[ 65.60s] target 0 err=0.532 m | 307 plans, recent 233 ms/plan (4.7 Hz)
[ 66.83s] target 0 err=0.533 m | 312 plans, recent 227 ms/plan (4.7 Hz)
[ 67.99s] target 0 err=0.533 m | 317 plans, recent 236 ms/plan (4.7 Hz)
[ 69.13s] target 0 err=0.531 m | 322 plans, recent 235 ms/plan (4.7 Hz)
[ 70.14s] target 0 err=0.539 m | 327 plans, recent 219 ms/plan (4.7 Hz)
[ 71.32s] target 0 err=0.533 m | 332 plans, recent 223 ms/plan (4.7 Hz)
[ 72.49s] target 0 err=0.531 m | 337 plans, recent 228 ms/plan (4.6 Hz)
[ 73.57s] target 0 err=0.540 m | 342 plans, recent 219 ms/plan (4.6 Hz)
[ 74.76s] target 0 err=0.534 m | 347 plans, recent 234 ms/plan (4.6 Hz)
[ 75.76s] target 0 err=0.533 m | 351 plans, recent 232 ms/plan (4.6 Hz)
[ 76.92s] target 0 err=0.533 m | 356 plans, recent 231 ms/plan (4.6 Hz)
[ 78.11s] target 0 err=0.530 m | 361 plans, recent 238 ms/plan (4.6 Hz)
[ 79.28s] target 0 err=0.533 m | 366 plans, recent 239 ms/plan (4.6 Hz)
[ 80.32s] target 0 err=0.532 m | 370 plans, recent 241 ms/plan (4.6 Hz)
[ 81.34s] target 0 err=0.536 m | 375 plans, recent 234 ms/plan (4.6 Hz)
[ 82.42s] target 0 err=0.539 m | 380 plans, recent 224 ms/plan (4.6 Hz)
[ 83.55s] target 0 err=0.535 m | 385 plans, recent 221 ms/plan (4.6 Hz)
[ 84.63s] target 0 err=0.539 m | 390 plans, recent 212 ms/plan (4.6 Hz)
[ 85.82s] target 0 err=0.533 m | 396 plans, recent 211 ms/plan (4.6 Hz)
[ 86.89s] target 0 err=0.532 m | 401 plans, recent 215 ms/plan (4.6 Hz)
[ 88.04s] target 0 err=0.543 m | 406 plans, recent 218 ms/plan (4.6 Hz)
[ 89.18s] target 0 err=0.534 m | 411 plans, recent 221 ms/plan (4.6 Hz)
[ 90.20s] target 0 err=0.533 m | 415 plans, recent 230 ms/plan (4.6 Hz)
[ 91.38s] target 0 err=0.533 m | 420 plans, recent 231 ms/plan (4.6 Hz)
[ 92.58s] target 0 err=0.530 m | 426 plans, recent 222 ms/plan (4.6 Hz)
[ 93.74s] target 0 err=0.534 m | 431 plans, recent 221 ms/plan (4.6 Hz)
[ 94.82s] target 0 err=0.531 m | 436 plans, recent 222 ms/plan (4.6 Hz)
[ 95.91s] target 0 err=0.531 m | 441 plans, recent 221 ms/plan (4.6 Hz)
[ 96.98s] target 0 err=0.532 m | 446 plans, recent 223 ms/plan (4.6 Hz)
[ 98.04s] target 0 err=0.530 m | 450 plans, recent 227 ms/plan (4.6 Hz)
[ 99.06s] target 0 err=0.537 m | 454 plans, recent 237 ms/plan (4.6 Hz)
[100.13s] target 0 err=0.532 m | 458 plans, recent 251 ms/plan (4.6 Hz)
[101.25s] target 0 err=0.532 m | 463 plans, recent 244 ms/plan (4.6 Hz)
[102.25s] target 0 err=0.537 m | 467 plans, recent 245 ms/plan (4.6 Hz)
[103.42s] target 0 err=0.531 m | 472 plans, recent 238 ms/plan (4.6 Hz)
[104.47s] target 0 err=0.535 m | 477 plans, recent 230 ms/plan (4.6 Hz)
[105.65s] target 0 err=0.532 m | 482 plans, recent 233 ms/plan (4.6 Hz)
[106.71s] target 0 err=0.531 m | 486 plans, recent 234 ms/plan (4.6 Hz)
[107.78s] target 0 err=0.542 m | 491 plans, recent 230 ms/plan (4.6 Hz)
[108.88s] target 0 err=0.531 m | 496 plans, recent 232 ms/plan (4.6 Hz)
[109.92s] target 0 err=0.533 m | 500 plans, recent 238 ms/plan (4.5 Hz)
[111.09s] target 0 err=0.531 m | 505 plans, recent 232 ms/plan (4.5 Hz)
[112.11s] target 0 err=0.531 m | 509 plans, recent 236 ms/plan (4.5 Hz)
[113.15s] target 0 err=0.539 m | 513 plans, recent 251 ms/plan (4.5 Hz)
[114.24s] target 0 err=0.531 m | 517 plans, recent 257 ms/plan (4.5 Hz)
[115.26s] target 0 err=0.533 m | 521 plans, recent 254 ms/plan (4.5 Hz)
[116.31s] target 0 err=0.535 m | 525 plans, recent 256 ms/plan (4.5 Hz)
[117.33s] target 0 err=0.531 m | 530 plans, recent 249 ms/plan (4.5 Hz)
[118.37s] target 0 err=0.535 m | 534 plans, recent 243 ms/plan (4.5 Hz)
[119.52s] target 0 err=0.531 m | 539 plans, recent 236 ms/plan (4.5 Hz)
[120.54s] target 0 err=0.531 m | 543 plans, recent 235 ms/plan (4.5 Hz)
[121.74s] target 0 err=0.533 m | 548 plans, recent 238 ms/plan (4.5 Hz)
[122.91s] target 0 err=0.530 m | 553 plans, recent 233 ms/plan (4.5 Hz)
[124.05s] target 0 err=0.537 m | 558 plans, recent 233 ms/plan (4.5 Hz)
[125.15s] target 0 err=0.531 m | 563 plans, recent 233 ms/plan (4.5 Hz)
[126.19s] target 0 err=0.531 m | 567 plans, recent 234 ms/plan (4.5 Hz)
[127.21s] target 0 err=0.538 m | 571 plans, recent 239 ms/plan (4.5 Hz)
[128.37s] target 0 err=0.530 m | 576 plans, recent 243 ms/plan (4.5 Hz)
[129.55s] target 0 err=0.534 m | 581 plans, recent 241 ms/plan (4.5 Hz)
[130.55s] target 0 err=0.532 m | 585 plans, recent 239 ms/plan (4.5 Hz)
[131.60s] target 0 err=0.531 m | 590 plans, recent 230 ms/plan (4.5 Hz)
[132.81s] target 0 err=0.535 m | 595 plans, recent 233 ms/plan (4.5 Hz)
[134.01s] target 0 err=0.531 m | 600 plans, recent 236 ms/plan (4.5 Hz)
  reached_strict=False reached_5cm=False min_err=0.4918 violation=False safe_stall=True

=== [56/70] sqp_mpc target=20 (0.406, 0.339, 0.348) ===
loaded=/home/home/mbd/koopman/mbd_koopman/out/franka/models/bk_seed0.pt
SQP-MPC: 3 SQP re-freezes, act_dist 999.0, whole_arm=True, 1 box(es), 62 keep-out rows/step (compiled once, DPP)
warm-up: 3 throwaway plans
[  1.03s] target 0 err=0.632 m | 5 plans, recent 257 ms/plan (4.8 Hz)
[  2.12s] target 0 err=0.597 m | 10 plans, recent 234 ms/plan (4.7 Hz)
[  3.23s] target 0 err=0.594 m | 15 plans, recent 230 ms/plan (4.6 Hz)
[  4.38s] target 0 err=0.579 m | 20 plans, recent 226 ms/plan (4.6 Hz)
[  5.51s] target 0 err=0.549 m | 26 plans, recent 205 ms/plan (4.7 Hz)
[  6.63s] target 0 err=0.525 m | 31 plans, recent 206 ms/plan (4.7 Hz)
[  7.78s] target 0 err=0.503 m | 36 plans, recent 213 ms/plan (4.6 Hz)
[  8.88s] target 0 err=0.495 m | 41 plans, recent 214 ms/plan (4.6 Hz)
[  9.94s] target 0 err=0.505 m | 45 plans, recent 234 ms/plan (4.5 Hz)
[ 11.04s] target 0 err=0.531 m | 49 plans, recent 244 ms/plan (4.4 Hz)
[ 12.19s] target 0 err=0.583 m | 54 plans, recent 247 ms/plan (4.4 Hz)
[ 13.24s] target 0 err=0.640 m | 58 plans, recent 255 ms/plan (4.4 Hz)
[ 14.30s] target 0 err=0.683 m | 62 plans, recent 259 ms/plan (4.3 Hz)
[ 15.56s] target 0 err=0.569 m | 67 plans, recent 253 ms/plan (4.3 Hz)
[ 16.57s] target 0 err=0.506 m | 71 plans, recent 253 ms/plan (4.3 Hz)
[ 17.61s] target 0 err=0.400 m | 75 plans, recent 256 ms/plan (4.3 Hz)
[ 18.68s] target 0 err=0.383 m | 79 plans, recent 256 ms/plan (4.2 Hz)
[ 19.79s] target 0 err=0.402 m | 83 plans, recent 258 ms/plan (4.2 Hz)
[ 20.91s] target 0 err=0.236 m | 88 plans, recent 251 ms/plan (4.2 Hz)
[ 22.02s] target 0 err=0.187 m | 93 plans, recent 244 ms/plan (4.2 Hz)
[ 23.16s] target 0 err=0.100 m | 98 plans, recent 237 ms/plan (4.2 Hz)
[ 24.25s] target 0 err=0.068 m | 103 plans, recent 213 ms/plan (4.2 Hz)
[  5.55s] target 0 strict reach (23.1 mm) in 5.55 s
[ 25.27s] target 0 err=0.021 m | 113 plans, recent 151 ms/plan (4.5 Hz)
  reached_strict=True reached_5cm=True min_err=0.0147 violation=False safe_stall=False

=== [57/70] sqp_mpc target=21 (0.538, 0.312, 0.249) ===
loaded=/home/home/mbd/koopman/mbd_koopman/out/franka/models/bk_seed0.pt
SQP-MPC: 3 SQP re-freezes, act_dist 999.0, whole_arm=True, 1 box(es), 62 keep-out rows/step (compiled once, DPP)
warm-up: 3 throwaway plans
[  1.12s] target 0 err=0.608 m | 8 plans, recent 159 ms/plan (7.2 Hz)
[  2.15s] target 0 err=0.641 m | 15 plans, recent 155 ms/plan (7.0 Hz)
[  3.19s] target 0 err=0.706 m | 22 plans, recent 148 ms/plan (6.9 Hz)
[  4.26s] target 0 err=0.763 m | 29 plans, recent 149 ms/plan (6.8 Hz)
[  5.38s] target 0 err=0.819 m | 37 plans, recent 140 ms/plan (6.9 Hz)
[  6.48s] target 0 err=0.833 m | 46 plans, recent 131 ms/plan (7.1 Hz)
[  7.52s] target 0 err=0.710 m | 54 plans, recent 132 ms/plan (7.2 Hz)
[  8.70s] target 0 err=0.548 m | 60 plans, recent 147 ms/plan (6.9 Hz)
[  9.85s] target 0 err=0.544 m | 66 plans, recent 173 ms/plan (6.7 Hz)
[ 10.97s] target 0 err=0.566 m | 71 plans, recent 198 ms/plan (6.5 Hz)
[ 12.02s] target 0 err=0.611 m | 76 plans, recent 212 ms/plan (6.3 Hz)
[ 13.02s] target 0 err=0.624 m | 80 plans, recent 221 ms/plan (6.1 Hz)
[ 14.13s] target 0 err=0.654 m | 84 plans, recent 236 ms/plan (5.9 Hz)
[ 15.38s] target 0 err=0.708 m | 89 plans, recent 246 ms/plan (5.8 Hz)
[ 16.55s] target 0 err=0.691 m | 94 plans, recent 249 ms/plan (5.7 Hz)
[ 17.56s] target 0 err=0.645 m | 98 plans, recent 250 ms/plan (5.6 Hz)
[ 18.64s] target 0 err=0.626 m | 103 plans, recent 232 ms/plan (5.5 Hz)
[ 19.81s] target 0 err=0.639 m | 108 plans, recent 229 ms/plan (5.5 Hz)
[ 21.08s] target 0 err=0.655 m | 115 plans, recent 211 ms/plan (5.5 Hz)
[ 22.18s] target 0 err=0.659 m | 120 plans, recent 209 ms/plan (5.4 Hz)
[ 23.32s] target 0 err=0.665 m | 126 plans, recent 195 ms/plan (5.4 Hz)
[ 24.34s] target 0 err=0.673 m | 132 plans, recent 199 ms/plan (5.4 Hz)
[ 25.46s] target 0 err=0.678 m | 137 plans, recent 200 ms/plan (5.4 Hz)
[ 26.49s] target 0 err=0.677 m | 142 plans, recent 198 ms/plan (5.4 Hz)
[ 27.65s] target 0 err=0.672 m | 147 plans, recent 208 ms/plan (5.3 Hz)
[ 28.67s] target 0 err=0.663 m | 152 plans, recent 215 ms/plan (5.3 Hz)
[ 29.81s] target 0 err=0.653 m | 157 plans, recent 211 ms/plan (5.3 Hz)
[ 30.90s] target 0 err=0.643 m | 162 plans, recent 219 ms/plan (5.2 Hz)
[ 32.07s] target 0 err=0.635 m | 167 plans, recent 220 ms/plan (5.2 Hz)
[ 33.08s] target 0 err=0.632 m | 171 plans, recent 231 ms/plan (5.2 Hz)
[ 34.10s] target 0 err=0.629 m | 175 plans, recent 239 ms/plan (5.1 Hz)
[ 35.14s] target 0 err=0.627 m | 180 plans, recent 231 ms/plan (5.1 Hz)
[ 36.25s] target 0 err=0.626 m | 186 plans, recent 221 ms/plan (5.1 Hz)
[ 37.36s] target 0 err=0.627 m | 191 plans, recent 216 ms/plan (5.1 Hz)
[ 38.58s] target 0 err=0.627 m | 196 plans, recent 216 ms/plan (5.1 Hz)
[ 39.60s] target 0 err=0.628 m | 200 plans, recent 230 ms/plan (5.1 Hz)
[ 40.60s] target 0 err=0.626 m | 204 plans, recent 237 ms/plan (5.0 Hz)
[ 41.84s] target 0 err=0.623 m | 209 plans, recent 245 ms/plan (5.0 Hz)
[ 43.06s] target 0 err=0.620 m | 215 plans, recent 234 ms/plan (5.0 Hz)
[ 44.12s] target 0 err=0.621 m | 221 plans, recent 205 ms/plan (5.0 Hz)
[ 45.16s] target 0 err=0.622 m | 226 plans, recent 203 ms/plan (5.0 Hz)
[ 46.34s] target 0 err=0.624 m | 231 plans, recent 206 ms/plan (5.0 Hz)
[ 47.43s] target 0 err=0.624 m | 235 plans, recent 217 ms/plan (5.0 Hz)
[ 48.57s] target 0 err=0.626 m | 240 plans, recent 232 ms/plan (4.9 Hz)
[ 49.82s] target 0 err=0.630 m | 245 plans, recent 245 ms/plan (4.9 Hz)
[ 50.88s] target 0 err=0.633 m | 249 plans, recent 249 ms/plan (4.9 Hz)
[ 52.12s] target 0 err=0.631 m | 254 plans, recent 242 ms/plan (4.9 Hz)
[ 53.14s] target 0 err=0.628 m | 258 plans, recent 251 ms/plan (4.9 Hz)
[ 54.37s] target 0 err=0.621 m | 263 plans, recent 254 ms/plan (4.8 Hz)
[ 55.42s] target 0 err=0.620 m | 267 plans, recent 254 ms/plan (4.8 Hz)
[ 56.52s] target 0 err=0.621 m | 271 plans, recent 258 ms/plan (4.8 Hz)
[ 57.65s] target 0 err=0.620 m | 275 plans, recent 267 ms/plan (4.8 Hz)
[ 58.73s] target 0 err=0.618 m | 279 plans, recent 264 ms/plan (4.8 Hz)
[ 59.79s] target 0 err=0.619 m | 283 plans, recent 270 ms/plan (4.7 Hz)
[ 60.95s] target 0 err=0.624 m | 288 plans, recent 259 ms/plan (4.7 Hz)
[ 62.20s] target 0 err=0.622 m | 293 plans, recent 254 ms/plan (4.7 Hz)
[ 63.38s] target 0 err=0.617 m | 298 plans, recent 245 ms/plan (4.7 Hz)
[ 64.39s] target 0 err=0.625 m | 302 plans, recent 236 ms/plan (4.7 Hz)
[ 65.48s] target 0 err=0.630 m | 307 plans, recent 239 ms/plan (4.7 Hz)
[ 66.49s] target 0 err=0.623 m | 311 plans, recent 242 ms/plan (4.7 Hz)
[ 67.58s] target 0 err=0.616 m | 315 plans, recent 242 ms/plan (4.7 Hz)
[ 68.67s] target 0 err=0.625 m | 319 plans, recent 250 ms/plan (4.6 Hz)
[ 69.92s] target 0 err=0.631 m | 324 plans, recent 255 ms/plan (4.6 Hz)
[ 71.02s] target 0 err=0.627 m | 328 plans, recent 264 ms/plan (4.6 Hz)
[ 72.22s] target 0 err=0.617 m | 333 plans, recent 260 ms/plan (4.6 Hz)
[ 73.33s] target 0 err=0.630 m | 337 plans, recent 254 ms/plan (4.6 Hz)
[ 74.60s] target 0 err=0.630 m | 343 plans, recent 247 ms/plan (4.6 Hz)
[ 75.67s] target 0 err=0.625 m | 347 plans, recent 244 ms/plan (4.6 Hz)
[ 76.70s] target 0 err=0.619 m | 351 plans, recent 247 ms/plan (4.6 Hz)
[ 77.77s] target 0 err=0.629 m | 356 plans, recent 233 ms/plan (4.6 Hz)
[ 78.93s] target 0 err=0.627 m | 361 plans, recent 243 ms/plan (4.6 Hz)
[ 80.05s] target 0 err=0.623 m | 365 plans, recent 244 ms/plan (4.6 Hz)
[ 81.15s] target 0 err=0.622 m | 369 plans, recent 247 ms/plan (4.5 Hz)
[ 82.23s] target 0 err=0.627 m | 373 plans, recent 252 ms/plan (4.5 Hz)
[ 83.29s] target 0 err=0.627 m | 377 plans, recent 267 ms/plan (4.5 Hz)
[ 84.54s] target 0 err=0.623 m | 382 plans, recent 260 ms/plan (4.5 Hz)
[ 85.68s] target 0 err=0.628 m | 387 plans, recent 253 ms/plan (4.5 Hz)
[ 86.74s] target 0 err=0.626 m | 391 plans, recent 247 ms/plan (4.5 Hz)
[ 87.98s] target 0 err=0.618 m | 396 plans, recent 247 ms/plan (4.5 Hz)
[ 88.98s] target 0 err=0.626 m | 400 plans, recent 248 ms/plan (4.5 Hz)
[ 90.03s] target 0 err=0.630 m | 404 plans, recent 254 ms/plan (4.5 Hz)
[ 91.04s] target 0 err=0.623 m | 408 plans, recent 252 ms/plan (4.5 Hz)
[ 92.23s] target 0 err=0.618 m | 413 plans, recent 251 ms/plan (4.5 Hz)
[ 93.29s] target 0 err=0.632 m | 418 plans, recent 237 ms/plan (4.5 Hz)
[ 94.53s] target 0 err=0.626 m | 423 plans, recent 238 ms/plan (4.5 Hz)
[ 95.78s] target 0 err=0.616 m | 428 plans, recent 236 ms/plan (4.5 Hz)
[ 96.79s] target 0 err=0.621 m | 432 plans, recent 236 ms/plan (4.5 Hz)
[ 97.99s] target 0 err=0.628 m | 437 plans, recent 248 ms/plan (4.5 Hz)
[ 99.00s] target 0 err=0.623 m | 441 plans, recent 247 ms/plan (4.5 Hz)
[100.11s] target 0 err=0.616 m | 446 plans, recent 243 ms/plan (4.5 Hz)
[101.31s] target 0 err=0.628 m | 451 plans, recent 238 ms/plan (4.5 Hz)
[102.34s] target 0 err=0.629 m | 455 plans, recent 243 ms/plan (4.4 Hz)
[103.38s] target 0 err=0.623 m | 459 plans, recent 245 ms/plan (4.4 Hz)
[104.41s] target 0 err=0.617 m | 463 plans, recent 250 ms/plan (4.4 Hz)
[105.43s] target 0 err=0.629 m | 467 plans, recent 251 ms/plan (4.4 Hz)
[106.63s] target 0 err=0.628 m | 472 plans, recent 253 ms/plan (4.4 Hz)
[107.75s] target 0 err=0.621 m | 476 plans, recent 256 ms/plan (4.4 Hz)
[108.90s] target 0 err=0.619 m | 481 plans, recent 252 ms/plan (4.4 Hz)
[110.03s] target 0 err=0.630 m | 486 plans, recent 239 ms/plan (4.4 Hz)
[111.29s] target 0 err=0.625 m | 491 plans, recent 242 ms/plan (4.4 Hz)
[112.33s] target 0 err=0.618 m | 495 plans, recent 242 ms/plan (4.4 Hz)
[113.47s] target 0 err=0.627 m | 500 plans, recent 241 ms/plan (4.4 Hz)
[114.57s] target 0 err=0.630 m | 504 plans, recent 251 ms/plan (4.4 Hz)
[115.80s] target 0 err=0.622 m | 509 plans, recent 252 ms/plan (4.4 Hz)
[117.05s] target 0 err=0.620 m | 514 plans, recent 249 ms/plan (4.4 Hz)
[118.18s] target 0 err=0.631 m | 519 plans, recent 247 ms/plan (4.4 Hz)
[119.40s] target 0 err=0.626 m | 524 plans, recent 241 ms/plan (4.4 Hz)
[120.63s] target 0 err=0.619 m | 529 plans, recent 240 ms/plan (4.4 Hz)
[121.66s] target 0 err=0.625 m | 533 plans, recent 244 ms/plan (4.4 Hz)
[122.71s] target 0 err=0.631 m | 537 plans, recent 249 ms/plan (4.4 Hz)
[123.81s] target 0 err=0.627 m | 541 plans, recent 257 ms/plan (4.4 Hz)
[125.05s] target 0 err=0.620 m | 546 plans, recent 259 ms/plan (4.4 Hz)
[126.29s] target 0 err=0.631 m | 551 plans, recent 250 ms/plan (4.4 Hz)
[127.47s] target 0 err=0.625 m | 556 plans, recent 251 ms/plan (4.4 Hz)
[128.56s] target 0 err=0.616 m | 560 plans, recent 249 ms/plan (4.4 Hz)
[129.75s] target 0 err=0.631 m | 565 plans, recent 248 ms/plan (4.4 Hz)
[130.99s] target 0 err=0.627 m | 570 plans, recent 248 ms/plan (4.4 Hz)
[132.11s] target 0 err=0.619 m | 574 plans, recent 259 ms/plan (4.3 Hz)
[133.34s] target 0 err=0.626 m | 579 plans, recent 250 ms/plan (4.3 Hz)
[134.35s] target 0 err=0.629 m | 583 plans, recent 250 ms/plan (4.3 Hz)
[135.44s] target 0 err=0.626 m | 588 plans, recent 249 ms/plan (4.3 Hz)
[136.55s] target 0 err=0.622 m | 592 plans, recent 249 ms/plan (4.3 Hz)
[137.73s] target 0 err=0.622 m | 597 plans, recent 245 ms/plan (4.3 Hz)
  reached_strict=False reached_5cm=False min_err=0.5397 violation=False safe_stall=True

=== [58/70] sqp_mpc target=22 (0.512, 0.352, 0.218) ===
loaded=/home/home/mbd/koopman/mbd_koopman/out/franka/models/bk_seed0.pt
SQP-MPC: 3 SQP re-freezes, act_dist 999.0, whole_arm=True, 1 box(es), 62 keep-out rows/step (compiled once, DPP)
warm-up: 3 throwaway plans
[  1.26s] target 0 err=0.642 m | 7 plans, recent 204 ms/plan (5.6 Hz)
[  2.51s] target 0 err=0.646 m | 13 plans, recent 208 ms/plan (5.2 Hz)
[  3.74s] target 0 err=0.680 m | 18 plans, recent 222 ms/plan (4.8 Hz)
[  4.74s] target 0 err=0.711 m | 22 plans, recent 230 ms/plan (4.6 Hz)
[  5.80s] target 0 err=0.738 m | 27 plans, recent 227 ms/plan (4.7 Hz)
[  6.91s] target 0 err=0.767 m | 33 plans, recent 217 ms/plan (4.8 Hz)
[  7.92s] target 0 err=0.796 m | 39 plans, recent 191 ms/plan (4.9 Hz)
[  8.99s] target 0 err=0.826 m | 46 plans, recent 165 ms/plan (5.1 Hz)
[ 10.03s] target 0 err=0.851 m | 53 plans, recent 155 ms/plan (5.3 Hz)
[ 11.04s] target 0 err=0.874 m | 59 plans, recent 151 ms/plan (5.3 Hz)
[ 12.12s] target 0 err=0.882 m | 66 plans, recent 157 ms/plan (5.4 Hz)
[ 13.14s] target 0 err=0.785 m | 71 plans, recent 175 ms/plan (5.4 Hz)
[ 14.37s] target 0 err=0.601 m | 77 plans, recent 183 ms/plan (5.4 Hz)
[ 15.38s] target 0 err=0.585 m | 82 plans, recent 192 ms/plan (5.3 Hz)
[ 16.55s] target 0 err=0.611 m | 88 plans, recent 198 ms/plan (5.3 Hz)
[ 17.73s] target 0 err=0.668 m | 93 plans, recent 213 ms/plan (5.2 Hz)
[ 18.89s] target 0 err=0.702 m | 98 plans, recent 217 ms/plan (5.2 Hz)
[ 20.14s] target 0 err=0.728 m | 103 plans, recent 235 ms/plan (5.1 Hz)
[ 21.27s] target 0 err=0.718 m | 108 plans, recent 240 ms/plan (5.1 Hz)
[ 22.38s] target 0 err=0.683 m | 113 plans, recent 231 ms/plan (5.0 Hz)
[ 23.56s] target 0 err=0.657 m | 119 plans, recent 215 ms/plan (5.1 Hz)
[ 24.65s] target 0 err=0.654 m | 125 plans, recent 202 ms/plan (5.1 Hz)
[ 25.89s] target 0 err=0.668 m | 130 plans, recent 211 ms/plan (5.0 Hz)
[ 27.08s] target 0 err=0.683 m | 135 plans, recent 211 ms/plan (5.0 Hz)
[ 28.20s] target 0 err=0.696 m | 141 plans, recent 214 ms/plan (5.0 Hz)
[ 29.22s] target 0 err=0.702 m | 146 plans, recent 205 ms/plan (5.0 Hz)
[ 30.28s] target 0 err=0.703 m | 152 plans, recent 193 ms/plan (5.0 Hz)
[ 31.55s] target 0 err=0.700 m | 158 plans, recent 199 ms/plan (5.0 Hz)
[ 32.69s] target 0 err=0.693 m | 163 plans, recent 201 ms/plan (5.0 Hz)
[ 33.82s] target 0 err=0.683 m | 169 plans, recent 205 ms/plan (5.0 Hz)
[ 35.00s] target 0 err=0.674 m | 175 plans, recent 202 ms/plan (5.0 Hz)
[ 36.04s] target 0 err=0.667 m | 180 plans, recent 195 ms/plan (5.0 Hz)
[ 37.07s] target 0 err=0.662 m | 185 plans, recent 196 ms/plan (5.0 Hz)
[ 38.18s] target 0 err=0.658 m | 190 plans, recent 206 ms/plan (5.0 Hz)
[ 39.26s] target 0 err=0.655 m | 196 plans, recent 196 ms/plan (5.0 Hz)
[ 40.50s] target 0 err=0.654 m | 202 plans, recent 203 ms/plan (5.0 Hz)
[ 41.60s] target 0 err=0.654 m | 208 plans, recent 191 ms/plan (5.0 Hz)
[ 42.61s] target 0 err=0.655 m | 213 plans, recent 200 ms/plan (5.0 Hz)
[ 43.66s] target 0 err=0.655 m | 218 plans, recent 204 ms/plan (5.0 Hz)
[ 44.93s] target 0 err=0.655 m | 224 plans, recent 201 ms/plan (5.0 Hz)
[ 46.17s] target 0 err=0.653 m | 230 plans, recent 201 ms/plan (5.0 Hz)
[ 47.24s] target 0 err=0.646 m | 237 plans, recent 189 ms/plan (5.0 Hz)
[ 48.39s] target 0 err=0.643 m | 242 plans, recent 195 ms/plan (5.0 Hz)
[ 49.42s] target 0 err=0.644 m | 247 plans, recent 192 ms/plan (5.0 Hz)
[ 50.61s] target 0 err=0.651 m | 254 plans, recent 195 ms/plan (5.0 Hz)
[ 51.67s] target 0 err=0.657 m | 259 plans, recent 201 ms/plan (5.0 Hz)
[ 52.91s] target 0 err=0.662 m | 264 plans, recent 210 ms/plan (5.0 Hz)
[ 53.98s] target 0 err=0.664 m | 268 plans, recent 218 ms/plan (5.0 Hz)
[ 55.10s] target 0 err=0.660 m | 273 plans, recent 237 ms/plan (5.0 Hz)
[ 56.19s] target 0 err=0.655 m | 277 plans, recent 251 ms/plan (4.9 Hz)
[ 57.40s] target 0 err=0.658 m | 282 plans, recent 244 ms/plan (4.9 Hz)
[ 58.57s] target 0 err=0.663 m | 287 plans, recent 234 ms/plan (4.9 Hz)
[ 59.82s] target 0 err=0.666 m | 293 plans, recent 232 ms/plan (4.9 Hz)
[ 60.90s] target 0 err=0.664 m | 298 plans, recent 225 ms/plan (4.9 Hz)
[ 62.00s] target 0 err=0.659 m | 303 plans, recent 219 ms/plan (4.9 Hz)
[ 63.14s] target 0 err=0.654 m | 308 plans, recent 227 ms/plan (4.9 Hz)
[ 64.24s] target 0 err=0.656 m | 312 plans, recent 234 ms/plan (4.9 Hz)
[ 65.48s] target 0 err=0.658 m | 318 plans, recent 228 ms/plan (4.9 Hz)
[ 66.71s] target 0 err=0.661 m | 323 plans, recent 234 ms/plan (4.8 Hz)
[ 67.88s] target 0 err=0.657 m | 328 plans, recent 232 ms/plan (4.8 Hz)
[ 69.09s] target 0 err=0.654 m | 333 plans, recent 227 ms/plan (4.8 Hz)
[ 70.34s] target 0 err=0.656 m | 338 plans, recent 245 ms/plan (4.8 Hz)
[ 71.50s] target 0 err=0.657 m | 343 plans, recent 239 ms/plan (4.8 Hz)
[ 72.57s] target 0 err=0.660 m | 348 plans, recent 232 ms/plan (4.8 Hz)
[ 73.70s] target 0 err=0.661 m | 354 plans, recent 209 ms/plan (4.8 Hz)
[ 74.85s] target 0 err=0.656 m | 360 plans, recent 204 ms/plan (4.8 Hz)
[ 76.05s] target 0 err=0.651 m | 365 plans, recent 209 ms/plan (4.8 Hz)
[ 77.19s] target 0 err=0.651 m | 370 plans, recent 209 ms/plan (4.8 Hz)
[ 78.23s] target 0 err=0.653 m | 375 plans, recent 226 ms/plan (4.8 Hz)
[ 79.44s] target 0 err=0.659 m | 380 plans, recent 226 ms/plan (4.8 Hz)
[ 80.45s] target 0 err=0.661 m | 384 plans, recent 230 ms/plan (4.8 Hz)
[ 81.51s] target 0 err=0.654 m | 389 plans, recent 225 ms/plan (4.8 Hz)
[ 82.71s] target 0 err=0.651 m | 394 plans, recent 234 ms/plan (4.8 Hz)
[ 83.73s] target 0 err=0.651 m | 398 plans, recent 233 ms/plan (4.8 Hz)
[ 84.81s] target 0 err=0.653 m | 403 plans, recent 231 ms/plan (4.8 Hz)
[ 85.90s] target 0 err=0.659 m | 408 plans, recent 232 ms/plan (4.7 Hz)
[ 87.16s] target 0 err=0.658 m | 413 plans, recent 235 ms/plan (4.7 Hz)
[ 88.18s] target 0 err=0.652 m | 417 plans, recent 232 ms/plan (4.7 Hz)
[ 89.19s] target 0 err=0.650 m | 421 plans, recent 239 ms/plan (4.7 Hz)
[ 90.46s] target 0 err=0.648 m | 426 plans, recent 246 ms/plan (4.7 Hz)
[ 91.63s] target 0 err=0.659 m | 431 plans, recent 250 ms/plan (4.7 Hz)
[ 92.63s] target 0 err=0.665 m | 437 plans, recent 225 ms/plan (4.7 Hz)
[ 93.69s] target 0 err=0.657 m | 441 plans, recent 228 ms/plan (4.7 Hz)
[ 94.78s] target 0 err=0.649 m | 445 plans, recent 229 ms/plan (4.7 Hz)
[ 95.88s] target 0 err=0.646 m | 449 plans, recent 234 ms/plan (4.7 Hz)
[ 97.06s] target 0 err=0.649 m | 454 plans, recent 247 ms/plan (4.7 Hz)
[ 98.08s] target 0 err=0.659 m | 458 plans, recent 250 ms/plan (4.7 Hz)
[ 99.20s] target 0 err=0.659 m | 464 plans, recent 230 ms/plan (4.7 Hz)
[100.30s] target 0 err=0.653 m | 469 plans, recent 222 ms/plan (4.7 Hz)
[101.40s] target 0 err=0.652 m | 474 plans, recent 211 ms/plan (4.7 Hz)
[102.62s] target 0 err=0.653 m | 480 plans, recent 208 ms/plan (4.7 Hz)
[103.84s] target 0 err=0.657 m | 485 plans, recent 222 ms/plan (4.7 Hz)
[104.92s] target 0 err=0.658 m | 490 plans, recent 216 ms/plan (4.7 Hz)
[106.06s] target 0 err=0.655 m | 495 plans, recent 229 ms/plan (4.7 Hz)
[107.12s] target 0 err=0.654 m | 499 plans, recent 238 ms/plan (4.7 Hz)
[108.33s] target 0 err=0.655 m | 504 plans, recent 235 ms/plan (4.7 Hz)
[109.36s] target 0 err=0.656 m | 508 plans, recent 244 ms/plan (4.6 Hz)
[110.44s] target 0 err=0.659 m | 513 plans, recent 239 ms/plan (4.6 Hz)
[111.56s] target 0 err=0.657 m | 519 plans, recent 215 ms/plan (4.7 Hz)
[112.58s] target 0 err=0.654 m | 524 plans, recent 214 ms/plan (4.7 Hz)
[113.67s] target 0 err=0.654 m | 528 plans, recent 213 ms/plan (4.6 Hz)
[114.83s] target 0 err=0.656 m | 534 plans, recent 212 ms/plan (4.7 Hz)
[116.01s] target 0 err=0.660 m | 539 plans, recent 224 ms/plan (4.6 Hz)
[117.05s] target 0 err=0.660 m | 543 plans, recent 235 ms/plan (4.6 Hz)
[118.24s] target 0 err=0.654 m | 548 plans, recent 230 ms/plan (4.6 Hz)
[119.28s] target 0 err=0.653 m | 552 plans, recent 248 ms/plan (4.6 Hz)
[120.48s] target 0 err=0.653 m | 557 plans, recent 245 ms/plan (4.6 Hz)
[121.68s] target 0 err=0.652 m | 562 plans, recent 242 ms/plan (4.6 Hz)
[122.71s] target 0 err=0.657 m | 567 plans, recent 236 ms/plan (4.6 Hz)
[123.74s] target 0 err=0.658 m | 572 plans, recent 219 ms/plan (4.6 Hz)
[124.86s] target 0 err=0.654 m | 577 plans, recent 220 ms/plan (4.6 Hz)
[125.92s] target 0 err=0.654 m | 581 plans, recent 225 ms/plan (4.6 Hz)
[126.94s] target 0 err=0.655 m | 585 plans, recent 231 ms/plan (4.6 Hz)
[128.12s] target 0 err=0.659 m | 590 plans, recent 242 ms/plan (4.6 Hz)
[129.14s] target 0 err=0.660 m | 594 plans, recent 245 ms/plan (4.6 Hz)
[130.30s] target 0 err=0.655 m | 600 plans, recent 232 ms/plan (4.6 Hz)
  reached_strict=False reached_5cm=False min_err=0.5830 violation=False safe_stall=True

=== [59/70] sqp_mpc target=23 (0.459, 0.284, 0.239) ===
loaded=/home/home/mbd/koopman/mbd_koopman/out/franka/models/bk_seed0.pt
SQP-MPC: 3 SQP re-freezes, act_dist 999.0, whole_arm=True, 1 box(es), 62 keep-out rows/step (compiled once, DPP)
warm-up: 3 throwaway plans
[  1.26s] target 0 err=0.585 m | 6 plans, recent 253 ms/plan (4.8 Hz)
[  2.42s] target 0 err=0.556 m | 11 plans, recent 240 ms/plan (4.5 Hz)
[  3.62s] target 0 err=0.565 m | 16 plans, recent 242 ms/plan (4.4 Hz)
[  4.83s] target 0 err=0.589 m | 21 plans, recent 242 ms/plan (4.4 Hz)
[  5.87s] target 0 err=0.595 m | 25 plans, recent 243 ms/plan (4.3 Hz)
[  6.89s] target 0 err=0.592 m | 29 plans, recent 244 ms/plan (4.2 Hz)
[  7.98s] target 0 err=0.588 m | 34 plans, recent 242 ms/plan (4.3 Hz)
[  9.21s] target 0 err=0.584 m | 39 plans, recent 240 ms/plan (4.2 Hz)
[ 10.36s] target 0 err=0.586 m | 44 plans, recent 232 ms/plan (4.2 Hz)
[ 11.53s] target 0 err=0.606 m | 50 plans, recent 216 ms/plan (4.3 Hz)
[ 12.54s] target 0 err=0.633 m | 55 plans, recent 206 ms/plan (4.4 Hz)
[ 13.61s] target 0 err=0.661 m | 60 plans, recent 213 ms/plan (4.4 Hz)
[ 14.77s] target 0 err=0.686 m | 65 plans, recent 208 ms/plan (4.4 Hz)
[ 15.78s] target 0 err=0.707 m | 70 plans, recent 220 ms/plan (4.4 Hz)
[ 16.89s] target 0 err=0.726 m | 75 plans, recent 221 ms/plan (4.4 Hz)
[ 17.94s] target 0 err=0.748 m | 80 plans, recent 213 ms/plan (4.5 Hz)
[ 19.19s] target 0 err=0.771 m | 85 plans, recent 225 ms/plan (4.4 Hz)
[ 20.28s] target 0 err=0.792 m | 90 plans, recent 225 ms/plan (4.4 Hz)
[ 21.35s] target 0 err=0.808 m | 95 plans, recent 222 ms/plan (4.5 Hz)
[ 22.50s] target 0 err=0.818 m | 100 plans, recent 225 ms/plan (4.4 Hz)
[ 23.63s] target 0 err=0.816 m | 105 plans, recent 220 ms/plan (4.4 Hz)
[ 24.78s] target 0 err=0.759 m | 110 plans, recent 224 ms/plan (4.4 Hz)
[ 25.95s] target 0 err=0.660 m | 115 plans, recent 226 ms/plan (4.4 Hz)
[ 26.98s] target 0 err=0.575 m | 120 plans, recent 225 ms/plan (4.4 Hz)
[ 28.03s] target 0 err=0.490 m | 126 plans, recent 200 ms/plan (4.5 Hz)
[ 29.05s] target 0 err=0.495 m | 131 plans, recent 196 ms/plan (4.5 Hz)
[ 30.20s] target 0 err=0.497 m | 136 plans, recent 207 ms/plan (4.5 Hz)
[ 31.20s] target 0 err=0.512 m | 140 plans, recent 210 ms/plan (4.5 Hz)
[ 32.27s] target 0 err=0.558 m | 144 plans, recent 232 ms/plan (4.5 Hz)
[ 33.33s] target 0 err=0.635 m | 148 plans, recent 252 ms/plan (4.4 Hz)
[ 34.50s] target 0 err=0.739 m | 153 plans, recent 251 ms/plan (4.4 Hz)
[ 35.53s] target 0 err=0.749 m | 157 plans, recent 251 ms/plan (4.4 Hz)
[ 36.56s] target 0 err=0.676 m | 161 plans, recent 255 ms/plan (4.4 Hz)
[ 37.72s] target 0 err=0.651 m | 167 plans, recent 231 ms/plan (4.4 Hz)
[ 38.95s] target 0 err=0.632 m | 172 plans, recent 232 ms/plan (4.4 Hz)
[ 40.09s] target 0 err=0.603 m | 177 plans, recent 227 ms/plan (4.4 Hz)
[ 41.21s] target 0 err=0.571 m | 182 plans, recent 220 ms/plan (4.4 Hz)
[ 42.44s] target 0 err=0.561 m | 188 plans, recent 220 ms/plan (4.4 Hz)
[ 43.50s] target 0 err=0.561 m | 194 plans, recent 207 ms/plan (4.5 Hz)
[ 44.54s] target 0 err=0.560 m | 199 plans, recent 198 ms/plan (4.5 Hz)
[ 45.54s] target 0 err=0.564 m | 205 plans, recent 189 ms/plan (4.5 Hz)
[ 46.63s] target 0 err=0.571 m | 209 plans, recent 202 ms/plan (4.5 Hz)
[ 47.85s] target 0 err=0.580 m | 214 plans, recent 217 ms/plan (4.5 Hz)
[ 48.98s] target 0 err=0.586 m | 219 plans, recent 223 ms/plan (4.5 Hz)
[ 50.01s] target 0 err=0.587 m | 223 plans, recent 238 ms/plan (4.5 Hz)
[ 51.19s] target 0 err=0.586 m | 230 plans, recent 209 ms/plan (4.5 Hz)
[ 52.36s] target 0 err=0.580 m | 237 plans, recent 196 ms/plan (4.5 Hz)
[ 53.44s] target 0 err=0.574 m | 241 plans, recent 197 ms/plan (4.5 Hz)
[ 54.63s] target 0 err=0.567 m | 246 plans, recent 213 ms/plan (4.5 Hz)
[ 55.91s] target 0 err=0.568 m | 251 plans, recent 234 ms/plan (4.5 Hz)
[ 57.04s] target 0 err=0.566 m | 256 plans, recent 244 ms/plan (4.5 Hz)
[ 58.21s] target 0 err=0.566 m | 261 plans, recent 239 ms/plan (4.5 Hz)
[ 59.28s] target 0 err=0.567 m | 265 plans, recent 241 ms/plan (4.5 Hz)
[ 60.40s] target 0 err=0.572 m | 272 plans, recent 207 ms/plan (4.5 Hz)
[ 61.53s] target 0 err=0.576 m | 279 plans, recent 184 ms/plan (4.5 Hz)
[ 62.63s] target 0 err=0.580 m | 285 plans, recent 163 ms/plan (4.6 Hz)
[ 63.67s] target 0 err=0.582 m | 290 plans, recent 179 ms/plan (4.6 Hz)
[ 64.72s] target 0 err=0.578 m | 296 plans, recent 189 ms/plan (4.6 Hz)
[ 65.84s] target 0 err=0.578 m | 301 plans, recent 198 ms/plan (4.6 Hz)
[ 66.93s] target 0 err=0.576 m | 306 plans, recent 210 ms/plan (4.6 Hz)
[ 67.96s] target 0 err=0.574 m | 310 plans, recent 219 ms/plan (4.6 Hz)
[ 69.02s] target 0 err=0.573 m | 314 plans, recent 236 ms/plan (4.5 Hz)
[ 70.26s] target 0 err=0.575 m | 319 plans, recent 239 ms/plan (4.5 Hz)
[ 71.42s] target 0 err=0.577 m | 324 plans, recent 243 ms/plan (4.5 Hz)
[ 72.64s] target 0 err=0.579 m | 329 plans, recent 245 ms/plan (4.5 Hz)
[ 73.89s] target 0 err=0.583 m | 334 plans, recent 245 ms/plan (4.5 Hz)
[ 75.11s] target 0 err=0.578 m | 339 plans, recent 244 ms/plan (4.5 Hz)
[ 76.35s] target 0 err=0.571 m | 344 plans, recent 248 ms/plan (4.5 Hz)
[ 77.43s] target 0 err=0.569 m | 348 plans, recent 252 ms/plan (4.5 Hz)
[ 78.50s] target 0 err=0.569 m | 352 plans, recent 251 ms/plan (4.5 Hz)
[ 79.61s] target 0 err=0.572 m | 357 plans, recent 251 ms/plan (4.5 Hz)
[ 80.84s] target 0 err=0.580 m | 362 plans, recent 249 ms/plan (4.5 Hz)
[ 81.88s] target 0 err=0.586 m | 367 plans, recent 234 ms/plan (4.5 Hz)
[ 82.94s] target 0 err=0.580 m | 372 plans, recent 227 ms/plan (4.5 Hz)
[ 84.00s] target 0 err=0.572 m | 376 plans, recent 232 ms/plan (4.5 Hz)
[ 85.05s] target 0 err=0.569 m | 380 plans, recent 236 ms/plan (4.5 Hz)
[ 86.15s] target 0 err=0.569 m | 385 plans, recent 235 ms/plan (4.5 Hz)
[ 87.34s] target 0 err=0.571 m | 390 plans, recent 235 ms/plan (4.5 Hz)
[ 88.40s] target 0 err=0.576 m | 395 plans, recent 231 ms/plan (4.5 Hz)
[ 89.51s] target 0 err=0.585 m | 400 plans, recent 216 ms/plan (4.5 Hz)
[ 90.64s] target 0 err=0.584 m | 406 plans, recent 211 ms/plan (4.5 Hz)
[ 91.68s] target 0 err=0.575 m | 410 plans, recent 214 ms/plan (4.5 Hz)
[ 92.70s] target 0 err=0.569 m | 415 plans, recent 216 ms/plan (4.5 Hz)
[ 93.74s] target 0 err=0.568 m | 419 plans, recent 223 ms/plan (4.5 Hz)
[ 94.96s] target 0 err=0.570 m | 424 plans, recent 241 ms/plan (4.5 Hz)
[ 96.00s] target 0 err=0.574 m | 428 plans, recent 237 ms/plan (4.5 Hz)
[ 97.26s] target 0 err=0.581 m | 433 plans, recent 249 ms/plan (4.5 Hz)
[ 98.46s] target 0 err=0.581 m | 439 plans, recent 231 ms/plan (4.5 Hz)
[ 99.47s] target 0 err=0.576 m | 443 plans, recent 235 ms/plan (4.5 Hz)
[100.67s] target 0 err=0.571 m | 448 plans, recent 235 ms/plan (4.5 Hz)
[101.76s] target 0 err=0.571 m | 452 plans, recent 236 ms/plan (4.4 Hz)
[102.79s] target 0 err=0.573 m | 456 plans, recent 240 ms/plan (4.4 Hz)
[103.84s] target 0 err=0.577 m | 461 plans, recent 244 ms/plan (4.4 Hz)
[105.12s] target 0 err=0.581 m | 466 plans, recent 245 ms/plan (4.4 Hz)
[106.19s] target 0 err=0.583 m | 471 plans, recent 234 ms/plan (4.4 Hz)
[107.42s] target 0 err=0.576 m | 476 plans, recent 241 ms/plan (4.4 Hz)
[108.44s] target 0 err=0.570 m | 480 plans, recent 243 ms/plan (4.4 Hz)
[109.49s] target 0 err=0.568 m | 484 plans, recent 244 ms/plan (4.4 Hz)
[110.66s] target 0 err=0.569 m | 489 plans, recent 246 ms/plan (4.4 Hz)
[111.76s] target 0 err=0.572 m | 494 plans, recent 241 ms/plan (4.4 Hz)
[112.89s] target 0 err=0.581 m | 499 plans, recent 234 ms/plan (4.4 Hz)
[113.91s] target 0 err=0.587 m | 503 plans, recent 228 ms/plan (4.4 Hz)
[114.94s] target 0 err=0.582 m | 509 plans, recent 211 ms/plan (4.4 Hz)
[115.99s] target 0 err=0.574 m | 513 plans, recent 221 ms/plan (4.4 Hz)
[117.14s] target 0 err=0.569 m | 518 plans, recent 226 ms/plan (4.4 Hz)
[118.27s] target 0 err=0.569 m | 523 plans, recent 217 ms/plan (4.4 Hz)
[119.41s] target 0 err=0.571 m | 528 plans, recent 235 ms/plan (4.4 Hz)
[120.45s] target 0 err=0.577 m | 532 plans, recent 231 ms/plan (4.4 Hz)
[121.54s] target 0 err=0.581 m | 537 plans, recent 229 ms/plan (4.4 Hz)
[122.59s] target 0 err=0.579 m | 542 plans, recent 229 ms/plan (4.4 Hz)
[123.61s] target 0 err=0.575 m | 546 plans, recent 235 ms/plan (4.4 Hz)
[124.65s] target 0 err=0.571 m | 550 plans, recent 234 ms/plan (4.4 Hz)
[125.79s] target 0 err=0.570 m | 555 plans, recent 234 ms/plan (4.4 Hz)
[127.02s] target 0 err=0.573 m | 561 plans, recent 231 ms/plan (4.4 Hz)
[128.20s] target 0 err=0.576 m | 566 plans, recent 229 ms/plan (4.4 Hz)
[129.21s] target 0 err=0.584 m | 570 plans, recent 223 ms/plan (4.4 Hz)
[130.24s] target 0 err=0.587 m | 576 plans, recent 212 ms/plan (4.4 Hz)
[131.44s] target 0 err=0.576 m | 582 plans, recent 211 ms/plan (4.4 Hz)
[132.64s] target 0 err=0.568 m | 587 plans, recent 206 ms/plan (4.4 Hz)
[133.80s] target 0 err=0.568 m | 592 plans, recent 222 ms/plan (4.4 Hz)
[134.89s] target 0 err=0.572 m | 596 plans, recent 235 ms/plan (4.4 Hz)
[135.92s] target 0 err=0.578 m | 600 plans, recent 244 ms/plan (4.4 Hz)
  reached_strict=False reached_5cm=False min_err=0.4902 violation=False safe_stall=True

=== [60/70] sqp_mpc target=24 (0.493, 0.281, 0.273) ===
loaded=/home/home/mbd/koopman/mbd_koopman/out/franka/models/bk_seed0.pt
SQP-MPC: 3 SQP re-freezes, act_dist 999.0, whole_arm=True, 1 box(es), 62 keep-out rows/step (compiled once, DPP)
warm-up: 3 throwaway plans
[  1.02s] target 0 err=0.589 m | 6 plans, recent 201 ms/plan (5.9 Hz)
[  2.03s] target 0 err=0.585 m | 12 plans, recent 184 ms/plan (5.9 Hz)
[  3.14s] target 0 err=0.626 m | 19 plans, recent 172 ms/plan (6.1 Hz)
[  4.24s] target 0 err=0.657 m | 26 plans, recent 160 ms/plan (6.1 Hz)
[  5.36s] target 0 err=0.695 m | 33 plans, recent 156 ms/plan (6.2 Hz)
[  6.38s] target 0 err=0.743 m | 40 plans, recent 155 ms/plan (6.3 Hz)
[  7.39s] target 0 err=0.769 m | 47 plans, recent 144 ms/plan (6.4 Hz)
[  8.50s] target 0 err=0.588 m | 54 plans, recent 147 ms/plan (6.4 Hz)
[  9.63s] target 0 err=0.493 m | 62 plans, recent 146 ms/plan (6.4 Hz)
[ 10.73s] target 0 err=0.505 m | 69 plans, recent 150 ms/plan (6.4 Hz)
[ 11.82s] target 0 err=0.547 m | 76 plans, recent 152 ms/plan (6.4 Hz)
[ 12.92s] target 0 err=0.589 m | 82 plans, recent 165 ms/plan (6.3 Hz)
[ 13.99s] target 0 err=0.638 m | 88 plans, recent 172 ms/plan (6.3 Hz)
[ 15.08s] target 0 err=0.617 m | 94 plans, recent 179 ms/plan (6.2 Hz)
[ 16.20s] target 0 err=0.575 m | 100 plans, recent 181 ms/plan (6.2 Hz)
[ 17.31s] target 0 err=0.579 m | 106 plans, recent 187 ms/plan (6.1 Hz)
[ 18.35s] target 0 err=0.594 m | 110 plans, recent 203 ms/plan (6.0 Hz)
[ 19.53s] target 0 err=0.620 m | 115 plans, recent 217 ms/plan (5.9 Hz)
[ 20.60s] target 0 err=0.629 m | 119 plans, recent 229 ms/plan (5.8 Hz)
[ 21.63s] target 0 err=0.624 m | 124 plans, recent 236 ms/plan (5.7 Hz)
[ 22.66s] target 0 err=0.609 m | 128 plans, recent 238 ms/plan (5.6 Hz)
[ 23.67s] target 0 err=0.595 m | 132 plans, recent 242 ms/plan (5.6 Hz)
[ 24.79s] target 0 err=0.590 m | 137 plans, recent 230 ms/plan (5.5 Hz)
[ 25.96s] target 0 err=0.587 m | 142 plans, recent 237 ms/plan (5.5 Hz)
[ 27.10s] target 0 err=0.583 m | 147 plans, recent 232 ms/plan (5.4 Hz)
[ 28.25s] target 0 err=0.581 m | 152 plans, recent 231 ms/plan (5.4 Hz)
[ 29.43s] target 0 err=0.579 m | 157 plans, recent 235 ms/plan (5.3 Hz)
[ 30.68s] target 0 err=0.579 m | 163 plans, recent 220 ms/plan (5.3 Hz)
[ 31.88s] target 0 err=0.578 m | 169 plans, recent 218 ms/plan (5.3 Hz)
[ 33.00s] target 0 err=0.577 m | 174 plans, recent 207 ms/plan (5.3 Hz)
[ 34.20s] target 0 err=0.575 m | 180 plans, recent 215 ms/plan (5.3 Hz)
[ 35.36s] target 0 err=0.574 m | 185 plans, recent 213 ms/plan (5.2 Hz)
[ 36.38s] target 0 err=0.575 m | 191 plans, recent 195 ms/plan (5.3 Hz)
[ 37.60s] target 0 err=0.576 m | 198 plans, recent 194 ms/plan (5.3 Hz)
[ 38.75s] target 0 err=0.576 m | 203 plans, recent 193 ms/plan (5.2 Hz)
[ 39.85s] target 0 err=0.575 m | 209 plans, recent 188 ms/plan (5.2 Hz)
[ 40.91s] target 0 err=0.574 m | 216 plans, recent 184 ms/plan (5.3 Hz)
[ 41.91s] target 0 err=0.574 m | 222 plans, recent 171 ms/plan (5.3 Hz)
[ 43.09s] target 0 err=0.574 m | 227 plans, recent 173 ms/plan (5.3 Hz)
[ 44.15s] target 0 err=0.575 m | 234 plans, recent 178 ms/plan (5.3 Hz)
[ 45.24s] target 0 err=0.576 m | 241 plans, recent 179 ms/plan (5.3 Hz)
[ 46.45s] target 0 err=0.578 m | 246 plans, recent 174 ms/plan (5.3 Hz)
[ 47.61s] target 0 err=0.580 m | 253 plans, recent 184 ms/plan (5.3 Hz)
[ 48.72s] target 0 err=0.582 m | 258 plans, recent 201 ms/plan (5.3 Hz)
[ 49.80s] target 0 err=0.585 m | 263 plans, recent 201 ms/plan (5.3 Hz)
[ 50.93s] target 0 err=0.586 m | 268 plans, recent 208 ms/plan (5.3 Hz)
[ 52.00s] target 0 err=0.586 m | 274 plans, recent 207 ms/plan (5.3 Hz)
[ 53.02s] target 0 err=0.584 m | 279 plans, recent 194 ms/plan (5.3 Hz)
[ 54.11s] target 0 err=0.581 m | 284 plans, recent 203 ms/plan (5.2 Hz)
[ 55.36s] target 0 err=0.577 m | 289 plans, recent 210 ms/plan (5.2 Hz)
[ 56.53s] target 0 err=0.575 m | 294 plans, recent 230 ms/plan (5.2 Hz)
[ 57.59s] target 0 err=0.576 m | 299 plans, recent 231 ms/plan (5.2 Hz)
[ 58.59s] target 0 err=0.577 m | 303 plans, recent 236 ms/plan (5.2 Hz)
[ 59.80s] target 0 err=0.582 m | 308 plans, recent 233 ms/plan (5.2 Hz)
[ 60.93s] target 0 err=0.589 m | 313 plans, recent 231 ms/plan (5.1 Hz)
[ 62.08s] target 0 err=0.594 m | 318 plans, recent 233 ms/plan (5.1 Hz)
[ 63.24s] target 0 err=0.590 m | 324 plans, recent 216 ms/plan (5.1 Hz)
[ 64.39s] target 0 err=0.582 m | 331 plans, recent 193 ms/plan (5.1 Hz)
[ 65.60s] target 0 err=0.577 m | 336 plans, recent 197 ms/plan (5.1 Hz)
[ 66.69s] target 0 err=0.575 m | 341 plans, recent 205 ms/plan (5.1 Hz)
[ 67.75s] target 0 err=0.577 m | 346 plans, recent 211 ms/plan (5.1 Hz)
[ 68.82s] target 0 err=0.581 m | 351 plans, recent 215 ms/plan (5.1 Hz)
[ 69.83s] target 0 err=0.584 m | 356 plans, recent 206 ms/plan (5.1 Hz)
[ 71.01s] target 0 err=0.590 m | 362 plans, recent 197 ms/plan (5.1 Hz)
[ 72.05s] target 0 err=0.594 m | 367 plans, recent 203 ms/plan (5.1 Hz)
[ 73.18s] target 0 err=0.596 m | 372 plans, recent 207 ms/plan (5.1 Hz)
[ 74.26s] target 0 err=0.598 m | 378 plans, recent 201 ms/plan (5.1 Hz)
[ 75.33s] target 0 err=0.594 m | 385 plans, recent 185 ms/plan (5.1 Hz)
[ 76.54s] target 0 err=0.586 m | 390 plans, recent 188 ms/plan (5.1 Hz)
[ 77.63s] target 0 err=0.577 m | 395 plans, recent 194 ms/plan (5.1 Hz)
[ 78.65s] target 0 err=0.574 m | 399 plans, recent 219 ms/plan (5.1 Hz)
[ 79.71s] target 0 err=0.573 m | 403 plans, recent 237 ms/plan (5.1 Hz)
[ 80.87s] target 0 err=0.576 m | 408 plans, recent 237 ms/plan (5.0 Hz)
[ 81.97s] target 0 err=0.580 m | 413 plans, recent 241 ms/plan (5.0 Hz)
[ 82.98s] target 0 err=0.586 m | 418 plans, recent 226 ms/plan (5.0 Hz)
[ 83.98s] target 0 err=0.592 m | 423 plans, recent 215 ms/plan (5.0 Hz)
[ 85.16s] target 0 err=0.596 m | 428 plans, recent 214 ms/plan (5.0 Hz)
[ 86.24s] target 0 err=0.597 m | 433 plans, recent 210 ms/plan (5.0 Hz)
[ 87.25s] target 0 err=0.597 m | 438 plans, recent 216 ms/plan (5.0 Hz)
[ 88.38s] target 0 err=0.593 m | 443 plans, recent 218 ms/plan (5.0 Hz)
[ 89.44s] target 0 err=0.585 m | 448 plans, recent 212 ms/plan (5.0 Hz)
[ 90.50s] target 0 err=0.577 m | 453 plans, recent 211 ms/plan (5.0 Hz)
[ 91.69s] target 0 err=0.574 m | 458 plans, recent 220 ms/plan (5.0 Hz)
[ 92.72s] target 0 err=0.575 m | 462 plans, recent 230 ms/plan (5.0 Hz)
[ 93.80s] target 0 err=0.579 m | 467 plans, recent 231 ms/plan (5.0 Hz)
[ 94.90s] target 0 err=0.582 m | 471 plans, recent 242 ms/plan (5.0 Hz)
[ 96.10s] target 0 err=0.587 m | 476 plans, recent 244 ms/plan (5.0 Hz)
[ 97.34s] target 0 err=0.594 m | 481 plans, recent 244 ms/plan (4.9 Hz)
[ 98.44s] target 0 err=0.595 m | 486 plans, recent 245 ms/plan (4.9 Hz)
[ 99.63s] target 0 err=0.596 m | 492 plans, recent 217 ms/plan (4.9 Hz)
[100.67s] target 0 err=0.593 m | 498 plans, recent 205 ms/plan (4.9 Hz)
[101.80s] target 0 err=0.586 m | 503 plans, recent 200 ms/plan (4.9 Hz)
[102.99s] target 0 err=0.577 m | 508 plans, recent 203 ms/plan (4.9 Hz)
[104.09s] target 0 err=0.574 m | 513 plans, recent 224 ms/plan (4.9 Hz)
[105.09s] target 0 err=0.575 m | 517 plans, recent 233 ms/plan (4.9 Hz)
[106.12s] target 0 err=0.579 m | 522 plans, recent 221 ms/plan (4.9 Hz)
[107.17s] target 0 err=0.584 m | 527 plans, recent 221 ms/plan (4.9 Hz)
[108.41s] target 0 err=0.589 m | 532 plans, recent 223 ms/plan (4.9 Hz)
[109.47s] target 0 err=0.595 m | 537 plans, recent 219 ms/plan (4.9 Hz)
[110.51s] target 0 err=0.598 m | 541 plans, recent 228 ms/plan (4.9 Hz)
[111.57s] target 0 err=0.596 m | 546 plans, recent 226 ms/plan (4.9 Hz)
[112.63s] target 0 err=0.595 m | 551 plans, recent 216 ms/plan (4.9 Hz)
[113.77s] target 0 err=0.590 m | 557 plans, recent 210 ms/plan (4.9 Hz)
[114.96s] target 0 err=0.581 m | 563 plans, recent 198 ms/plan (4.9 Hz)
[116.16s] target 0 err=0.575 m | 568 plans, recent 213 ms/plan (4.9 Hz)
[117.19s] target 0 err=0.575 m | 572 plans, recent 219 ms/plan (4.9 Hz)
[118.23s] target 0 err=0.578 m | 577 plans, recent 221 ms/plan (4.9 Hz)
[119.35s] target 0 err=0.582 m | 582 plans, recent 226 ms/plan (4.9 Hz)
[120.50s] target 0 err=0.586 m | 587 plans, recent 230 ms/plan (4.9 Hz)
[121.60s] target 0 err=0.591 m | 592 plans, recent 217 ms/plan (4.9 Hz)
[122.86s] target 0 err=0.596 m | 597 plans, recent 231 ms/plan (4.9 Hz)
  reached_strict=False reached_5cm=False min_err=0.4933 violation=False safe_stall=True

=== [61/70] sqp_mpc target=25 (0.438, 0.31, 0.205) ===
loaded=/home/home/mbd/koopman/mbd_koopman/out/franka/models/bk_seed0.pt
SQP-MPC: 3 SQP re-freezes, act_dist 999.0, whole_arm=True, 1 box(es), 62 keep-out rows/step (compiled once, DPP)
warm-up: 3 throwaway plans
[  1.07s] target 0 err=0.618 m | 6 plans, recent 223 ms/plan (5.6 Hz)
[  2.26s] target 0 err=0.572 m | 11 plans, recent 225 ms/plan (4.9 Hz)
[  3.52s] target 0 err=0.586 m | 17 plans, recent 219 ms/plan (4.8 Hz)
[  4.67s] target 0 err=0.594 m | 22 plans, recent 220 ms/plan (4.7 Hz)
[  5.83s] target 0 err=0.585 m | 28 plans, recent 214 ms/plan (4.8 Hz)
[  6.98s] target 0 err=0.572 m | 33 plans, recent 212 ms/plan (4.7 Hz)
[  8.16s] target 0 err=0.561 m | 39 plans, recent 211 ms/plan (4.8 Hz)
[  9.41s] target 0 err=0.566 m | 44 plans, recent 224 ms/plan (4.7 Hz)
[ 10.42s] target 0 err=0.588 m | 48 plans, recent 228 ms/plan (4.6 Hz)
[ 11.62s] target 0 err=0.617 m | 53 plans, recent 236 ms/plan (4.6 Hz)
[ 12.86s] target 0 err=0.639 m | 58 plans, recent 246 ms/plan (4.5 Hz)
[ 14.06s] target 0 err=0.652 m | 63 plans, recent 246 ms/plan (4.5 Hz)
[ 15.10s] target 0 err=0.652 m | 67 plans, recent 242 ms/plan (4.4 Hz)
[ 16.23s] target 0 err=0.668 m | 72 plans, recent 243 ms/plan (4.4 Hz)
[ 17.44s] target 0 err=0.715 m | 78 plans, recent 225 ms/plan (4.5 Hz)
[ 18.44s] target 0 err=0.753 m | 83 plans, recent 213 ms/plan (4.5 Hz)
[ 19.63s] target 0 err=0.779 m | 89 plans, recent 202 ms/plan (4.5 Hz)
[ 20.68s] target 0 err=0.788 m | 94 plans, recent 200 ms/plan (4.5 Hz)
[ 21.80s] target 0 err=0.788 m | 100 plans, recent 198 ms/plan (4.6 Hz)
[ 22.95s] target 0 err=0.779 m | 105 plans, recent 205 ms/plan (4.6 Hz)
[ 23.99s] target 0 err=0.753 m | 111 plans, recent 202 ms/plan (4.6 Hz)
[ 25.16s] target 0 err=0.712 m | 116 plans, recent 201 ms/plan (4.6 Hz)
[ 26.23s] target 0 err=0.671 m | 121 plans, recent 212 ms/plan (4.6 Hz)
[ 27.50s] target 0 err=0.610 m | 127 plans, recent 214 ms/plan (4.6 Hz)
[ 28.68s] target 0 err=0.558 m | 132 plans, recent 223 ms/plan (4.6 Hz)
[ 29.72s] target 0 err=0.523 m | 136 plans, recent 228 ms/plan (4.6 Hz)
[ 30.87s] target 0 err=0.494 m | 141 plans, recent 230 ms/plan (4.6 Hz)
[ 31.95s] target 0 err=0.474 m | 145 plans, recent 249 ms/plan (4.5 Hz)
[ 32.96s] target 0 err=0.467 m | 150 plans, recent 235 ms/plan (4.6 Hz)
[ 34.15s] target 0 err=0.465 m | 155 plans, recent 232 ms/plan (4.5 Hz)
[ 35.24s] target 0 err=0.464 m | 160 plans, recent 230 ms/plan (4.5 Hz)
[ 36.34s] target 0 err=0.463 m | 165 plans, recent 218 ms/plan (4.5 Hz)
[ 37.43s] target 0 err=0.461 m | 169 plans, recent 236 ms/plan (4.5 Hz)
[ 38.63s] target 0 err=0.460 m | 174 plans, recent 237 ms/plan (4.5 Hz)
[ 39.67s] target 0 err=0.463 m | 178 plans, recent 244 ms/plan (4.5 Hz)
[ 40.69s] target 0 err=0.476 m | 182 plans, recent 249 ms/plan (4.5 Hz)
[ 41.82s] target 0 err=0.493 m | 187 plans, recent 244 ms/plan (4.5 Hz)
[ 42.87s] target 0 err=0.510 m | 191 plans, recent 245 ms/plan (4.5 Hz)
[ 43.92s] target 0 err=0.528 m | 195 plans, recent 249 ms/plan (4.4 Hz)
[ 45.11s] target 0 err=0.553 m | 200 plans, recent 244 ms/plan (4.4 Hz)
[ 46.16s] target 0 err=0.572 m | 204 plans, recent 248 ms/plan (4.4 Hz)
[ 47.28s] target 0 err=0.598 m | 209 plans, recent 247 ms/plan (4.4 Hz)
[ 48.41s] target 0 err=0.624 m | 214 plans, recent 237 ms/plan (4.4 Hz)
[ 49.53s] target 0 err=0.649 m | 218 plans, recent 248 ms/plan (4.4 Hz)
[ 50.74s] target 0 err=0.682 m | 223 plans, recent 242 ms/plan (4.4 Hz)
[ 51.88s] target 0 err=0.710 m | 228 plans, recent 237 ms/plan (4.4 Hz)
[ 52.99s] target 0 err=0.733 m | 233 plans, recent 239 ms/plan (4.4 Hz)
[ 54.18s] target 0 err=0.743 m | 238 plans, recent 227 ms/plan (4.4 Hz)
[ 55.30s] target 0 err=0.747 m | 243 plans, recent 222 ms/plan (4.4 Hz)
[ 56.41s] target 0 err=0.749 m | 248 plans, recent 229 ms/plan (4.4 Hz)
[ 57.53s] target 0 err=0.752 m | 254 plans, recent 215 ms/plan (4.4 Hz)
[ 58.72s] target 0 err=0.754 m | 259 plans, recent 219 ms/plan (4.4 Hz)
[ 59.87s] target 0 err=0.759 m | 265 plans, recent 209 ms/plan (4.4 Hz)
[ 60.98s] target 0 err=0.764 m | 271 plans, recent 199 ms/plan (4.4 Hz)
[ 62.07s] target 0 err=0.769 m | 276 plans, recent 198 ms/plan (4.4 Hz)
[ 63.18s] target 0 err=0.778 m | 283 plans, recent 184 ms/plan (4.5 Hz)
[ 64.26s] target 0 err=0.789 m | 288 plans, recent 191 ms/plan (4.5 Hz)
[ 65.34s] target 0 err=0.811 m | 295 plans, recent 176 ms/plan (4.5 Hz)
[ 66.51s] target 0 err=0.840 m | 301 plans, recent 181 ms/plan (4.5 Hz)
[ 67.53s] target 0 err=0.866 m | 306 plans, recent 182 ms/plan (4.5 Hz)
[ 68.72s] target 0 err=0.890 m | 312 plans, recent 191 ms/plan (4.5 Hz)
[ 69.77s] target 0 err=0.897 m | 318 plans, recent 196 ms/plan (4.6 Hz)
[ 70.81s] target 0 err=0.901 m | 323 plans, recent 192 ms/plan (4.6 Hz)
[ 71.91s] target 0 err=0.903 m | 330 plans, recent 182 ms/plan (4.6 Hz)
[ 73.08s] target 0 err=0.901 m | 335 plans, recent 187 ms/plan (4.6 Hz)
[ 74.19s] target 0 err=0.901 m | 342 plans, recent 177 ms/plan (4.6 Hz)
[ 75.34s] target 0 err=0.900 m | 349 plans, recent 178 ms/plan (4.6 Hz)
[ 76.50s] target 0 err=0.899 m | 356 plans, recent 161 ms/plan (4.7 Hz)
[ 77.68s] target 0 err=0.898 m | 363 plans, recent 168 ms/plan (4.7 Hz)
[ 78.76s] target 0 err=0.896 m | 369 plans, recent 173 ms/plan (4.7 Hz)
[ 79.80s] target 0 err=0.894 m | 374 plans, recent 183 ms/plan (4.7 Hz)
[ 81.00s] target 0 err=0.890 m | 381 plans, recent 185 ms/plan (4.7 Hz)
[ 82.08s] target 0 err=0.885 m | 388 plans, recent 172 ms/plan (4.7 Hz)
[ 83.28s] target 0 err=0.878 m | 394 plans, recent 173 ms/plan (4.7 Hz)
[ 84.49s] target 0 err=0.861 m | 402 plans, recent 172 ms/plan (4.8 Hz)
[ 85.54s] target 0 err=0.839 m | 408 plans, recent 171 ms/plan (4.8 Hz)
[ 86.59s] target 0 err=0.803 m | 415 plans, recent 157 ms/plan (4.8 Hz)
[ 87.73s] target 0 err=0.758 m | 422 plans, recent 160 ms/plan (4.8 Hz)
[ 88.92s] target 0 err=0.729 m | 427 plans, recent 179 ms/plan (4.8 Hz)
[ 89.99s] target 0 err=0.709 m | 432 plans, recent 193 ms/plan (4.8 Hz)
[ 91.09s] target 0 err=0.659 m | 437 plans, recent 219 ms/plan (4.8 Hz)
[ 92.24s] target 0 err=0.621 m | 443 plans, recent 210 ms/plan (4.8 Hz)
[ 93.40s] target 0 err=0.641 m | 449 plans, recent 198 ms/plan (4.8 Hz)
[ 94.46s] target 0 err=0.673 m | 454 plans, recent 196 ms/plan (4.8 Hz)
[ 95.63s] target 0 err=0.676 m | 460 plans, recent 202 ms/plan (4.8 Hz)
[ 96.82s] target 0 err=0.606 m | 465 plans, recent 211 ms/plan (4.8 Hz)
[ 97.91s] target 0 err=0.586 m | 469 plans, recent 229 ms/plan (4.8 Hz)
[ 99.00s] target 0 err=0.379 m | 473 plans, recent 237 ms/plan (4.8 Hz)
[100.08s] target 0 err=0.175 m | 478 plans, recent 245 ms/plan (4.8 Hz)
[101.13s] target 0 err=0.096 m | 482 plans, recent 248 ms/plan (4.8 Hz)
[102.30s] target 0 err=0.065 m | 487 plans, recent 245 ms/plan (4.8 Hz)
[103.32s] target 0 err=0.058 m | 492 plans, recent 224 ms/plan (4.8 Hz)
[104.41s] target 0 err=0.043 m | 497 plans, recent 227 ms/plan (4.8 Hz)
[105.64s] target 0 err=0.034 m | 503 plans, recent 204 ms/plan (4.8 Hz)
[ 25.70s] target 0 strict reach (24.8 mm) in 25.70 s
[106.67s] target 0 err=0.025 m | 516 plans, recent 124 ms/plan (4.8 Hz)
[107.77s] target 0 err=0.023 m | 522 plans, recent 114 ms/plan (4.8 Hz)
  reached_strict=True reached_5cm=True min_err=0.0228 violation=False safe_stall=False

=== [62/70] sqp_mpc target=26 (0.439, 0.344, 0.213) ===
loaded=/home/home/mbd/koopman/mbd_koopman/out/franka/models/bk_seed0.pt
SQP-MPC: 3 SQP re-freezes, act_dist 999.0, whole_arm=True, 1 box(es), 62 keep-out rows/step (compiled once, DPP)
warm-up: 3 throwaway plans
[  1.21s] target 0 err=0.632 m | 7 plans, recent 200 ms/plan (5.8 Hz)
[  2.30s] target 0 err=0.603 m | 12 plans, recent 210 ms/plan (5.2 Hz)
[  3.41s] target 0 err=0.615 m | 17 plans, recent 215 ms/plan (5.0 Hz)
[  4.44s] target 0 err=0.635 m | 21 plans, recent 221 ms/plan (4.7 Hz)
[  5.59s] target 0 err=0.640 m | 26 plans, recent 230 ms/plan (4.6 Hz)
[  6.79s] target 0 err=0.627 m | 31 plans, recent 235 ms/plan (4.6 Hz)
[  8.00s] target 0 err=0.611 m | 37 plans, recent 226 ms/plan (4.6 Hz)
[  9.00s] target 0 err=0.597 m | 42 plans, recent 213 ms/plan (4.7 Hz)
[ 10.01s] target 0 err=0.591 m | 47 plans, recent 204 ms/plan (4.7 Hz)
[ 11.06s] target 0 err=0.598 m | 52 plans, recent 204 ms/plan (4.7 Hz)
[ 12.13s] target 0 err=0.618 m | 57 plans, recent 206 ms/plan (4.7 Hz)
[ 13.18s] target 0 err=0.643 m | 62 plans, recent 206 ms/plan (4.7 Hz)
[ 14.20s] target 0 err=0.666 m | 67 plans, recent 212 ms/plan (4.7 Hz)
[ 15.34s] target 0 err=0.692 m | 73 plans, recent 202 ms/plan (4.8 Hz)
[ 16.54s] target 0 err=0.716 m | 78 plans, recent 205 ms/plan (4.7 Hz)
[ 17.68s] target 0 err=0.734 m | 83 plans, recent 219 ms/plan (4.7 Hz)
[ 18.84s] target 0 err=0.750 m | 89 plans, recent 210 ms/plan (4.7 Hz)
[ 20.06s] target 0 err=0.763 m | 94 plans, recent 221 ms/plan (4.7 Hz)
[ 21.30s] target 0 err=0.779 m | 99 plans, recent 223 ms/plan (4.6 Hz)
[ 22.36s] target 0 err=0.799 m | 106 plans, recent 207 ms/plan (4.7 Hz)
[ 23.37s] target 0 err=0.804 m | 111 plans, recent 199 ms/plan (4.8 Hz)
[ 24.49s] target 0 err=0.802 m | 118 plans, recent 165 ms/plan (4.8 Hz)
[ 25.57s] target 0 err=0.794 m | 124 plans, recent 175 ms/plan (4.8 Hz)
[ 26.76s] target 0 err=0.779 m | 129 plans, recent 189 ms/plan (4.8 Hz)
[ 27.92s] target 0 err=0.750 m | 134 plans, recent 206 ms/plan (4.8 Hz)
[ 29.05s] target 0 err=0.710 m | 139 plans, recent 224 ms/plan (4.8 Hz)
[ 30.09s] target 0 err=0.660 m | 144 plans, recent 227 ms/plan (4.8 Hz)
[ 31.36s] target 0 err=0.614 m | 149 plans, recent 227 ms/plan (4.8 Hz)
[ 32.47s] target 0 err=0.590 m | 154 plans, recent 227 ms/plan (4.7 Hz)
[ 33.70s] target 0 err=0.583 m | 159 plans, recent 231 ms/plan (4.7 Hz)
[ 34.85s] target 0 err=0.588 m | 165 plans, recent 225 ms/plan (4.7 Hz)
[ 36.06s] target 0 err=0.599 m | 170 plans, recent 219 ms/plan (4.7 Hz)
[ 37.19s] target 0 err=0.611 m | 176 plans, recent 212 ms/plan (4.7 Hz)
[ 38.23s] target 0 err=0.614 m | 181 plans, recent 207 ms/plan (4.7 Hz)
[ 39.38s] target 0 err=0.604 m | 186 plans, recent 215 ms/plan (4.7 Hz)
[ 40.62s] target 0 err=0.583 m | 191 plans, recent 221 ms/plan (4.7 Hz)
[ 41.84s] target 0 err=0.555 m | 196 plans, recent 227 ms/plan (4.7 Hz)
[ 42.94s] target 0 err=0.526 m | 201 plans, recent 231 ms/plan (4.7 Hz)
[ 44.05s] target 0 err=0.503 m | 206 plans, recent 229 ms/plan (4.7 Hz)
[ 45.22s] target 0 err=0.494 m | 212 plans, recent 213 ms/plan (4.7 Hz)
[ 46.27s] target 0 err=0.491 m | 217 plans, recent 210 ms/plan (4.7 Hz)
[ 47.36s] target 0 err=0.490 m | 222 plans, recent 211 ms/plan (4.7 Hz)
[ 48.59s] target 0 err=0.491 m | 227 plans, recent 219 ms/plan (4.7 Hz)
[ 49.59s] target 0 err=0.504 m | 231 plans, recent 230 ms/plan (4.7 Hz)
[ 50.76s] target 0 err=0.523 m | 236 plans, recent 237 ms/plan (4.6 Hz)
[ 51.96s] target 0 err=0.543 m | 241 plans, recent 239 ms/plan (4.6 Hz)
[ 53.13s] target 0 err=0.567 m | 246 plans, recent 236 ms/plan (4.6 Hz)
[ 54.30s] target 0 err=0.597 m | 252 plans, recent 217 ms/plan (4.6 Hz)
[ 55.52s] target 0 err=0.623 m | 258 plans, recent 210 ms/plan (4.6 Hz)
[ 56.61s] target 0 err=0.644 m | 263 plans, recent 214 ms/plan (4.6 Hz)
[ 57.83s] target 0 err=0.668 m | 268 plans, recent 215 ms/plan (4.6 Hz)
[ 58.84s] target 0 err=0.693 m | 273 plans, recent 218 ms/plan (4.6 Hz)
[ 59.91s] target 0 err=0.721 m | 279 plans, recent 205 ms/plan (4.7 Hz)
[ 61.15s] target 0 err=0.746 m | 285 plans, recent 203 ms/plan (4.7 Hz)
[ 62.30s] target 0 err=0.765 m | 291 plans, recent 193 ms/plan (4.7 Hz)
[ 63.37s] target 0 err=0.771 m | 296 plans, recent 196 ms/plan (4.7 Hz)
[ 64.63s] target 0 err=0.775 m | 303 plans, recent 189 ms/plan (4.7 Hz)
[ 65.79s] target 0 err=0.779 m | 311 plans, recent 176 ms/plan (4.7 Hz)
[ 66.95s] target 0 err=0.781 m | 317 plans, recent 175 ms/plan (4.7 Hz)
[ 68.05s] target 0 err=0.782 m | 322 plans, recent 175 ms/plan (4.7 Hz)
[ 69.15s] target 0 err=0.784 m | 329 plans, recent 186 ms/plan (4.8 Hz)
[ 70.19s] target 0 err=0.787 m | 335 plans, recent 184 ms/plan (4.8 Hz)
[ 71.24s] target 0 err=0.790 m | 340 plans, recent 179 ms/plan (4.8 Hz)
[ 72.25s] target 0 err=0.794 m | 346 plans, recent 181 ms/plan (4.8 Hz)
[ 73.37s] target 0 err=0.797 m | 352 plans, recent 189 ms/plan (4.8 Hz)
[ 74.39s] target 0 err=0.801 m | 357 plans, recent 188 ms/plan (4.8 Hz)
[ 75.50s] target 0 err=0.808 m | 364 plans, recent 177 ms/plan (4.8 Hz)
[ 76.56s] target 0 err=0.815 m | 369 plans, recent 185 ms/plan (4.8 Hz)
[ 77.56s] target 0 err=0.826 m | 374 plans, recent 198 ms/plan (4.8 Hz)
[ 78.72s] target 0 err=0.849 m | 380 plans, recent 200 ms/plan (4.8 Hz)
[ 79.82s] target 0 err=0.871 m | 385 plans, recent 205 ms/plan (4.8 Hz)
[ 80.85s] target 0 err=0.893 m | 390 plans, recent 207 ms/plan (4.8 Hz)
[ 82.03s] target 0 err=0.910 m | 396 plans, recent 204 ms/plan (4.8 Hz)
[ 83.12s] target 0 err=0.915 m | 401 plans, recent 203 ms/plan (4.8 Hz)
[ 84.24s] target 0 err=0.915 m | 408 plans, recent 188 ms/plan (4.8 Hz)
[ 85.29s] target 0 err=0.912 m | 414 plans, recent 182 ms/plan (4.9 Hz)
[ 86.30s] target 0 err=0.910 m | 420 plans, recent 168 ms/plan (4.9 Hz)
[ 87.40s] target 0 err=0.910 m | 427 plans, recent 168 ms/plan (4.9 Hz)
[ 88.40s] target 0 err=0.910 m | 433 plans, recent 163 ms/plan (4.9 Hz)
[ 89.52s] target 0 err=0.910 m | 440 plans, recent 157 ms/plan (4.9 Hz)
[ 90.59s] target 0 err=0.911 m | 447 plans, recent 155 ms/plan (4.9 Hz)
[ 91.70s] target 0 err=0.911 m | 454 plans, recent 157 ms/plan (5.0 Hz)
[ 92.77s] target 0 err=0.911 m | 460 plans, recent 159 ms/plan (5.0 Hz)
[ 93.82s] target 0 err=0.911 m | 467 plans, recent 160 ms/plan (5.0 Hz)
[ 95.00s] target 0 err=0.911 m | 474 plans, recent 163 ms/plan (5.0 Hz)
[ 96.11s] target 0 err=0.909 m | 481 plans, recent 158 ms/plan (5.0 Hz)
[ 97.13s] target 0 err=0.907 m | 487 plans, recent 167 ms/plan (5.0 Hz)
[ 98.20s] target 0 err=0.904 m | 493 plans, recent 166 ms/plan (5.0 Hz)
[ 99.32s] target 0 err=0.899 m | 500 plans, recent 165 ms/plan (5.0 Hz)
[100.41s] target 0 err=0.895 m | 506 plans, recent 174 ms/plan (5.0 Hz)
[101.55s] target 0 err=0.888 m | 512 plans, recent 173 ms/plan (5.0 Hz)
[102.61s] target 0 err=0.879 m | 519 plans, recent 171 ms/plan (5.1 Hz)
[103.64s] target 0 err=0.868 m | 526 plans, recent 158 ms/plan (5.1 Hz)
[104.74s] target 0 err=0.851 m | 534 plans, recent 145 ms/plan (5.1 Hz)
[105.83s] target 0 err=0.830 m | 542 plans, recent 135 ms/plan (5.1 Hz)
[106.94s] target 0 err=0.803 m | 551 plans, recent 134 ms/plan (5.2 Hz)
[108.09s] target 0 err=0.781 m | 558 plans, recent 144 ms/plan (5.2 Hz)
[109.18s] target 0 err=0.740 m | 564 plans, recent 162 ms/plan (5.2 Hz)
[110.26s] target 0 err=0.716 m | 570 plans, recent 169 ms/plan (5.2 Hz)
[111.35s] target 0 err=0.675 m | 576 plans, recent 188 ms/plan (5.2 Hz)
[112.55s] target 0 err=0.656 m | 582 plans, recent 188 ms/plan (5.2 Hz)
[113.66s] target 0 err=0.679 m | 588 plans, recent 189 ms/plan (5.2 Hz)
[114.82s] target 0 err=0.701 m | 595 plans, recent 181 ms/plan (5.2 Hz)
  reached_strict=False reached_5cm=False min_err=0.4895 violation=False safe_stall=True

=== [63/70] sqp_mpc target=27 (0.464, 0.312, 0.336) ===
loaded=/home/home/mbd/koopman/mbd_koopman/out/franka/models/bk_seed0.pt
SQP-MPC: 3 SQP re-freezes, act_dist 999.0, whole_arm=True, 1 box(es), 62 keep-out rows/step (compiled once, DPP)
warm-up: 3 throwaway plans
[  1.21s] target 0 err=0.637 m | 6 plans, recent 240 ms/plan (5.0 Hz)
[  2.27s] target 0 err=0.567 m | 11 plans, recent 226 ms/plan (4.8 Hz)
[  3.33s] target 0 err=0.538 m | 16 plans, recent 219 ms/plan (4.8 Hz)
[  4.47s] target 0 err=0.535 m | 22 plans, recent 213 ms/plan (4.9 Hz)
[  5.66s] target 0 err=0.558 m | 27 plans, recent 210 ms/plan (4.8 Hz)
[  6.77s] target 0 err=0.494 m | 33 plans, recent 197 ms/plan (4.9 Hz)
[  8.02s] target 0 err=0.433 m | 38 plans, recent 217 ms/plan (4.7 Hz)
[  9.16s] target 0 err=0.423 m | 43 plans, recent 225 ms/plan (4.7 Hz)
[ 10.18s] target 0 err=0.436 m | 48 plans, recent 217 ms/plan (4.7 Hz)
[ 11.37s] target 0 err=0.482 m | 53 plans, recent 228 ms/plan (4.7 Hz)
[ 12.39s] target 0 err=0.526 m | 57 plans, recent 230 ms/plan (4.6 Hz)
[ 13.55s] target 0 err=0.585 m | 62 plans, recent 230 ms/plan (4.6 Hz)
[ 14.69s] target 0 err=0.621 m | 67 plans, recent 236 ms/plan (4.6 Hz)
[ 15.71s] target 0 err=0.697 m | 71 plans, recent 238 ms/plan (4.5 Hz)
[ 16.94s] target 0 err=0.694 m | 76 plans, recent 237 ms/plan (4.5 Hz)
[ 17.98s] target 0 err=0.651 m | 80 plans, recent 245 ms/plan (4.4 Hz)
[ 19.00s] target 0 err=0.598 m | 84 plans, recent 252 ms/plan (4.4 Hz)
[ 20.02s] target 0 err=0.577 m | 88 plans, recent 256 ms/plan (4.4 Hz)
[ 21.03s] target 0 err=0.563 m | 92 plans, recent 253 ms/plan (4.4 Hz)
[ 22.26s] target 0 err=0.545 m | 97 plans, recent 254 ms/plan (4.4 Hz)
[ 23.37s] target 0 err=0.529 m | 101 plans, recent 253 ms/plan (4.3 Hz)
[ 24.52s] target 0 err=0.521 m | 106 plans, recent 248 ms/plan (4.3 Hz)
[ 25.68s] target 0 err=0.519 m | 112 plans, recent 230 ms/plan (4.4 Hz)
[ 26.89s] target 0 err=0.533 m | 117 plans, recent 227 ms/plan (4.4 Hz)
[ 28.09s] target 0 err=0.567 m | 122 plans, recent 224 ms/plan (4.3 Hz)
[ 29.15s] target 0 err=0.597 m | 126 plans, recent 229 ms/plan (4.3 Hz)
[ 30.26s] target 0 err=0.624 m | 131 plans, recent 242 ms/plan (4.3 Hz)
[ 31.29s] target 0 err=0.640 m | 135 plans, recent 242 ms/plan (4.3 Hz)
[ 32.33s] target 0 err=0.655 m | 140 plans, recent 236 ms/plan (4.3 Hz)
[ 33.57s] target 0 err=0.665 m | 145 plans, recent 232 ms/plan (4.3 Hz)
[ 34.62s] target 0 err=0.664 m | 149 plans, recent 238 ms/plan (4.3 Hz)
[ 35.84s] target 0 err=0.668 m | 155 plans, recent 232 ms/plan (4.3 Hz)
[ 36.89s] target 0 err=0.691 m | 159 plans, recent 237 ms/plan (4.3 Hz)
[ 37.97s] target 0 err=0.691 m | 164 plans, recent 227 ms/plan (4.3 Hz)
[ 39.11s] target 0 err=0.689 m | 170 plans, recent 216 ms/plan (4.3 Hz)
[ 40.18s] target 0 err=0.683 m | 175 plans, recent 215 ms/plan (4.4 Hz)
[ 41.37s] target 0 err=0.673 m | 180 plans, recent 215 ms/plan (4.4 Hz)
[ 42.59s] target 0 err=0.659 m | 185 plans, recent 221 ms/plan (4.3 Hz)
[ 43.66s] target 0 err=0.650 m | 190 plans, recent 228 ms/plan (4.4 Hz)
[ 44.67s] target 0 err=0.649 m | 194 plans, recent 238 ms/plan (4.3 Hz)
[ 45.71s] target 0 err=0.658 m | 198 plans, recent 241 ms/plan (4.3 Hz)
[ 46.97s] target 0 err=0.671 m | 203 plans, recent 240 ms/plan (4.3 Hz)
[ 48.15s] target 0 err=0.680 m | 208 plans, recent 243 ms/plan (4.3 Hz)
[ 49.37s] target 0 err=0.687 m | 214 plans, recent 231 ms/plan (4.3 Hz)
[ 50.51s] target 0 err=0.689 m | 220 plans, recent 214 ms/plan (4.4 Hz)
[ 51.56s] target 0 err=0.690 m | 225 plans, recent 204 ms/plan (4.4 Hz)
[ 52.77s] target 0 err=0.687 m | 230 plans, recent 213 ms/plan (4.4 Hz)
[ 53.98s] target 0 err=0.684 m | 236 plans, recent 206 ms/plan (4.4 Hz)
[ 55.13s] target 0 err=0.682 m | 241 plans, recent 216 ms/plan (4.4 Hz)
[ 56.31s] target 0 err=0.680 m | 247 plans, recent 211 ms/plan (4.4 Hz)
[ 57.38s] target 0 err=0.678 m | 252 plans, recent 210 ms/plan (4.4 Hz)
[ 58.56s] target 0 err=0.686 m | 257 plans, recent 220 ms/plan (4.4 Hz)
[ 59.58s] target 0 err=0.696 m | 261 plans, recent 221 ms/plan (4.4 Hz)
[ 60.77s] target 0 err=0.706 m | 266 plans, recent 234 ms/plan (4.4 Hz)
[ 61.92s] target 0 err=0.710 m | 271 plans, recent 234 ms/plan (4.4 Hz)
[ 63.04s] target 0 err=0.704 m | 276 plans, recent 236 ms/plan (4.4 Hz)
[ 64.09s] target 0 err=0.694 m | 281 plans, recent 226 ms/plan (4.4 Hz)
[ 65.27s] target 0 err=0.679 m | 286 plans, recent 223 ms/plan (4.4 Hz)
[ 66.28s] target 0 err=0.670 m | 290 plans, recent 227 ms/plan (4.4 Hz)
[ 67.30s] target 0 err=0.673 m | 295 plans, recent 222 ms/plan (4.4 Hz)
[ 68.46s] target 0 err=0.696 m | 300 plans, recent 226 ms/plan (4.4 Hz)
[ 69.62s] target 0 err=0.719 m | 305 plans, recent 226 ms/plan (4.4 Hz)
[ 70.80s] target 0 err=0.715 m | 310 plans, recent 229 ms/plan (4.4 Hz)
[ 71.82s] target 0 err=0.689 m | 314 plans, recent 236 ms/plan (4.4 Hz)
[ 72.99s] target 0 err=0.677 m | 319 plans, recent 239 ms/plan (4.4 Hz)
[ 74.15s] target 0 err=0.693 m | 324 plans, recent 237 ms/plan (4.4 Hz)
[ 75.37s] target 0 err=0.720 m | 329 plans, recent 240 ms/plan (4.4 Hz)
[ 76.59s] target 0 err=0.720 m | 334 plans, recent 240 ms/plan (4.4 Hz)
[ 77.71s] target 0 err=0.700 m | 338 plans, recent 248 ms/plan (4.3 Hz)
[ 78.76s] target 0 err=0.683 m | 342 plans, recent 256 ms/plan (4.3 Hz)
[ 79.83s] target 0 err=0.688 m | 346 plans, recent 259 ms/plan (4.3 Hz)
[ 81.10s] target 0 err=0.712 m | 351 plans, recent 264 ms/plan (4.3 Hz)
[ 82.17s] target 0 err=0.719 m | 355 plans, recent 259 ms/plan (4.3 Hz)
[ 83.25s] target 0 err=0.704 m | 361 plans, recent 235 ms/plan (4.3 Hz)
[ 84.25s] target 0 err=0.683 m | 366 plans, recent 213 ms/plan (4.3 Hz)
[ 85.32s] target 0 err=0.681 m | 372 plans, recent 198 ms/plan (4.4 Hz)
[ 86.48s] target 0 err=0.697 m | 377 plans, recent 210 ms/plan (4.4 Hz)
[ 87.64s] target 0 err=0.718 m | 382 plans, recent 211 ms/plan (4.4 Hz)
[ 88.71s] target 0 err=0.712 m | 388 plans, recent 208 ms/plan (4.4 Hz)
[ 89.91s] target 0 err=0.691 m | 393 plans, recent 216 ms/plan (4.4 Hz)
[ 90.96s] target 0 err=0.677 m | 398 plans, recent 212 ms/plan (4.4 Hz)
[ 92.11s] target 0 err=0.685 m | 403 plans, recent 207 ms/plan (4.4 Hz)
[ 93.22s] target 0 err=0.712 m | 408 plans, recent 224 ms/plan (4.4 Hz)
[ 94.24s] target 0 err=0.726 m | 412 plans, recent 225 ms/plan (4.4 Hz)
[ 95.25s] target 0 err=0.718 m | 416 plans, recent 237 ms/plan (4.4 Hz)
[ 96.32s] target 0 err=0.695 m | 420 plans, recent 243 ms/plan (4.4 Hz)
[ 97.53s] target 0 err=0.682 m | 425 plans, recent 254 ms/plan (4.4 Hz)
[ 98.77s] target 0 err=0.699 m | 430 plans, recent 252 ms/plan (4.4 Hz)
[ 99.85s] target 0 err=0.715 m | 434 plans, recent 256 ms/plan (4.3 Hz)
[100.98s] target 0 err=0.714 m | 440 plans, recent 238 ms/plan (4.4 Hz)
[102.05s] target 0 err=0.696 m | 444 plans, recent 239 ms/plan (4.4 Hz)
[103.23s] target 0 err=0.682 m | 449 plans, recent 230 ms/plan (4.3 Hz)
[104.24s] target 0 err=0.691 m | 454 plans, recent 216 ms/plan (4.4 Hz)
[105.28s] target 0 err=0.713 m | 459 plans, recent 224 ms/plan (4.4 Hz)
[106.43s] target 0 err=0.724 m | 464 plans, recent 218 ms/plan (4.4 Hz)
[107.54s] target 0 err=0.713 m | 468 plans, recent 227 ms/plan (4.4 Hz)
[108.75s] target 0 err=0.688 m | 473 plans, recent 238 ms/plan (4.3 Hz)
[109.77s] target 0 err=0.681 m | 479 plans, recent 222 ms/plan (4.4 Hz)
[110.93s] target 0 err=0.695 m | 484 plans, recent 224 ms/plan (4.4 Hz)
[112.14s] target 0 err=0.714 m | 489 plans, recent 218 ms/plan (4.4 Hz)
[113.40s] target 0 err=0.708 m | 494 plans, recent 222 ms/plan (4.4 Hz)
[114.56s] target 0 err=0.684 m | 499 plans, recent 236 ms/plan (4.4 Hz)
[115.70s] target 0 err=0.678 m | 505 plans, recent 228 ms/plan (4.4 Hz)
[116.92s] target 0 err=0.698 m | 510 plans, recent 227 ms/plan (4.4 Hz)
[118.08s] target 0 err=0.722 m | 515 plans, recent 224 ms/plan (4.4 Hz)
[119.18s] target 0 err=0.717 m | 520 plans, recent 225 ms/plan (4.4 Hz)
[120.25s] target 0 err=0.697 m | 524 plans, recent 240 ms/plan (4.4 Hz)
[121.47s] target 0 err=0.678 m | 529 plans, recent 232 ms/plan (4.4 Hz)
[122.71s] target 0 err=0.689 m | 535 plans, recent 231 ms/plan (4.4 Hz)
[123.72s] target 0 err=0.712 m | 539 plans, recent 239 ms/plan (4.4 Hz)
[124.86s] target 0 err=0.722 m | 544 plans, recent 224 ms/plan (4.4 Hz)
[126.12s] target 0 err=0.702 m | 549 plans, recent 240 ms/plan (4.4 Hz)
[127.17s] target 0 err=0.680 m | 554 plans, recent 234 ms/plan (4.4 Hz)
[128.34s] target 0 err=0.684 m | 559 plans, recent 229 ms/plan (4.4 Hz)
[129.59s] target 0 err=0.707 m | 564 plans, recent 240 ms/plan (4.4 Hz)
[130.63s] target 0 err=0.718 m | 568 plans, recent 238 ms/plan (4.3 Hz)
[131.73s] target 0 err=0.705 m | 572 plans, recent 252 ms/plan (4.3 Hz)
[132.80s] target 0 err=0.685 m | 576 plans, recent 256 ms/plan (4.3 Hz)
[133.98s] target 0 err=0.685 m | 581 plans, recent 259 ms/plan (4.3 Hz)
[135.17s] target 0 err=0.709 m | 586 plans, recent 251 ms/plan (4.3 Hz)
[136.18s] target 0 err=0.721 m | 590 plans, recent 242 ms/plan (4.3 Hz)
[137.32s] target 0 err=0.712 m | 596 plans, recent 229 ms/plan (4.3 Hz)
  reached_strict=False reached_5cm=False min_err=0.4225 violation=False safe_stall=True

=== [64/70] sqp_mpc target=28 (0.517, 0.326, 0.218) ===
loaded=/home/home/mbd/koopman/mbd_koopman/out/franka/models/bk_seed0.pt
SQP-MPC: 3 SQP re-freezes, act_dist 999.0, whole_arm=True, 1 box(es), 62 keep-out rows/step (compiled once, DPP)
warm-up: 3 throwaway plans
[  1.19s] target 0 err=0.615 m | 7 plans, recent 198 ms/plan (5.9 Hz)
[  2.19s] target 0 err=0.621 m | 12 plans, recent 189 ms/plan (5.5 Hz)
[  3.20s] target 0 err=0.651 m | 18 plans, recent 185 ms/plan (5.6 Hz)
[  4.26s] target 0 err=0.689 m | 23 plans, recent 201 ms/plan (5.4 Hz)
[  5.43s] target 0 err=0.719 m | 28 plans, recent 200 ms/plan (5.2 Hz)
[  6.50s] target 0 err=0.745 m | 33 plans, recent 211 ms/plan (5.1 Hz)
[  7.53s] target 0 err=0.775 m | 39 plans, recent 207 ms/plan (5.2 Hz)
[  8.63s] target 0 err=0.804 m | 46 plans, recent 181 ms/plan (5.3 Hz)
[  9.75s] target 0 err=0.824 m | 53 plans, recent 160 ms/plan (5.4 Hz)
[ 10.91s] target 0 err=0.839 m | 61 plans, recent 150 ms/plan (5.6 Hz)
[ 12.02s] target 0 err=0.791 m | 67 plans, recent 164 ms/plan (5.6 Hz)
[ 13.25s] target 0 err=0.615 m | 73 plans, recent 179 ms/plan (5.5 Hz)
[ 14.43s] target 0 err=0.553 m | 78 plans, recent 202 ms/plan (5.4 Hz)
[ 15.62s] target 0 err=0.578 m | 84 plans, recent 214 ms/plan (5.4 Hz)
[ 16.63s] target 0 err=0.631 m | 88 plans, recent 220 ms/plan (5.3 Hz)
[ 17.81s] target 0 err=0.676 m | 93 plans, recent 228 ms/plan (5.2 Hz)
[ 18.84s] target 0 err=0.685 m | 97 plans, recent 232 ms/plan (5.1 Hz)
[ 19.87s] target 0 err=0.713 m | 101 plans, recent 247 ms/plan (5.1 Hz)
[ 20.87s] target 0 err=0.659 m | 105 plans, recent 253 ms/plan (5.0 Hz)
[ 21.89s] target 0 err=0.645 m | 109 plans, recent 252 ms/plan (5.0 Hz)
[ 22.96s] target 0 err=0.628 m | 113 plans, recent 254 ms/plan (4.9 Hz)
[ 23.97s] target 0 err=0.639 m | 117 plans, recent 250 ms/plan (4.9 Hz)
[ 25.16s] target 0 err=0.674 m | 123 plans, recent 235 ms/plan (4.9 Hz)
[ 26.21s] target 0 err=0.688 m | 128 plans, recent 222 ms/plan (4.9 Hz)
[ 27.40s] target 0 err=0.686 m | 133 plans, recent 220 ms/plan (4.9 Hz)
[ 28.60s] target 0 err=0.679 m | 138 plans, recent 225 ms/plan (4.8 Hz)
[ 29.69s] target 0 err=0.670 m | 143 plans, recent 230 ms/plan (4.8 Hz)
[ 30.92s] target 0 err=0.661 m | 148 plans, recent 236 ms/plan (4.8 Hz)
[ 32.04s] target 0 err=0.654 m | 153 plans, recent 230 ms/plan (4.8 Hz)
[ 33.07s] target 0 err=0.650 m | 158 plans, recent 221 ms/plan (4.8 Hz)
[ 34.13s] target 0 err=0.647 m | 164 plans, recent 209 ms/plan (4.8 Hz)
[ 35.21s] target 0 err=0.644 m | 168 plans, recent 213 ms/plan (4.8 Hz)
[ 36.34s] target 0 err=0.640 m | 173 plans, recent 218 ms/plan (4.8 Hz)
[ 37.46s] target 0 err=0.637 m | 178 plans, recent 224 ms/plan (4.8 Hz)
[ 38.68s] target 0 err=0.635 m | 183 plans, recent 239 ms/plan (4.7 Hz)
[ 39.93s] target 0 err=0.635 m | 188 plans, recent 239 ms/plan (4.7 Hz)
[ 41.13s] target 0 err=0.633 m | 193 plans, recent 239 ms/plan (4.7 Hz)
[ 42.22s] target 0 err=0.632 m | 198 plans, recent 236 ms/plan (4.7 Hz)
[ 43.22s] target 0 err=0.631 m | 203 plans, recent 227 ms/plan (4.7 Hz)
[ 44.39s] target 0 err=0.631 m | 208 plans, recent 225 ms/plan (4.7 Hz)
[ 45.61s] target 0 err=0.629 m | 213 plans, recent 223 ms/plan (4.7 Hz)
[ 46.79s] target 0 err=0.630 m | 218 plans, recent 229 ms/plan (4.7 Hz)
[ 47.81s] target 0 err=0.631 m | 222 plans, recent 242 ms/plan (4.6 Hz)
[ 48.90s] target 0 err=0.636 m | 228 plans, recent 224 ms/plan (4.7 Hz)
[ 49.98s] target 0 err=0.642 m | 234 plans, recent 194 ms/plan (4.7 Hz)
[ 51.03s] target 0 err=0.647 m | 243 plans, recent 143 ms/plan (4.8 Hz)
[ 52.14s] target 0 err=0.649 m | 251 plans, recent 126 ms/plan (4.8 Hz)
[ 53.27s] target 0 err=0.650 m | 258 plans, recent 142 ms/plan (4.8 Hz)
[ 54.33s] target 0 err=0.645 m | 265 plans, recent 151 ms/plan (4.9 Hz)
[ 55.47s] target 0 err=0.636 m | 274 plans, recent 139 ms/plan (4.9 Hz)
[ 56.49s] target 0 err=0.633 m | 282 plans, recent 128 ms/plan (5.0 Hz)
[ 57.56s] target 0 err=0.632 m | 289 plans, recent 130 ms/plan (5.0 Hz)
[ 58.60s] target 0 err=0.630 m | 296 plans, recent 146 ms/plan (5.1 Hz)
[ 59.64s] target 0 err=0.629 m | 304 plans, recent 137 ms/plan (5.1 Hz)
[ 60.69s] target 0 err=0.629 m | 312 plans, recent 131 ms/plan (5.1 Hz)
[ 61.83s] target 0 err=0.632 m | 323 plans, recent 116 ms/plan (5.2 Hz)
[ 62.84s] target 0 err=0.635 m | 330 plans, recent 118 ms/plan (5.3 Hz)
[ 63.94s] target 0 err=0.636 m | 337 plans, recent 143 ms/plan (5.3 Hz)
[ 65.00s] target 0 err=0.637 m | 344 plans, recent 151 ms/plan (5.3 Hz)
[ 66.13s] target 0 err=0.634 m | 352 plans, recent 148 ms/plan (5.3 Hz)
[ 67.20s] target 0 err=0.638 m | 359 plans, recent 144 ms/plan (5.3 Hz)
[ 68.29s] target 0 err=0.638 m | 367 plans, recent 139 ms/plan (5.4 Hz)
[ 69.30s] target 0 err=0.633 m | 375 plans, recent 136 ms/plan (5.4 Hz)
[ 70.35s] target 0 err=0.628 m | 382 plans, recent 137 ms/plan (5.4 Hz)
[ 71.36s] target 0 err=0.629 m | 389 plans, recent 138 ms/plan (5.5 Hz)
[ 72.37s] target 0 err=0.636 m | 396 plans, recent 148 ms/plan (5.5 Hz)
[ 73.50s] target 0 err=0.647 m | 404 plans, recent 141 ms/plan (5.5 Hz)
[ 74.59s] target 0 err=0.654 m | 412 plans, recent 140 ms/plan (5.5 Hz)
[ 75.72s] target 0 err=0.657 m | 420 plans, recent 139 ms/plan (5.5 Hz)
[ 76.72s] target 0 err=0.661 m | 427 plans, recent 139 ms/plan (5.6 Hz)
[ 77.81s] target 0 err=0.657 m | 434 plans, recent 151 ms/plan (5.6 Hz)
[ 78.84s] target 0 err=0.644 m | 441 plans, recent 150 ms/plan (5.6 Hz)
[ 79.97s] target 0 err=0.637 m | 449 plans, recent 143 ms/plan (5.6 Hz)
[ 81.15s] target 0 err=0.628 m | 457 plans, recent 143 ms/plan (5.6 Hz)
[ 82.28s] target 0 err=0.629 m | 464 plans, recent 149 ms/plan (5.6 Hz)
[ 83.36s] target 0 err=0.640 m | 472 plans, recent 145 ms/plan (5.7 Hz)
[ 84.49s] target 0 err=0.654 m | 480 plans, recent 138 ms/plan (5.7 Hz)
[ 85.54s] target 0 err=0.663 m | 488 plans, recent 132 ms/plan (5.7 Hz)
[ 86.66s] target 0 err=0.665 m | 497 plans, recent 127 ms/plan (5.7 Hz)
[ 87.68s] target 0 err=0.666 m | 505 plans, recent 125 ms/plan (5.8 Hz)
[ 88.81s] target 0 err=0.666 m | 513 plans, recent 133 ms/plan (5.8 Hz)
[ 89.92s] target 0 err=0.658 m | 520 plans, recent 144 ms/plan (5.8 Hz)
[ 91.01s] target 0 err=0.643 m | 527 plans, recent 151 ms/plan (5.8 Hz)
[ 92.06s] target 0 err=0.636 m | 536 plans, recent 134 ms/plan (5.8 Hz)
[ 93.07s] target 0 err=0.628 m | 544 plans, recent 126 ms/plan (5.8 Hz)
[ 94.26s] target 0 err=0.627 m | 552 plans, recent 132 ms/plan (5.9 Hz)
[ 95.34s] target 0 err=0.637 m | 559 plans, recent 148 ms/plan (5.9 Hz)
[ 96.43s] target 0 err=0.651 m | 567 plans, recent 148 ms/plan (5.9 Hz)
[ 97.49s] target 0 err=0.662 m | 574 plans, recent 143 ms/plan (5.9 Hz)
[ 98.57s] target 0 err=0.666 m | 583 plans, recent 133 ms/plan (5.9 Hz)
[ 99.61s] target 0 err=0.667 m | 591 plans, recent 129 ms/plan (5.9 Hz)
[100.63s] target 0 err=0.668 m | 599 plans, recent 127 ms/plan (6.0 Hz)
  reached_strict=False reached_5cm=False min_err=0.5528 violation=False safe_stall=True

=== [65/70] sqp_mpc target=29 (0.527, 0.35, 0.339) ===
loaded=/home/home/mbd/koopman/mbd_koopman/out/franka/models/bk_seed0.pt
SQP-MPC: 3 SQP re-freezes, act_dist 999.0, whole_arm=True, 1 box(es), 62 keep-out rows/step (compiled once, DPP)
warm-up: 3 throwaway plans
[  1.14s] target 0 err=0.652 m | 6 plans, recent 231 ms/plan (5.3 Hz)
[  2.18s] target 0 err=0.658 m | 11 plans, recent 210 ms/plan (5.0 Hz)
[  3.18s] target 0 err=0.678 m | 17 plans, recent 196 ms/plan (5.3 Hz)
[  4.39s] target 0 err=0.715 m | 23 plans, recent 189 ms/plan (5.2 Hz)
[  5.46s] target 0 err=0.759 m | 29 plans, recent 176 ms/plan (5.3 Hz)
[  6.51s] target 0 err=0.810 m | 36 plans, recent 176 ms/plan (5.5 Hz)
[  7.58s] target 0 err=0.849 m | 42 plans, recent 171 ms/plan (5.5 Hz)
[  8.60s] target 0 err=0.856 m | 47 plans, recent 174 ms/plan (5.5 Hz)
[  9.63s] target 0 err=0.789 m | 52 plans, recent 185 ms/plan (5.4 Hz)
[ 10.79s] target 0 err=0.613 m | 57 plans, recent 203 ms/plan (5.3 Hz)
[ 11.84s] target 0 err=0.560 m | 61 plans, recent 226 ms/plan (5.2 Hz)
[ 12.96s] target 0 err=0.578 m | 65 plans, recent 245 ms/plan (5.0 Hz)
[ 14.04s] target 0 err=0.534 m | 69 plans, recent 257 ms/plan (4.9 Hz)
[ 15.21s] target 0 err=0.291 m | 74 plans, recent 259 ms/plan (4.9 Hz)
[ 16.26s] target 0 err=0.299 m | 78 plans, recent 259 ms/plan (4.8 Hz)
[ 17.31s] target 0 err=0.189 m | 82 plans, recent 256 ms/plan (4.7 Hz)
[ 18.50s] target 0 err=0.120 m | 87 plans, recent 244 ms/plan (4.7 Hz)
[ 19.50s] target 0 err=0.113 m | 91 plans, recent 245 ms/plan (4.7 Hz)
[ 20.53s] target 0 err=0.110 m | 96 plans, recent 235 ms/plan (4.7 Hz)
[ 21.80s] target 0 err=0.116 m | 101 plans, recent 237 ms/plan (4.6 Hz)
[ 22.97s] target 0 err=0.114 m | 107 plans, recent 226 ms/plan (4.7 Hz)
[ 24.07s] target 0 err=0.109 m | 112 plans, recent 217 ms/plan (4.7 Hz)
[ 25.07s] target 0 err=0.107 m | 117 plans, recent 216 ms/plan (4.7 Hz)
[ 26.24s] target 0 err=0.104 m | 123 plans, recent 201 ms/plan (4.7 Hz)
[ 27.26s] target 0 err=0.099 m | 127 plans, recent 212 ms/plan (4.7 Hz)
[ 28.39s] target 0 err=0.082 m | 132 plans, recent 215 ms/plan (4.6 Hz)
[ 29.45s] target 0 err=0.081 m | 137 plans, recent 220 ms/plan (4.7 Hz)
[ 30.52s] target 0 err=0.074 m | 142 plans, recent 222 ms/plan (4.7 Hz)
[ 31.67s] target 0 err=0.068 m | 149 plans, recent 197 ms/plan (4.7 Hz)
[ 32.67s] target 0 err=0.068 m | 155 plans, recent 183 ms/plan (4.7 Hz)
[ 33.81s] target 0 err=0.062 m | 160 plans, recent 186 ms/plan (4.7 Hz)
[ 34.91s] target 0 err=0.044 m | 165 plans, recent 195 ms/plan (4.7 Hz)
[  8.45s] target 0 strict reach (23.9 mm) in 8.45 s
[ 35.99s] target 0 err=0.012 m | 173 plans, recent 180 ms/plan (4.8 Hz)
  reached_strict=True reached_5cm=True min_err=0.0055 violation=False safe_stall=False

=== [66/70] sqp_mpc target=30 (0.501, 0.291, 0.267) ===
loaded=/home/home/mbd/koopman/mbd_koopman/out/franka/models/bk_seed0.pt
SQP-MPC: 3 SQP re-freezes, act_dist 999.0, whole_arm=True, 1 box(es), 62 keep-out rows/step (compiled once, DPP)
warm-up: 3 throwaway plans
[  1.17s] target 0 err=0.608 m | 7 plans, recent 186 ms/plan (6.0 Hz)
[  2.26s] target 0 err=0.594 m | 14 plans, recent 170 ms/plan (6.2 Hz)
[  3.48s] target 0 err=0.612 m | 20 plans, recent 180 ms/plan (5.7 Hz)
[  4.53s] target 0 err=0.631 m | 25 plans, recent 187 ms/plan (5.5 Hz)
[  5.56s] target 0 err=0.659 m | 31 plans, recent 185 ms/plan (5.6 Hz)
[  6.57s] target 0 err=0.677 m | 36 plans, recent 204 ms/plan (5.5 Hz)
[  7.76s] target 0 err=0.689 m | 42 plans, recent 193 ms/plan (5.4 Hz)
[  8.97s] target 0 err=0.700 m | 49 plans, recent 193 ms/plan (5.5 Hz)
[ 10.05s] target 0 err=0.706 m | 54 plans, recent 190 ms/plan (5.4 Hz)
[ 11.11s] target 0 err=0.710 m | 60 plans, recent 191 ms/plan (5.4 Hz)
[ 12.23s] target 0 err=0.713 m | 65 plans, recent 205 ms/plan (5.3 Hz)
[ 13.31s] target 0 err=0.720 m | 71 plans, recent 192 ms/plan (5.3 Hz)
[ 14.51s] target 0 err=0.732 m | 78 plans, recent 182 ms/plan (5.4 Hz)
[ 15.62s] target 0 err=0.747 m | 87 plans, recent 144 ms/plan (5.6 Hz)
[ 16.72s] target 0 err=0.761 m | 94 plans, recent 145 ms/plan (5.6 Hz)
[ 17.92s] target 0 err=0.786 m | 101 plans, recent 157 ms/plan (5.6 Hz)
[ 18.93s] target 0 err=0.814 m | 107 plans, recent 167 ms/plan (5.7 Hz)
[ 20.06s] target 0 err=0.835 m | 113 plans, recent 175 ms/plan (5.6 Hz)
[ 21.27s] target 0 err=0.828 m | 119 plans, recent 185 ms/plan (5.6 Hz)
[ 22.46s] target 0 err=0.732 m | 125 plans, recent 196 ms/plan (5.6 Hz)
[ 23.60s] target 0 err=0.561 m | 130 plans, recent 207 ms/plan (5.5 Hz)
[ 24.70s] target 0 err=0.484 m | 135 plans, recent 214 ms/plan (5.5 Hz)
[ 25.90s] target 0 err=0.461 m | 141 plans, recent 220 ms/plan (5.4 Hz)
[ 27.03s] target 0 err=0.503 m | 146 plans, recent 215 ms/plan (5.4 Hz)
[ 28.19s] target 0 err=0.566 m | 151 plans, recent 216 ms/plan (5.4 Hz)
[ 29.28s] target 0 err=0.587 m | 155 plans, recent 230 ms/plan (5.3 Hz)
[ 30.35s] target 0 err=0.681 m | 159 plans, recent 248 ms/plan (5.2 Hz)
[ 31.46s] target 0 err=0.639 m | 163 plans, recent 258 ms/plan (5.2 Hz)
[ 32.60s] target 0 err=0.650 m | 168 plans, recent 261 ms/plan (5.2 Hz)
[ 33.63s] target 0 err=0.610 m | 172 plans, recent 258 ms/plan (5.1 Hz)
[ 34.74s] target 0 err=0.591 m | 176 plans, recent 261 ms/plan (5.1 Hz)
[ 35.95s] target 0 err=0.604 m | 181 plans, recent 251 ms/plan (5.0 Hz)
[ 37.06s] target 0 err=0.598 m | 185 plans, recent 256 ms/plan (5.0 Hz)
[ 38.06s] target 0 err=0.593 m | 189 plans, recent 258 ms/plan (5.0 Hz)
[ 39.10s] target 0 err=0.596 m | 193 plans, recent 256 ms/plan (4.9 Hz)
[ 40.35s] target 0 err=0.605 m | 198 plans, recent 251 ms/plan (4.9 Hz)
[ 41.53s] target 0 err=0.600 m | 203 plans, recent 251 ms/plan (4.9 Hz)
[ 42.62s] target 0 err=0.599 m | 207 plans, recent 255 ms/plan (4.9 Hz)
[ 43.66s] target 0 err=0.596 m | 211 plans, recent 250 ms/plan (4.8 Hz)
[ 44.67s] target 0 err=0.596 m | 215 plans, recent 251 ms/plan (4.8 Hz)
[ 45.80s] target 0 err=0.592 m | 220 plans, recent 253 ms/plan (4.8 Hz)
[ 46.90s] target 0 err=0.586 m | 224 plans, recent 254 ms/plan (4.8 Hz)
[ 48.10s] target 0 err=0.598 m | 229 plans, recent 246 ms/plan (4.8 Hz)
[ 49.31s] target 0 err=0.595 m | 234 plans, recent 242 ms/plan (4.7 Hz)
[ 50.51s] target 0 err=0.590 m | 239 plans, recent 247 ms/plan (4.7 Hz)
[ 51.78s] target 0 err=0.600 m | 244 plans, recent 241 ms/plan (4.7 Hz)
[ 52.90s] target 0 err=0.598 m | 249 plans, recent 239 ms/plan (4.7 Hz)
[ 53.93s] target 0 err=0.593 m | 253 plans, recent 243 ms/plan (4.7 Hz)
[ 55.06s] target 0 err=0.595 m | 258 plans, recent 238 ms/plan (4.7 Hz)
[ 56.08s] target 0 err=0.604 m | 263 plans, recent 224 ms/plan (4.7 Hz)
[ 57.34s] target 0 err=0.607 m | 269 plans, recent 220 ms/plan (4.7 Hz)
[ 58.40s] target 0 err=0.605 m | 276 plans, recent 182 ms/plan (4.7 Hz)
[ 59.61s] target 0 err=0.602 m | 283 plans, recent 179 ms/plan (4.7 Hz)
[ 60.80s] target 0 err=0.597 m | 290 plans, recent 166 ms/plan (4.8 Hz)
[ 61.96s] target 0 err=0.592 m | 295 plans, recent 191 ms/plan (4.8 Hz)
[ 63.09s] target 0 err=0.588 m | 300 plans, recent 203 ms/plan (4.8 Hz)
[ 64.22s] target 0 err=0.589 m | 305 plans, recent 217 ms/plan (4.7 Hz)
[ 65.26s] target 0 err=0.593 m | 310 plans, recent 227 ms/plan (4.7 Hz)
[ 66.37s] target 0 err=0.598 m | 315 plans, recent 219 ms/plan (4.7 Hz)
[ 67.40s] target 0 err=0.605 m | 320 plans, recent 216 ms/plan (4.7 Hz)
[ 68.63s] target 0 err=0.612 m | 325 plans, recent 215 ms/plan (4.7 Hz)
[ 69.64s] target 0 err=0.617 m | 330 plans, recent 216 ms/plan (4.7 Hz)
[ 70.77s] target 0 err=0.621 m | 335 plans, recent 215 ms/plan (4.7 Hz)
[ 71.81s] target 0 err=0.623 m | 341 plans, recent 205 ms/plan (4.7 Hz)
[ 72.92s] target 0 err=0.624 m | 347 plans, recent 198 ms/plan (4.8 Hz)
[ 74.02s] target 0 err=0.624 m | 354 plans, recent 168 ms/plan (4.8 Hz)
[ 75.07s] target 0 err=0.624 m | 359 plans, recent 177 ms/plan (4.8 Hz)
[ 76.18s] target 0 err=0.623 m | 364 plans, recent 182 ms/plan (4.8 Hz)
[ 77.41s] target 0 err=0.622 m | 370 plans, recent 204 ms/plan (4.8 Hz)
[ 78.62s] target 0 err=0.619 m | 375 plans, recent 226 ms/plan (4.8 Hz)
[ 79.76s] target 0 err=0.613 m | 380 plans, recent 222 ms/plan (4.8 Hz)
[ 80.76s] target 0 err=0.614 m | 384 plans, recent 236 ms/plan (4.8 Hz)
[ 81.94s] target 0 err=0.615 m | 389 plans, recent 240 ms/plan (4.7 Hz)
[ 83.00s] target 0 err=0.614 m | 394 plans, recent 227 ms/plan (4.7 Hz)
[ 84.22s] target 0 err=0.610 m | 401 plans, recent 211 ms/plan (4.8 Hz)
[ 85.32s] target 0 err=0.604 m | 406 plans, recent 203 ms/plan (4.8 Hz)
[ 86.38s] target 0 err=0.596 m | 412 plans, recent 184 ms/plan (4.8 Hz)
[ 87.40s] target 0 err=0.591 m | 417 plans, recent 201 ms/plan (4.8 Hz)
[ 88.50s] target 0 err=0.587 m | 422 plans, recent 198 ms/plan (4.8 Hz)
[ 89.62s] target 0 err=0.589 m | 427 plans, recent 201 ms/plan (4.8 Hz)
[ 90.88s] target 0 err=0.594 m | 433 plans, recent 218 ms/plan (4.8 Hz)
[ 92.00s] target 0 err=0.601 m | 438 plans, recent 222 ms/plan (4.8 Hz)
[ 93.01s] target 0 err=0.608 m | 443 plans, recent 214 ms/plan (4.8 Hz)
[ 94.17s] target 0 err=0.615 m | 449 plans, recent 213 ms/plan (4.8 Hz)
[ 95.28s] target 0 err=0.620 m | 454 plans, recent 205 ms/plan (4.8 Hz)
[ 96.34s] target 0 err=0.624 m | 460 plans, recent 191 ms/plan (4.8 Hz)
[ 97.52s] target 0 err=0.625 m | 466 plans, recent 193 ms/plan (4.8 Hz)
[ 98.67s] target 0 err=0.625 m | 472 plans, recent 186 ms/plan (4.8 Hz)
[ 99.78s] target 0 err=0.625 m | 478 plans, recent 189 ms/plan (4.8 Hz)
[100.91s] target 0 err=0.624 m | 484 plans, recent 189 ms/plan (4.8 Hz)
[102.09s] target 0 err=0.622 m | 490 plans, recent 194 ms/plan (4.8 Hz)
[103.19s] target 0 err=0.620 m | 496 plans, recent 190 ms/plan (4.8 Hz)
[104.37s] target 0 err=0.615 m | 502 plans, recent 196 ms/plan (4.8 Hz)
[105.48s] target 0 err=0.610 m | 507 plans, recent 195 ms/plan (4.8 Hz)
[106.59s] target 0 err=0.616 m | 513 plans, recent 201 ms/plan (4.8 Hz)
[107.76s] target 0 err=0.617 m | 518 plans, recent 209 ms/plan (4.8 Hz)
[108.90s] target 0 err=0.618 m | 523 plans, recent 213 ms/plan (4.8 Hz)
[110.11s] target 0 err=0.617 m | 529 plans, recent 215 ms/plan (4.8 Hz)
[111.26s] target 0 err=0.613 m | 535 plans, recent 206 ms/plan (4.8 Hz)
[112.28s] target 0 err=0.609 m | 539 plans, recent 214 ms/plan (4.8 Hz)
[113.42s] target 0 err=0.600 m | 544 plans, recent 214 ms/plan (4.8 Hz)
[114.62s] target 0 err=0.591 m | 550 plans, recent 216 ms/plan (4.8 Hz)
[115.80s] target 0 err=0.587 m | 555 plans, recent 219 ms/plan (4.8 Hz)
[116.89s] target 0 err=0.587 m | 561 plans, recent 207 ms/plan (4.8 Hz)
[118.00s] target 0 err=0.593 m | 566 plans, recent 211 ms/plan (4.8 Hz)
[119.01s] target 0 err=0.599 m | 571 plans, recent 207 ms/plan (4.8 Hz)
[120.12s] target 0 err=0.606 m | 576 plans, recent 210 ms/plan (4.8 Hz)
[121.28s] target 0 err=0.614 m | 582 plans, recent 208 ms/plan (4.8 Hz)
[122.34s] target 0 err=0.620 m | 588 plans, recent 188 ms/plan (4.8 Hz)
[123.39s] target 0 err=0.624 m | 594 plans, recent 185 ms/plan (4.8 Hz)
[124.41s] target 0 err=0.625 m | 599 plans, recent 182 ms/plan (4.8 Hz)
  reached_strict=False reached_5cm=False min_err=0.4609 violation=False safe_stall=True

=== [67/70] sqp_mpc target=31 (0.527, 0.311, 0.236) ===
loaded=/home/home/mbd/koopman/mbd_koopman/out/franka/models/bk_seed0.pt
SQP-MPC: 3 SQP re-freezes, act_dist 999.0, whole_arm=True, 1 box(es), 62 keep-out rows/step (compiled once, DPP)
warm-up: 3 throwaway plans
[  1.07s] target 0 err=0.613 m | 6 plans, recent 223 ms/plan (5.6 Hz)
[  2.21s] target 0 err=0.611 m | 12 plans, recent 196 ms/plan (5.4 Hz)
[  3.26s] target 0 err=0.634 m | 17 plans, recent 204 ms/plan (5.2 Hz)
[  4.30s] target 0 err=0.665 m | 21 plans, recent 213 ms/plan (4.9 Hz)
[  5.43s] target 0 err=0.702 m | 26 plans, recent 216 ms/plan (4.8 Hz)
[  6.58s] target 0 err=0.730 m | 31 plans, recent 228 ms/plan (4.7 Hz)
[  7.68s] target 0 err=0.762 m | 37 plans, recent 213 ms/plan (4.8 Hz)
[  8.78s] target 0 err=0.789 m | 43 plans, recent 201 ms/plan (4.9 Hz)
[  9.84s] target 0 err=0.814 m | 50 plans, recent 169 ms/plan (5.1 Hz)
[ 10.94s] target 0 err=0.837 m | 57 plans, recent 168 ms/plan (5.2 Hz)
[ 12.03s] target 0 err=0.838 m | 63 plans, recent 164 ms/plan (5.2 Hz)
[ 13.20s] target 0 err=0.695 m | 70 plans, recent 167 ms/plan (5.3 Hz)
[ 14.32s] target 0 err=0.562 m | 76 plans, recent 173 ms/plan (5.3 Hz)
[ 15.43s] target 0 err=0.555 m | 84 plans, recent 156 ms/plan (5.4 Hz)
[ 16.48s] target 0 err=0.619 m | 91 plans, recent 151 ms/plan (5.5 Hz)
[ 17.55s] target 0 err=0.649 m | 97 plans, recent 159 ms/plan (5.5 Hz)
[ 18.55s] target 0 err=0.657 m | 103 plans, recent 164 ms/plan (5.6 Hz)
[ 19.68s] target 0 err=0.624 m | 110 plans, recent 167 ms/plan (5.6 Hz)
[ 20.71s] target 0 err=0.613 m | 117 plans, recent 155 ms/plan (5.6 Hz)
[ 21.73s] target 0 err=0.645 m | 125 plans, recent 138 ms/plan (5.8 Hz)
[ 22.84s] target 0 err=0.670 m | 133 plans, recent 137 ms/plan (5.8 Hz)
[ 23.92s] target 0 err=0.675 m | 140 plans, recent 143 ms/plan (5.9 Hz)
[ 25.02s] target 0 err=0.668 m | 147 plans, recent 151 ms/plan (5.9 Hz)
[ 26.05s] target 0 err=0.652 m | 154 plans, recent 154 ms/plan (5.9 Hz)
[ 27.18s] target 0 err=0.638 m | 161 plans, recent 153 ms/plan (5.9 Hz)
[ 28.29s] target 0 err=0.630 m | 168 plans, recent 154 ms/plan (5.9 Hz)
[ 29.33s] target 0 err=0.627 m | 175 plans, recent 156 ms/plan (6.0 Hz)
[ 30.33s] target 0 err=0.625 m | 182 plans, recent 151 ms/plan (6.0 Hz)
[ 31.47s] target 0 err=0.623 m | 190 plans, recent 143 ms/plan (6.0 Hz)
[ 32.54s] target 0 err=0.620 m | 197 plans, recent 149 ms/plan (6.1 Hz)
[ 33.58s] target 0 err=0.618 m | 203 plans, recent 156 ms/plan (6.0 Hz)
[ 34.69s] target 0 err=0.618 m | 210 plans, recent 161 ms/plan (6.1 Hz)
[ 35.75s] target 0 err=0.617 m | 216 plans, recent 169 ms/plan (6.0 Hz)
[ 36.84s] target 0 err=0.616 m | 223 plans, recent 165 ms/plan (6.1 Hz)
[ 37.96s] target 0 err=0.623 m | 230 plans, recent 163 ms/plan (6.1 Hz)
[ 38.99s] target 0 err=0.630 m | 236 plans, recent 161 ms/plan (6.1 Hz)
[ 40.16s] target 0 err=0.630 m | 243 plans, recent 165 ms/plan (6.1 Hz)
[ 41.20s] target 0 err=0.625 m | 249 plans, recent 170 ms/plan (6.0 Hz)
[ 42.26s] target 0 err=0.617 m | 255 plans, recent 171 ms/plan (6.0 Hz)
[ 43.36s] target 0 err=0.617 m | 261 plans, recent 178 ms/plan (6.0 Hz)
[ 44.42s] target 0 err=0.614 m | 267 plans, recent 178 ms/plan (6.0 Hz)
[ 45.52s] target 0 err=0.614 m | 273 plans, recent 178 ms/plan (6.0 Hz)
[ 46.66s] target 0 err=0.617 m | 280 plans, recent 173 ms/plan (6.0 Hz)
[ 47.71s] target 0 err=0.619 m | 286 plans, recent 173 ms/plan (6.0 Hz)
[ 48.79s] target 0 err=0.621 m | 293 plans, recent 160 ms/plan (6.0 Hz)
[ 49.89s] target 0 err=0.619 m | 299 plans, recent 167 ms/plan (6.0 Hz)
[ 50.93s] target 0 err=0.619 m | 305 plans, recent 170 ms/plan (6.0 Hz)
[ 52.04s] target 0 err=0.616 m | 311 plans, recent 176 ms/plan (6.0 Hz)
[ 53.09s] target 0 err=0.613 m | 317 plans, recent 176 ms/plan (6.0 Hz)
[ 54.11s] target 0 err=0.623 m | 323 plans, recent 175 ms/plan (6.0 Hz)
[ 55.28s] target 0 err=0.619 m | 330 plans, recent 167 ms/plan (6.0 Hz)
[ 56.39s] target 0 err=0.617 m | 337 plans, recent 165 ms/plan (6.0 Hz)
[ 57.43s] target 0 err=0.629 m | 344 plans, recent 154 ms/plan (6.0 Hz)
[ 58.48s] target 0 err=0.631 m | 349 plans, recent 170 ms/plan (6.0 Hz)
[ 59.52s] target 0 err=0.630 m | 355 plans, recent 171 ms/plan (6.0 Hz)
[ 60.68s] target 0 err=0.626 m | 361 plans, recent 186 ms/plan (5.9 Hz)
[ 61.74s] target 0 err=0.622 m | 366 plans, recent 198 ms/plan (5.9 Hz)
[ 62.77s] target 0 err=0.618 m | 371 plans, recent 196 ms/plan (5.9 Hz)
[ 63.97s] target 0 err=0.617 m | 377 plans, recent 202 ms/plan (5.9 Hz)
[ 65.17s] target 0 err=0.621 m | 383 plans, recent 205 ms/plan (5.9 Hz)
[ 66.17s] target 0 err=0.626 m | 388 plans, recent 198 ms/plan (5.9 Hz)
[ 67.18s] target 0 err=0.633 m | 394 plans, recent 186 ms/plan (5.9 Hz)
[ 68.25s] target 0 err=0.639 m | 399 plans, recent 193 ms/plan (5.8 Hz)
[ 69.28s] target 0 err=0.644 m | 404 plans, recent 188 ms/plan (5.8 Hz)
[ 70.45s] target 0 err=0.650 m | 411 plans, recent 189 ms/plan (5.8 Hz)
[ 71.51s] target 0 err=0.652 m | 417 plans, recent 184 ms/plan (5.8 Hz)
[ 72.65s] target 0 err=0.652 m | 424 plans, recent 169 ms/plan (5.8 Hz)
[ 73.79s] target 0 err=0.652 m | 431 plans, recent 171 ms/plan (5.8 Hz)
[ 74.90s] target 0 err=0.652 m | 437 plans, recent 167 ms/plan (5.8 Hz)
[ 76.10s] target 0 err=0.651 m | 443 plans, recent 180 ms/plan (5.8 Hz)
[ 77.21s] target 0 err=0.651 m | 449 plans, recent 187 ms/plan (5.8 Hz)
[ 78.26s] target 0 err=0.648 m | 454 plans, recent 189 ms/plan (5.8 Hz)
[ 79.36s] target 0 err=0.640 m | 460 plans, recent 195 ms/plan (5.8 Hz)
[ 80.50s] target 0 err=0.637 m | 465 plans, recent 199 ms/plan (5.8 Hz)
[ 81.54s] target 0 err=0.639 m | 470 plans, recent 207 ms/plan (5.8 Hz)
[ 82.72s] target 0 err=0.639 m | 475 plans, recent 217 ms/plan (5.7 Hz)
[ 83.75s] target 0 err=0.637 m | 479 plans, recent 228 ms/plan (5.7 Hz)
[ 84.96s] target 0 err=0.632 m | 485 plans, recent 227 ms/plan (5.7 Hz)
[ 86.10s] target 0 err=0.626 m | 490 plans, recent 225 ms/plan (5.7 Hz)
[ 87.29s] target 0 err=0.618 m | 496 plans, recent 213 ms/plan (5.7 Hz)
[ 88.56s] target 0 err=0.614 m | 501 plans, recent 222 ms/plan (5.7 Hz)
[ 89.73s] target 0 err=0.617 m | 508 plans, recent 204 ms/plan (5.7 Hz)
[ 90.85s] target 0 err=0.624 m | 513 plans, recent 208 ms/plan (5.6 Hz)
[ 92.03s] target 0 err=0.633 m | 518 plans, recent 207 ms/plan (5.6 Hz)
[ 93.11s] target 0 err=0.641 m | 523 plans, recent 213 ms/plan (5.6 Hz)
[ 94.11s] target 0 err=0.648 m | 528 plans, recent 217 ms/plan (5.6 Hz)
[ 95.13s] target 0 err=0.654 m | 534 plans, recent 201 ms/plan (5.6 Hz)
[ 96.23s] target 0 err=0.656 m | 540 plans, recent 187 ms/plan (5.6 Hz)
[ 97.29s] target 0 err=0.656 m | 546 plans, recent 179 ms/plan (5.6 Hz)
[ 98.43s] target 0 err=0.655 m | 553 plans, recent 173 ms/plan (5.6 Hz)
[ 99.43s] target 0 err=0.655 m | 559 plans, recent 168 ms/plan (5.6 Hz)
[100.52s] target 0 err=0.653 m | 564 plans, recent 181 ms/plan (5.6 Hz)
[101.64s] target 0 err=0.650 m | 569 plans, recent 198 ms/plan (5.6 Hz)
[102.85s] target 0 err=0.647 m | 575 plans, recent 211 ms/plan (5.6 Hz)
[103.95s] target 0 err=0.642 m | 580 plans, recent 220 ms/plan (5.6 Hz)
[105.04s] target 0 err=0.637 m | 585 plans, recent 210 ms/plan (5.6 Hz)
[106.08s] target 0 err=0.631 m | 590 plans, recent 214 ms/plan (5.6 Hz)
[107.19s] target 0 err=0.633 m | 595 plans, recent 212 ms/plan (5.6 Hz)
[108.24s] target 0 err=0.634 m | 600 plans, recent 209 ms/plan (5.5 Hz)
  reached_strict=False reached_5cm=False min_err=0.5512 violation=False safe_stall=True

=== [68/70] sqp_mpc target=32 (0.494, 0.35, 0.236) ===
loaded=/home/home/mbd/koopman/mbd_koopman/out/franka/models/bk_seed0.pt
SQP-MPC: 3 SQP re-freezes, act_dist 999.0, whole_arm=True, 1 box(es), 62 keep-out rows/step (compiled once, DPP)
warm-up: 3 throwaway plans
[  1.10s] target 0 err=0.659 m | 7 plans, recent 186 ms/plan (6.4 Hz)
[  2.17s] target 0 err=0.642 m | 12 plans, recent 202 ms/plan (5.5 Hz)
[  3.26s] target 0 err=0.656 m | 18 plans, recent 187 ms/plan (5.5 Hz)
[  4.46s] target 0 err=0.685 m | 24 plans, recent 194 ms/plan (5.4 Hz)
[  5.59s] target 0 err=0.714 m | 29 plans, recent 199 ms/plan (5.2 Hz)
[  6.64s] target 0 err=0.730 m | 34 plans, recent 201 ms/plan (5.1 Hz)
[  7.86s] target 0 err=0.742 m | 40 plans, recent 212 ms/plan (5.1 Hz)
[  8.93s] target 0 err=0.751 m | 45 plans, recent 214 ms/plan (5.0 Hz)
[  9.93s] target 0 err=0.757 m | 49 plans, recent 220 ms/plan (4.9 Hz)
[ 11.13s] target 0 err=0.765 m | 55 plans, recent 216 ms/plan (4.9 Hz)
[ 12.23s] target 0 err=0.777 m | 62 plans, recent 194 ms/plan (5.1 Hz)
[ 13.26s] target 0 err=0.792 m | 69 plans, recent 160 ms/plan (5.2 Hz)
[ 14.31s] target 0 err=0.808 m | 77 plans, recent 142 ms/plan (5.4 Hz)
[ 15.46s] target 0 err=0.823 m | 84 plans, recent 150 ms/plan (5.4 Hz)
[ 16.53s] target 0 err=0.844 m | 90 plans, recent 156 ms/plan (5.4 Hz)
[ 17.60s] target 0 err=0.871 m | 96 plans, recent 169 ms/plan (5.5 Hz)
[ 18.75s] target 0 err=0.890 m | 103 plans, recent 170 ms/plan (5.5 Hz)
[ 19.76s] target 0 err=0.882 m | 110 plans, recent 164 ms/plan (5.6 Hz)
[ 20.88s] target 0 err=0.813 m | 116 plans, recent 168 ms/plan (5.6 Hz)
[ 21.98s] target 0 err=0.621 m | 121 plans, recent 179 ms/plan (5.5 Hz)
[ 23.03s] target 0 err=0.542 m | 126 plans, recent 192 ms/plan (5.5 Hz)
[ 24.16s] target 0 err=0.555 m | 131 plans, recent 208 ms/plan (5.4 Hz)
[ 25.30s] target 0 err=0.566 m | 136 plans, recent 223 ms/plan (5.4 Hz)
[ 26.53s] target 0 err=0.579 m | 141 plans, recent 228 ms/plan (5.3 Hz)
[ 27.56s] target 0 err=0.608 m | 145 plans, recent 237 ms/plan (5.3 Hz)
[ 28.74s] target 0 err=0.703 m | 150 plans, recent 242 ms/plan (5.2 Hz)
[ 29.84s] target 0 err=0.779 m | 154 plans, recent 249 ms/plan (5.2 Hz)
[ 31.05s] target 0 err=0.795 m | 159 plans, recent 252 ms/plan (5.1 Hz)
[ 32.05s] target 0 err=0.762 m | 163 plans, recent 250 ms/plan (5.1 Hz)
[ 33.08s] target 0 err=0.737 m | 167 plans, recent 252 ms/plan (5.0 Hz)
[ 34.18s] target 0 err=0.699 m | 172 plans, recent 234 ms/plan (5.0 Hz)
[ 35.28s] target 0 err=0.669 m | 177 plans, recent 228 ms/plan (5.0 Hz)
[ 36.51s] target 0 err=0.653 m | 183 plans, recent 220 ms/plan (5.0 Hz)
[ 37.66s] target 0 err=0.656 m | 188 plans, recent 213 ms/plan (5.0 Hz)
[ 38.77s] target 0 err=0.673 m | 194 plans, recent 204 ms/plan (5.0 Hz)
[ 39.93s] target 0 err=0.684 m | 199 plans, recent 209 ms/plan (5.0 Hz)
[ 41.11s] target 0 err=0.689 m | 207 plans, recent 180 ms/plan (5.0 Hz)
[ 42.19s] target 0 err=0.684 m | 214 plans, recent 174 ms/plan (5.1 Hz)
[ 43.33s] target 0 err=0.675 m | 220 plans, recent 167 ms/plan (5.1 Hz)
[ 44.42s] target 0 err=0.666 m | 225 plans, recent 185 ms/plan (5.1 Hz)
[ 45.56s] target 0 err=0.656 m | 230 plans, recent 203 ms/plan (5.0 Hz)
[ 46.77s] target 0 err=0.647 m | 236 plans, recent 210 ms/plan (5.0 Hz)
[ 47.84s] target 0 err=0.642 m | 241 plans, recent 216 ms/plan (5.0 Hz)
[ 48.97s] target 0 err=0.638 m | 247 plans, recent 206 ms/plan (5.0 Hz)
[ 50.02s] target 0 err=0.637 m | 253 plans, recent 185 ms/plan (5.1 Hz)
[ 51.08s] target 0 err=0.636 m | 260 plans, recent 172 ms/plan (5.1 Hz)
[ 52.11s] target 0 err=0.639 m | 266 plans, recent 162 ms/plan (5.1 Hz)
[ 53.33s] target 0 err=0.645 m | 274 plans, recent 157 ms/plan (5.1 Hz)
[ 54.44s] target 0 err=0.649 m | 282 plans, recent 149 ms/plan (5.2 Hz)
[ 55.61s] target 0 err=0.651 m | 287 plans, recent 172 ms/plan (5.2 Hz)
[ 56.70s] target 0 err=0.651 m | 291 plans, recent 199 ms/plan (5.1 Hz)
[ 57.81s] target 0 err=0.647 m | 297 plans, recent 207 ms/plan (5.1 Hz)
[ 58.85s] target 0 err=0.646 m | 303 plans, recent 212 ms/plan (5.1 Hz)
[ 59.97s] target 0 err=0.645 m | 308 plans, recent 200 ms/plan (5.1 Hz)
[ 61.04s] target 0 err=0.644 m | 313 plans, recent 199 ms/plan (5.1 Hz)
[ 62.13s] target 0 err=0.645 m | 318 plans, recent 207 ms/plan (5.1 Hz)
[ 63.22s] target 0 err=0.652 m | 324 plans, recent 200 ms/plan (5.1 Hz)
[ 64.27s] target 0 err=0.659 m | 329 plans, recent 201 ms/plan (5.1 Hz)
[ 65.42s] target 0 err=0.664 m | 335 plans, recent 201 ms/plan (5.1 Hz)
[ 66.67s] target 0 err=0.669 m | 340 plans, recent 211 ms/plan (5.1 Hz)
[ 67.71s] target 0 err=0.671 m | 345 plans, recent 214 ms/plan (5.1 Hz)
[ 68.86s] target 0 err=0.658 m | 351 plans, recent 206 ms/plan (5.1 Hz)
[ 69.95s] target 0 err=0.651 m | 357 plans, recent 202 ms/plan (5.1 Hz)
[ 71.09s] target 0 err=0.644 m | 362 plans, recent 203 ms/plan (5.1 Hz)
[ 72.11s] target 0 err=0.642 m | 366 plans, recent 211 ms/plan (5.1 Hz)
[ 73.34s] target 0 err=0.644 m | 371 plans, recent 230 ms/plan (5.1 Hz)
[ 74.43s] target 0 err=0.649 m | 376 plans, recent 233 ms/plan (5.1 Hz)
[ 75.54s] target 0 err=0.654 m | 381 plans, recent 234 ms/plan (5.0 Hz)
[ 76.70s] target 0 err=0.661 m | 386 plans, recent 228 ms/plan (5.0 Hz)
[ 77.70s] target 0 err=0.658 m | 391 plans, recent 210 ms/plan (5.0 Hz)
[ 78.88s] target 0 err=0.653 m | 398 plans, recent 200 ms/plan (5.0 Hz)
[ 80.09s] target 0 err=0.646 m | 403 plans, recent 203 ms/plan (5.0 Hz)
[ 81.28s] target 0 err=0.644 m | 408 plans, recent 204 ms/plan (5.0 Hz)
[ 82.38s] target 0 err=0.647 m | 413 plans, recent 217 ms/plan (5.0 Hz)
[ 83.42s] target 0 err=0.651 m | 418 plans, recent 229 ms/plan (5.0 Hz)
[ 84.44s] target 0 err=0.655 m | 422 plans, recent 228 ms/plan (5.0 Hz)
[ 85.59s] target 0 err=0.662 m | 427 plans, recent 227 ms/plan (5.0 Hz)
[ 86.65s] target 0 err=0.659 m | 432 plans, recent 223 ms/plan (5.0 Hz)
[ 87.75s] target 0 err=0.654 m | 439 plans, recent 200 ms/plan (5.0 Hz)
[ 88.88s] target 0 err=0.647 m | 444 plans, recent 199 ms/plan (5.0 Hz)
[ 90.02s] target 0 err=0.644 m | 449 plans, recent 200 ms/plan (5.0 Hz)
[ 91.06s] target 0 err=0.647 m | 453 plans, recent 212 ms/plan (5.0 Hz)
[ 92.26s] target 0 err=0.654 m | 459 plans, recent 225 ms/plan (5.0 Hz)
[ 93.35s] target 0 err=0.659 m | 464 plans, recent 221 ms/plan (5.0 Hz)
[ 94.53s] target 0 err=0.667 m | 469 plans, recent 217 ms/plan (5.0 Hz)
[ 95.61s] target 0 err=0.668 m | 474 plans, recent 214 ms/plan (5.0 Hz)
[ 96.67s] target 0 err=0.655 m | 480 plans, recent 206 ms/plan (5.0 Hz)
[ 97.90s] target 0 err=0.646 m | 486 plans, recent 203 ms/plan (5.0 Hz)
[ 98.97s] target 0 err=0.644 m | 490 plans, recent 219 ms/plan (5.0 Hz)
[100.21s] target 0 err=0.645 m | 495 plans, recent 226 ms/plan (4.9 Hz)
[101.33s] target 0 err=0.649 m | 500 plans, recent 232 ms/plan (4.9 Hz)
[102.51s] target 0 err=0.652 m | 505 plans, recent 237 ms/plan (4.9 Hz)
[103.72s] target 0 err=0.657 m | 510 plans, recent 230 ms/plan (4.9 Hz)
[104.85s] target 0 err=0.657 m | 516 plans, recent 213 ms/plan (4.9 Hz)
[105.99s] target 0 err=0.654 m | 522 plans, recent 206 ms/plan (4.9 Hz)
[107.12s] target 0 err=0.647 m | 528 plans, recent 196 ms/plan (4.9 Hz)
[108.37s] target 0 err=0.644 m | 533 plans, recent 207 ms/plan (4.9 Hz)
[109.40s] target 0 err=0.645 m | 537 plans, recent 220 ms/plan (4.9 Hz)
[110.60s] target 0 err=0.649 m | 543 plans, recent 221 ms/plan (4.9 Hz)
[111.76s] target 0 err=0.653 m | 548 plans, recent 225 ms/plan (4.9 Hz)
[112.89s] target 0 err=0.659 m | 553 plans, recent 222 ms/plan (4.9 Hz)
[113.94s] target 0 err=0.659 m | 558 plans, recent 212 ms/plan (4.9 Hz)
[114.97s] target 0 err=0.657 m | 564 plans, recent 204 ms/plan (4.9 Hz)
[116.07s] target 0 err=0.650 m | 569 plans, recent 207 ms/plan (4.9 Hz)
[117.10s] target 0 err=0.643 m | 573 plans, recent 209 ms/plan (4.9 Hz)
[118.13s] target 0 err=0.640 m | 577 plans, recent 215 ms/plan (4.9 Hz)
[119.28s] target 0 err=0.640 m | 583 plans, recent 224 ms/plan (4.9 Hz)
[120.39s] target 0 err=0.644 m | 588 plans, recent 228 ms/plan (4.9 Hz)
[121.45s] target 0 err=0.649 m | 592 plans, recent 225 ms/plan (4.9 Hz)
[122.55s] target 0 err=0.656 m | 597 plans, recent 220 ms/plan (4.9 Hz)
  reached_strict=False reached_5cm=False min_err=0.5399 violation=False safe_stall=True

=== [69/70] sqp_mpc target=33 (0.497, 0.323, 0.225) ===
loaded=/home/home/mbd/koopman/mbd_koopman/out/franka/models/bk_seed0.pt
SQP-MPC: 3 SQP re-freezes, act_dist 999.0, whole_arm=True, 1 box(es), 62 keep-out rows/step (compiled once, DPP)
warm-up: 3 throwaway plans
[  1.09s] target 0 err=0.609 m | 7 plans, recent 179 ms/plan (6.4 Hz)
[  2.24s] target 0 err=0.606 m | 12 plans, recent 203 ms/plan (5.3 Hz)
[  3.26s] target 0 err=0.624 m | 17 plans, recent 206 ms/plan (5.2 Hz)
[  4.42s] target 0 err=0.659 m | 22 plans, recent 211 ms/plan (5.0 Hz)
[  5.45s] target 0 err=0.679 m | 26 plans, recent 229 ms/plan (4.8 Hz)
[  6.52s] target 0 err=0.694 m | 31 plans, recent 222 ms/plan (4.8 Hz)
[  7.76s] target 0 err=0.712 m | 38 plans, recent 203 ms/plan (4.9 Hz)
[  8.83s] target 0 err=0.730 m | 44 plans, recent 191 ms/plan (5.0 Hz)
[ 10.02s] target 0 err=0.753 m | 50 plans, recent 184 ms/plan (5.0 Hz)
[ 11.22s] target 0 err=0.784 m | 57 plans, recent 183 ms/plan (5.1 Hz)
[ 12.27s] target 0 err=0.815 m | 63 plans, recent 179 ms/plan (5.1 Hz)
[ 13.36s] target 0 err=0.843 m | 68 plans, recent 186 ms/plan (5.1 Hz)
[ 14.38s] target 0 err=0.861 m | 74 plans, recent 184 ms/plan (5.1 Hz)
[ 15.42s] target 0 err=0.846 m | 81 plans, recent 179 ms/plan (5.3 Hz)
[ 16.45s] target 0 err=0.753 m | 86 plans, recent 171 ms/plan (5.2 Hz)
[ 17.61s] target 0 err=0.588 m | 92 plans, recent 179 ms/plan (5.2 Hz)
[ 18.70s] target 0 err=0.522 m | 97 plans, recent 198 ms/plan (5.2 Hz)
[ 19.85s] target 0 err=0.502 m | 103 plans, recent 196 ms/plan (5.2 Hz)
[ 20.93s] target 0 err=0.543 m | 108 plans, recent 204 ms/plan (5.2 Hz)
[ 21.95s] target 0 err=0.582 m | 112 plans, recent 219 ms/plan (5.1 Hz)
[ 23.01s] target 0 err=0.629 m | 116 plans, recent 228 ms/plan (5.0 Hz)
[ 24.10s] target 0 err=0.675 m | 120 plans, recent 243 ms/plan (5.0 Hz)
[ 25.14s] target 0 err=0.712 m | 124 plans, recent 257 ms/plan (4.9 Hz)
[ 26.15s] target 0 err=0.701 m | 128 plans, recent 261 ms/plan (4.9 Hz)
[ 27.32s] target 0 err=0.665 m | 133 plans, recent 251 ms/plan (4.9 Hz)
[ 28.35s] target 0 err=0.643 m | 137 plans, recent 253 ms/plan (4.8 Hz)
[ 29.39s] target 0 err=0.639 m | 141 plans, recent 244 ms/plan (4.8 Hz)
[ 30.45s] target 0 err=0.658 m | 146 plans, recent 239 ms/plan (4.8 Hz)
[ 31.68s] target 0 err=0.672 m | 151 plans, recent 243 ms/plan (4.8 Hz)
[ 32.95s] target 0 err=0.667 m | 156 plans, recent 243 ms/plan (4.7 Hz)
[ 34.04s] target 0 err=0.655 m | 160 plans, recent 245 ms/plan (4.7 Hz)
[ 35.08s] target 0 err=0.643 m | 164 plans, recent 255 ms/plan (4.7 Hz)
[ 36.12s] target 0 err=0.638 m | 169 plans, recent 248 ms/plan (4.7 Hz)
[ 37.18s] target 0 err=0.637 m | 173 plans, recent 248 ms/plan (4.7 Hz)
[ 38.33s] target 0 err=0.633 m | 178 plans, recent 238 ms/plan (4.6 Hz)
[ 39.51s] target 0 err=0.626 m | 183 plans, recent 230 ms/plan (4.6 Hz)
[ 40.56s] target 0 err=0.621 m | 188 plans, recent 235 ms/plan (4.6 Hz)
[ 41.73s] target 0 err=0.620 m | 193 plans, recent 225 ms/plan (4.6 Hz)
[ 42.93s] target 0 err=0.621 m | 198 plans, recent 230 ms/plan (4.6 Hz)
[ 43.96s] target 0 err=0.621 m | 202 plans, recent 235 ms/plan (4.6 Hz)
[ 45.03s] target 0 err=0.619 m | 206 plans, recent 246 ms/plan (4.6 Hz)
[ 46.10s] target 0 err=0.616 m | 210 plans, recent 245 ms/plan (4.6 Hz)
[ 47.27s] target 0 err=0.616 m | 215 plans, recent 257 ms/plan (4.5 Hz)
[ 48.51s] target 0 err=0.616 m | 220 plans, recent 254 ms/plan (4.5 Hz)
[ 49.58s] target 0 err=0.616 m | 224 plans, recent 254 ms/plan (4.5 Hz)
[ 50.84s] target 0 err=0.616 m | 229 plans, recent 248 ms/plan (4.5 Hz)
[ 51.99s] target 0 err=0.619 m | 234 plans, recent 249 ms/plan (4.5 Hz)
[ 53.05s] target 0 err=0.623 m | 238 plans, recent 250 ms/plan (4.5 Hz)
[ 54.07s] target 0 err=0.625 m | 242 plans, recent 249 ms/plan (4.5 Hz)
[ 55.27s] target 0 err=0.627 m | 247 plans, recent 243 ms/plan (4.5 Hz)
[ 56.53s] target 0 err=0.628 m | 252 plans, recent 249 ms/plan (4.5 Hz)
[ 57.56s] target 0 err=0.628 m | 256 plans, recent 250 ms/plan (4.4 Hz)
[ 58.67s] target 0 err=0.625 m | 261 plans, recent 243 ms/plan (4.4 Hz)
[ 59.70s] target 0 err=0.620 m | 265 plans, recent 248 ms/plan (4.4 Hz)
[ 60.94s] target 0 err=0.618 m | 270 plans, recent 247 ms/plan (4.4 Hz)
[ 62.00s] target 0 err=0.616 m | 274 plans, recent 246 ms/plan (4.4 Hz)
[ 63.20s] target 0 err=0.615 m | 279 plans, recent 247 ms/plan (4.4 Hz)
[ 64.43s] target 0 err=0.616 m | 284 plans, recent 245 ms/plan (4.4 Hz)
[ 65.45s] target 0 err=0.617 m | 288 plans, recent 250 ms/plan (4.4 Hz)
[ 66.52s] target 0 err=0.617 m | 292 plans, recent 252 ms/plan (4.4 Hz)
[ 67.63s] target 0 err=0.619 m | 296 plans, recent 255 ms/plan (4.4 Hz)
[ 68.65s] target 0 err=0.622 m | 300 plans, recent 262 ms/plan (4.4 Hz)
[ 69.89s] target 0 err=0.622 m | 305 plans, recent 262 ms/plan (4.4 Hz)
[ 70.94s] target 0 err=0.622 m | 309 plans, recent 262 ms/plan (4.4 Hz)
[ 71.97s] target 0 err=0.622 m | 313 plans, recent 258 ms/plan (4.3 Hz)
[ 73.02s] target 0 err=0.621 m | 321 plans, recent 197 ms/plan (4.4 Hz)
[ 74.03s] target 0 err=0.620 m | 329 plans, recent 145 ms/plan (4.4 Hz)
[ 75.09s] target 0 err=0.619 m | 336 plans, recent 128 ms/plan (4.5 Hz)
[ 76.11s] target 0 err=0.618 m | 343 plans, recent 144 ms/plan (4.5 Hz)
[ 77.11s] target 0 err=0.617 m | 350 plans, recent 157 ms/plan (4.5 Hz)
[ 78.27s] target 0 err=0.616 m | 355 plans, recent 163 ms/plan (4.5 Hz)
[ 79.40s] target 0 err=0.616 m | 362 plans, recent 168 ms/plan (4.6 Hz)
[ 80.53s] target 0 err=0.615 m | 370 plans, recent 162 ms/plan (4.6 Hz)
[ 81.56s] target 0 err=0.615 m | 381 plans, recent 115 ms/plan (4.7 Hz)
[ 82.67s] target 0 err=0.615 m | 388 plans, recent 126 ms/plan (4.7 Hz)
[ 83.82s] target 0 err=0.615 m | 393 plans, recent 154 ms/plan (4.7 Hz)
[ 84.98s] target 0 err=0.615 m | 398 plans, recent 188 ms/plan (4.7 Hz)
[ 86.05s] target 0 err=0.616 m | 403 plans, recent 212 ms/plan (4.7 Hz)
[ 87.30s] target 0 err=0.618 m | 408 plans, recent 228 ms/plan (4.7 Hz)
[ 88.45s] target 0 err=0.620 m | 414 plans, recent 219 ms/plan (4.7 Hz)
[ 89.62s] target 0 err=0.622 m | 420 plans, recent 209 ms/plan (4.7 Hz)
[ 90.67s] target 0 err=0.624 m | 426 plans, recent 194 ms/plan (4.7 Hz)
[ 91.79s] target 0 err=0.624 m | 431 plans, recent 194 ms/plan (4.7 Hz)
[ 92.83s] target 0 err=0.624 m | 437 plans, recent 189 ms/plan (4.7 Hz)
[ 93.95s] target 0 err=0.623 m | 443 plans, recent 189 ms/plan (4.7 Hz)
[ 94.98s] target 0 err=0.622 m | 449 plans, recent 176 ms/plan (4.7 Hz)
[ 96.18s] target 0 err=0.619 m | 455 plans, recent 179 ms/plan (4.7 Hz)
[ 97.34s] target 0 err=0.617 m | 461 plans, recent 195 ms/plan (4.7 Hz)
[ 98.59s] target 0 err=0.616 m | 466 plans, recent 211 ms/plan (4.7 Hz)
[ 99.78s] target 0 err=0.615 m | 471 plans, recent 213 ms/plan (4.7 Hz)
[100.91s] target 0 err=0.616 m | 477 plans, recent 221 ms/plan (4.7 Hz)
[102.06s] target 0 err=0.618 m | 483 plans, recent 212 ms/plan (4.7 Hz)
[103.07s] target 0 err=0.620 m | 487 plans, recent 206 ms/plan (4.7 Hz)
[104.18s] target 0 err=0.622 m | 492 plans, recent 216 ms/plan (4.7 Hz)
[105.38s] target 0 err=0.624 m | 498 plans, recent 212 ms/plan (4.7 Hz)
[106.43s] target 0 err=0.626 m | 503 plans, recent 217 ms/plan (4.7 Hz)
[107.58s] target 0 err=0.628 m | 508 plans, recent 213 ms/plan (4.7 Hz)
[108.77s] target 0 err=0.633 m | 514 plans, recent 206 ms/plan (4.7 Hz)
[109.92s] target 0 err=0.634 m | 519 plans, recent 216 ms/plan (4.7 Hz)
[110.99s] target 0 err=0.633 m | 524 plans, recent 218 ms/plan (4.7 Hz)
[112.02s] target 0 err=0.630 m | 529 plans, recent 215 ms/plan (4.7 Hz)
[113.07s] target 0 err=0.624 m | 535 plans, recent 207 ms/plan (4.7 Hz)
[114.14s] target 0 err=0.619 m | 541 plans, recent 187 ms/plan (4.7 Hz)
[115.19s] target 0 err=0.616 m | 546 plans, recent 189 ms/plan (4.7 Hz)
[116.33s] target 0 err=0.618 m | 551 plans, recent 192 ms/plan (4.7 Hz)
[117.37s] target 0 err=0.624 m | 557 plans, recent 192 ms/plan (4.7 Hz)
[118.57s] target 0 err=0.631 m | 563 plans, recent 199 ms/plan (4.7 Hz)
[119.61s] target 0 err=0.638 m | 568 plans, recent 197 ms/plan (4.7 Hz)
[120.64s] target 0 err=0.643 m | 573 plans, recent 199 ms/plan (4.7 Hz)
[121.64s] target 0 err=0.647 m | 578 plans, recent 205 ms/plan (4.8 Hz)
[122.75s] target 0 err=0.649 m | 584 plans, recent 191 ms/plan (4.8 Hz)
[123.88s] target 0 err=0.652 m | 591 plans, recent 177 ms/plan (4.8 Hz)
[125.05s] target 0 err=0.654 m | 598 plans, recent 175 ms/plan (4.8 Hz)
  reached_strict=False reached_5cm=False min_err=0.4982 violation=False safe_stall=True

=== [70/70] sqp_mpc target=34 (0.533, 0.304, 0.254) ===
loaded=/home/home/mbd/koopman/mbd_koopman/out/franka/models/bk_seed0.pt
SQP-MPC: 3 SQP re-freezes, act_dist 999.0, whole_arm=True, 1 box(es), 62 keep-out rows/step (compiled once, DPP)
warm-up: 3 throwaway plans
[  1.03s] target 0 err=0.603 m | 7 plans, recent 170 ms/plan (6.8 Hz)
[  2.20s] target 0 err=0.648 m | 14 plans, recent 166 ms/plan (6.4 Hz)
[  3.27s] target 0 err=0.722 m | 21 plans, recent 159 ms/plan (6.4 Hz)
[  4.29s] target 0 err=0.793 m | 28 plans, recent 152 ms/plan (6.5 Hz)
[  5.30s] target 0 err=0.787 m | 35 plans, recent 143 ms/plan (6.6 Hz)
[  6.39s] target 0 err=0.554 m | 43 plans, recent 139 ms/plan (6.7 Hz)
[  7.44s] target 0 err=0.535 m | 48 plans, recent 162 ms/plan (6.5 Hz)
[  8.46s] target 0 err=0.550 m | 53 plans, recent 177 ms/plan (6.3 Hz)
[  9.64s] target 0 err=0.588 m | 58 plans, recent 201 ms/plan (6.0 Hz)
[ 10.82s] target 0 err=0.603 m | 63 plans, recent 224 ms/plan (5.8 Hz)
[ 11.86s] target 0 err=0.606 m | 67 plans, recent 234 ms/plan (5.6 Hz)
[ 12.98s] target 0 err=0.668 m | 71 plans, recent 251 ms/plan (5.5 Hz)
[ 14.19s] target 0 err=0.697 m | 76 plans, recent 251 ms/plan (5.4 Hz)
[ 15.29s] target 0 err=0.595 m | 81 plans, recent 245 ms/plan (5.3 Hz)
[ 16.47s] target 0 err=0.619 m | 86 plans, recent 243 ms/plan (5.2 Hz)
[ 17.59s] target 0 err=0.639 m | 91 plans, recent 225 ms/plan (5.2 Hz)
[ 18.77s] target 0 err=0.653 m | 97 plans, recent 214 ms/plan (5.2 Hz)
[ 19.78s] target 0 err=0.662 m | 102 plans, recent 210 ms/plan (5.2 Hz)
[ 20.93s] target 0 err=0.666 m | 107 plans, recent 208 ms/plan (5.1 Hz)
[ 22.11s] target 0 err=0.662 m | 112 plans, recent 220 ms/plan (5.1 Hz)
[ 23.33s] target 0 err=0.653 m | 117 plans, recent 231 ms/plan (5.0 Hz)
[ 24.57s] target 0 err=0.638 m | 122 plans, recent 244 ms/plan (5.0 Hz)
[ 25.60s] target 0 err=0.629 m | 126 plans, recent 245 ms/plan (4.9 Hz)
[ 26.88s] target 0 err=0.623 m | 131 plans, recent 252 ms/plan (4.9 Hz)
[ 27.95s] target 0 err=0.622 m | 136 plans, recent 242 ms/plan (4.9 Hz)
[ 28.98s] target 0 err=0.622 m | 141 plans, recent 231 ms/plan (4.9 Hz)
[ 30.02s] target 0 err=0.622 m | 145 plans, recent 234 ms/plan (4.8 Hz)
[ 31.04s] target 0 err=0.621 m | 149 plans, recent 229 ms/plan (4.8 Hz)
[ 32.17s] target 0 err=0.619 m | 154 plans, recent 232 ms/plan (4.8 Hz)
[ 33.42s] target 0 err=0.617 m | 159 plans, recent 241 ms/plan (4.8 Hz)
[ 34.50s] target 0 err=0.615 m | 164 plans, recent 231 ms/plan (4.8 Hz)
[ 35.58s] target 0 err=0.613 m | 170 plans, recent 215 ms/plan (4.8 Hz)
[ 36.63s] target 0 err=0.613 m | 176 plans, recent 201 ms/plan (4.8 Hz)
[ 37.64s] target 0 err=0.612 m | 180 plans, recent 201 ms/plan (4.8 Hz)
[ 38.72s] target 0 err=0.611 m | 185 plans, recent 198 ms/plan (4.8 Hz)
[ 39.95s] target 0 err=0.611 m | 190 plans, recent 221 ms/plan (4.8 Hz)
[ 40.99s] target 0 err=0.615 m | 194 plans, recent 240 ms/plan (4.7 Hz)
[ 42.03s] target 0 err=0.620 m | 198 plans, recent 233 ms/plan (4.7 Hz)
[ 43.13s] target 0 err=0.624 m | 204 plans, recent 230 ms/plan (4.7 Hz)
[ 44.17s] target 0 err=0.626 m | 210 plans, recent 210 ms/plan (4.8 Hz)
[ 45.22s] target 0 err=0.627 m | 215 plans, recent 196 ms/plan (4.8 Hz)
[ 46.36s] target 0 err=0.627 m | 220 plans, recent 202 ms/plan (4.7 Hz)
[ 47.58s] target 0 err=0.625 m | 225 plans, recent 214 ms/plan (4.7 Hz)
[ 48.74s] target 0 err=0.622 m | 230 plans, recent 226 ms/plan (4.7 Hz)
[ 49.93s] target 0 err=0.620 m | 235 plans, recent 228 ms/plan (4.7 Hz)
[ 51.06s] target 0 err=0.619 m | 241 plans, recent 221 ms/plan (4.7 Hz)
[ 52.08s] target 0 err=0.618 m | 246 plans, recent 205 ms/plan (4.7 Hz)
[ 53.26s] target 0 err=0.616 m | 253 plans, recent 192 ms/plan (4.8 Hz)
[ 54.47s] target 0 err=0.614 m | 258 plans, recent 203 ms/plan (4.7 Hz)
[ 55.50s] target 0 err=0.613 m | 263 plans, recent 201 ms/plan (4.7 Hz)
[ 56.58s] target 0 err=0.613 m | 268 plans, recent 218 ms/plan (4.7 Hz)
[ 57.68s] target 0 err=0.615 m | 275 plans, recent 193 ms/plan (4.8 Hz)
[ 58.90s] target 0 err=0.619 m | 282 plans, recent 182 ms/plan (4.8 Hz)
[ 60.00s] target 0 err=0.622 m | 288 plans, recent 167 ms/plan (4.8 Hz)
[ 61.22s] target 0 err=0.625 m | 294 plans, recent 186 ms/plan (4.8 Hz)
[ 62.41s] target 0 err=0.626 m | 299 plans, recent 209 ms/plan (4.8 Hz)
[ 63.42s] target 0 err=0.627 m | 304 plans, recent 198 ms/plan (4.8 Hz)
[ 64.43s] target 0 err=0.630 m | 310 plans, recent 204 ms/plan (4.8 Hz)
[ 65.52s] target 0 err=0.629 m | 315 plans, recent 203 ms/plan (4.8 Hz)
[ 66.71s] target 0 err=0.626 m | 320 plans, recent 199 ms/plan (4.8 Hz)
[ 67.80s] target 0 err=0.625 m | 325 plans, recent 216 ms/plan (4.8 Hz)
[ 68.97s] target 0 err=0.629 m | 331 plans, recent 213 ms/plan (4.8 Hz)
[ 69.97s] target 0 err=0.629 m | 337 plans, recent 195 ms/plan (4.8 Hz)
[ 71.07s] target 0 err=0.627 m | 343 plans, recent 184 ms/plan (4.8 Hz)
[ 72.14s] target 0 err=0.623 m | 349 plans, recent 170 ms/plan (4.8 Hz)
[ 73.15s] target 0 err=0.618 m | 355 plans, recent 175 ms/plan (4.9 Hz)
[ 74.30s] target 0 err=0.613 m | 360 plans, recent 181 ms/plan (4.8 Hz)
[ 75.52s] target 0 err=0.610 m | 366 plans, recent 201 ms/plan (4.8 Hz)
[ 76.71s] target 0 err=0.612 m | 371 plans, recent 215 ms/plan (4.8 Hz)
[ 77.80s] target 0 err=0.618 m | 376 plans, recent 219 ms/plan (4.8 Hz)
[ 78.90s] target 0 err=0.626 m | 382 plans, recent 212 ms/plan (4.8 Hz)
[ 79.94s] target 0 err=0.632 m | 386 plans, recent 216 ms/plan (4.8 Hz)
[ 80.96s] target 0 err=0.638 m | 391 plans, recent 214 ms/plan (4.8 Hz)
[ 81.99s] target 0 err=0.643 m | 396 plans, recent 208 ms/plan (4.8 Hz)
[ 83.15s] target 0 err=0.646 m | 401 plans, recent 219 ms/plan (4.8 Hz)
[ 84.20s] target 0 err=0.646 m | 408 plans, recent 193 ms/plan (4.8 Hz)
[ 85.40s] target 0 err=0.647 m | 415 plans, recent 177 ms/plan (4.9 Hz)
[ 86.57s] target 0 err=0.647 m | 421 plans, recent 169 ms/plan (4.9 Hz)
[ 87.78s] target 0 err=0.646 m | 427 plans, recent 190 ms/plan (4.9 Hz)
[ 88.85s] target 0 err=0.644 m | 432 plans, recent 200 ms/plan (4.9 Hz)
[ 90.04s] target 0 err=0.638 m | 437 plans, recent 216 ms/plan (4.9 Hz)
[ 91.21s] target 0 err=0.631 m | 443 plans, recent 209 ms/plan (4.9 Hz)
[ 92.38s] target 0 err=0.630 m | 448 plans, recent 219 ms/plan (4.8 Hz)
[ 93.49s] target 0 err=0.628 m | 455 plans, recent 195 ms/plan (4.9 Hz)
[ 94.51s] target 0 err=0.625 m | 459 plans, recent 201 ms/plan (4.9 Hz)
[ 95.61s] target 0 err=0.619 m | 465 plans, recent 195 ms/plan (4.9 Hz)
[ 96.82s] target 0 err=0.613 m | 470 plans, recent 204 ms/plan (4.9 Hz)
[ 97.93s] target 0 err=0.609 m | 475 plans, recent 223 ms/plan (4.9 Hz)
[ 99.13s] target 0 err=0.610 m | 480 plans, recent 221 ms/plan (4.8 Hz)
[100.18s] target 0 err=0.617 m | 486 plans, recent 221 ms/plan (4.9 Hz)
[101.36s] target 0 err=0.625 m | 492 plans, recent 206 ms/plan (4.9 Hz)
[102.54s] target 0 err=0.633 m | 497 plans, recent 209 ms/plan (4.8 Hz)
[103.61s] target 0 err=0.639 m | 502 plans, recent 209 ms/plan (4.8 Hz)
[104.66s] target 0 err=0.644 m | 507 plans, recent 212 ms/plan (4.8 Hz)
[105.69s] target 0 err=0.647 m | 513 plans, recent 196 ms/plan (4.9 Hz)
[106.73s] target 0 err=0.647 m | 519 plans, recent 181 ms/plan (4.9 Hz)
[107.78s] target 0 err=0.647 m | 525 plans, recent 176 ms/plan (4.9 Hz)
[109.02s] target 0 err=0.647 m | 531 plans, recent 184 ms/plan (4.9 Hz)
[110.04s] target 0 err=0.646 m | 537 plans, recent 182 ms/plan (4.9 Hz)
[111.17s] target 0 err=0.645 m | 543 plans, recent 190 ms/plan (4.9 Hz)
[112.18s] target 0 err=0.641 m | 548 plans, recent 191 ms/plan (4.9 Hz)
[113.44s] target 0 err=0.633 m | 554 plans, recent 196 ms/plan (4.9 Hz)
[114.52s] target 0 err=0.633 m | 559 plans, recent 205 ms/plan (4.9 Hz)
[115.54s] target 0 err=0.633 m | 564 plans, recent 212 ms/plan (4.9 Hz)
[116.60s] target 0 err=0.632 m | 569 plans, recent 213 ms/plan (4.9 Hz)
[117.64s] target 0 err=0.628 m | 576 plans, recent 184 ms/plan (4.9 Hz)
[118.70s] target 0 err=0.623 m | 581 plans, recent 179 ms/plan (4.9 Hz)
[119.73s] target 0 err=0.617 m | 586 plans, recent 186 ms/plan (4.9 Hz)
[120.74s] target 0 err=0.611 m | 591 plans, recent 199 ms/plan (4.9 Hz)
[121.80s] target 0 err=0.609 m | 595 plans, recent 214 ms/plan (4.9 Hz)
  reached_strict=False reached_5cm=False min_err=0.5332 violation=False safe_stall=True

exp_c done: 70 trials in 68.0 min
