exp_c: 60 trials to run (0 already done, 60 total) -> /home/home/mbd/koopman/mbd_koopman/out/exp_c/trials.jsonl

=== [1/60] bk_mbd seed=0 target=0 (0.45, 0.3, 0.2) ===
loaded=/home/home/mbd/koopman/mbd_koopman/out/franka/models/bk_seed0.pt
tube disabled (tube_mode none): plain bilinear rollout, no penalty
adaptive noise: ON (full schedule at err >= 0.4 m, floor 0.05)
warm-up: 3 throwaway plans
[  1.00s] target 0 err=0.591 m | 21 plans, recent 49 ms/plan (21.0 Hz)
[  2.00s] target 0 err=0.647 m | 41 plans, recent 49 ms/plan (20.5 Hz)
[  3.04s] target 0 err=0.611 m | 62 plans, recent 48 ms/plan (20.4 Hz)
[  4.07s] target 0 err=0.276 m | 83 plans, recent 48 ms/plan (20.4 Hz)
[  5.00s] target 0 strict reach (25.0 mm) in 5.00 s
[  5.09s] target 0 err=0.022 m | 104 plans, recent 47 ms/plan (20.4 Hz)
  reached_strict=True reached_5cm=True min_err=0.0201 violation=False safe_stall=False

=== [2/60] bk_mbd seed=0 target=1 (0.55, 0.3, 0.2) ===
loaded=/home/home/mbd/koopman/mbd_koopman/out/franka/models/bk_seed0.pt
tube disabled (tube_mode none): plain bilinear rollout, no penalty
adaptive noise: ON (full schedule at err >= 0.4 m, floor 0.05)
warm-up: 3 throwaway plans
[  1.03s] target 0 err=0.535 m | 21 plans, recent 50 ms/plan (20.4 Hz)
[  2.08s] target 0 err=0.608 m | 41 plans, recent 51 ms/plan (19.8 Hz)
[  3.10s] target 0 err=0.050 m | 61 plans, recent 50 ms/plan (19.7 Hz)
[  4.13s] target 0 err=0.046 m | 81 plans, recent 50 ms/plan (19.6 Hz)
[  5.15s] target 0 err=0.031 m | 101 plans, recent 50 ms/plan (19.6 Hz)
[  6.18s] target 0 err=0.033 m | 121 plans, recent 50 ms/plan (19.6 Hz)
[  7.20s] target 0 err=0.030 m | 141 plans, recent 50 ms/plan (19.6 Hz)
[  8.23s] target 0 err=0.026 m | 161 plans, recent 50 ms/plan (19.6 Hz)
[  9.24s] target 0 err=0.037 m | 180 plans, recent 52 ms/plan (19.5 Hz)
[ 10.27s] target 0 err=0.038 m | 200 plans, recent 50 ms/plan (19.5 Hz)
[ 11.30s] target 0 err=0.039 m | 220 plans, recent 50 ms/plan (19.5 Hz)
[ 12.33s] target 0 err=0.036 m | 240 plans, recent 51 ms/plan (19.5 Hz)
[ 13.36s] target 0 err=0.034 m | 260 plans, recent 50 ms/plan (19.5 Hz)
[ 14.38s] target 0 err=0.035 m | 280 plans, recent 50 ms/plan (19.5 Hz)
[ 15.40s] target 0 err=0.038 m | 300 plans, recent 50 ms/plan (19.5 Hz)
[ 16.43s] target 0 err=0.038 m | 320 plans, recent 51 ms/plan (19.5 Hz)
[ 17.47s] target 0 err=0.041 m | 340 plans, recent 51 ms/plan (19.5 Hz)
[ 18.50s] target 0 err=0.040 m | 360 plans, recent 50 ms/plan (19.5 Hz)
[ 19.51s] target 0 err=0.040 m | 380 plans, recent 50 ms/plan (19.5 Hz)
[ 20.52s] target 0 err=0.037 m | 400 plans, recent 49 ms/plan (19.5 Hz)
[ 21.56s] target 0 err=0.039 m | 420 plans, recent 51 ms/plan (19.5 Hz)
[ 22.58s] target 0 err=0.036 m | 440 plans, recent 50 ms/plan (19.5 Hz)
[ 23.61s] target 0 err=0.037 m | 460 plans, recent 50 ms/plan (19.5 Hz)
[ 24.61s] target 0 err=0.034 m | 480 plans, recent 49 ms/plan (19.5 Hz)
[ 25.62s] target 0 err=0.042 m | 500 plans, recent 49 ms/plan (19.5 Hz)
[ 26.63s] target 0 err=0.033 m | 520 plans, recent 49 ms/plan (19.5 Hz)
[ 27.63s] target 0 err=0.038 m | 540 plans, recent 49 ms/plan (19.5 Hz)
[ 28.64s] target 0 err=0.042 m | 560 plans, recent 49 ms/plan (19.6 Hz)
[ 29.65s] target 0 err=0.039 m | 580 plans, recent 49 ms/plan (19.6 Hz)
[ 30.65s] target 0 err=0.037 m | 600 plans, recent 49 ms/plan (19.6 Hz)
  reached_strict=False reached_5cm=True min_err=0.0255 violation=False safe_stall=True

=== [3/60] bk_mbd seed=0 target=2 (0.35, 0.32, 0.22) ===
loaded=/home/home/mbd/koopman/mbd_koopman/out/franka/models/bk_seed0.pt
tube disabled (tube_mode none): plain bilinear rollout, no penalty
adaptive noise: ON (full schedule at err >= 0.4 m, floor 0.05)
warm-up: 3 throwaway plans
[  1.03s] target 0 err=0.614 m | 21 plans, recent 50 ms/plan (20.5 Hz)
[  2.05s] target 0 err=0.629 m | 41 plans, recent 50 ms/plan (20.0 Hz)
[  3.08s] target 0 err=0.570 m | 61 plans, recent 53 ms/plan (19.8 Hz)
[  4.10s] target 0 err=0.025 m | 80 plans, recent 53 ms/plan (19.5 Hz)
[  4.00s] target 0 strict reach (24.7 mm) in 4.00 s
  reached_strict=True reached_5cm=True min_err=0.0121 violation=False safe_stall=False

=== [4/60] bk_mbd seed=0 target=3 (0.5, 0.35, 0.18) ===
loaded=/home/home/mbd/koopman/mbd_koopman/out/franka/models/bk_seed0.pt
tube disabled (tube_mode none): plain bilinear rollout, no penalty
adaptive noise: ON (full schedule at err >= 0.4 m, floor 0.05)
warm-up: 3 throwaway plans
[  1.02s] target 0 err=0.685 m | 21 plans, recent 50 ms/plan (20.5 Hz)
[  2.05s] target 0 err=0.078 m | 41 plans, recent 50 ms/plan (20.0 Hz)
[  2.45s] target 0 strict reach (18.9 mm) in 2.45 s
  reached_strict=True reached_5cm=True min_err=0.0162 violation=False safe_stall=False

=== [5/60] bk_mbd seed=0 target=4 (0.4, 0.28, 0.22) ===
loaded=/home/home/mbd/koopman/mbd_koopman/out/franka/models/bk_seed0.pt
tube disabled (tube_mode none): plain bilinear rollout, no penalty
adaptive noise: ON (full schedule at err >= 0.4 m, floor 0.05)
warm-up: 3 throwaway plans
[  1.03s] target 0 err=0.524 m | 21 plans, recent 51 ms/plan (20.3 Hz)
[  2.07s] target 0 err=0.538 m | 41 plans, recent 51 ms/plan (19.8 Hz)
[  3.10s] target 0 err=0.558 m | 61 plans, recent 50 ms/plan (19.7 Hz)
[  4.15s] target 0 err=0.355 m | 81 plans, recent 51 ms/plan (19.5 Hz)
[  5.18s] target 0 err=0.039 m | 101 plans, recent 50 ms/plan (19.5 Hz)
[  5.15s] target 0 strict reach (23.2 mm) in 5.15 s
  reached_strict=True reached_5cm=True min_err=0.0109 violation=False safe_stall=False

=== [6/60] bk_mbd seed=0 target=5 (0.48, 0.33, 0.19) ===
loaded=/home/home/mbd/koopman/mbd_koopman/out/franka/models/bk_seed0.pt
tube disabled (tube_mode none): plain bilinear rollout, no penalty
adaptive noise: ON (full schedule at err >= 0.4 m, floor 0.05)
warm-up: 3 throwaway plans
[  1.01s] target 0 err=0.155 m | 21 plans, recent 49 ms/plan (20.9 Hz)
[  2.02s] target 0 err=0.046 m | 41 plans, recent 49 ms/plan (20.3 Hz)
[  3.02s] target 0 err=0.064 m | 61 plans, recent 49 ms/plan (20.2 Hz)
[  4.07s] target 0 err=0.111 m | 82 plans, recent 50 ms/plan (20.2 Hz)
[  5.09s] target 0 err=0.032 m | 102 plans, recent 48 ms/plan (20.0 Hz)
[  5.50s] target 0 strict reach (23.6 mm) in 5.50 s
  reached_strict=True reached_5cm=True min_err=0.0231 violation=False safe_stall=False

=== [7/60] bk_mbd seed=1 target=0 (0.45, 0.3, 0.2) ===
loaded=/home/home/mbd/koopman/mbd_koopman/out/franka/models/bk_seed1.pt
tube disabled (tube_mode none): plain bilinear rollout, no penalty
adaptive noise: ON (full schedule at err >= 0.4 m, floor 0.05)
warm-up: 3 throwaway plans
[  1.01s] target 0 err=0.544 m | 21 plans, recent 50 ms/plan (20.7 Hz)
[  2.04s] target 0 err=0.553 m | 41 plans, recent 50 ms/plan (20.1 Hz)
[  3.05s] target 0 err=0.594 m | 61 plans, recent 49 ms/plan (20.0 Hz)
[  4.06s] target 0 err=0.575 m | 81 plans, recent 50 ms/plan (19.9 Hz)
[  5.07s] target 0 err=0.588 m | 101 plans, recent 50 ms/plan (19.9 Hz)
[  6.09s] target 0 err=0.623 m | 121 plans, recent 50 ms/plan (19.9 Hz)
[  7.11s] target 0 err=0.601 m | 141 plans, recent 50 ms/plan (19.8 Hz)
[  8.13s] target 0 err=0.681 m | 161 plans, recent 50 ms/plan (19.8 Hz)
[  9.15s] target 0 err=0.464 m | 181 plans, recent 50 ms/plan (19.8 Hz)
[ 10.16s] target 0 err=0.294 m | 201 plans, recent 49 ms/plan (19.8 Hz)
[ 11.16s] target 0 err=0.224 m | 220 plans, recent 52 ms/plan (19.7 Hz)
[ 12.17s] target 0 err=0.306 m | 240 plans, recent 49 ms/plan (19.7 Hz)
[ 13.18s] target 0 err=0.347 m | 260 plans, recent 49 ms/plan (19.7 Hz)
[ 14.19s] target 0 err=0.384 m | 280 plans, recent 50 ms/plan (19.7 Hz)
[ 15.20s] target 0 err=0.348 m | 300 plans, recent 49 ms/plan (19.7 Hz)
[ 16.22s] target 0 err=0.519 m | 320 plans, recent 50 ms/plan (19.7 Hz)
[ 17.24s] target 0 err=0.809 m | 340 plans, recent 50 ms/plan (19.7 Hz)
[ 18.25s] target 0 err=0.733 m | 360 plans, recent 49 ms/plan (19.7 Hz)
[ 19.30s] target 0 err=0.433 m | 381 plans, recent 49 ms/plan (19.7 Hz)
[ 20.31s] target 0 err=0.711 m | 401 plans, recent 49 ms/plan (19.7 Hz)
[ 21.32s] target 0 err=0.693 m | 421 plans, recent 50 ms/plan (19.7 Hz)
[ 22.32s] target 0 err=0.267 m | 441 plans, recent 49 ms/plan (19.8 Hz)
[ 23.36s] target 0 err=0.192 m | 462 plans, recent 49 ms/plan (19.8 Hz)
[ 24.41s] target 0 err=0.190 m | 483 plans, recent 49 ms/plan (19.8 Hz)
[ 25.41s] target 0 err=0.156 m | 503 plans, recent 49 ms/plan (19.8 Hz)
[ 26.42s] target 0 err=0.129 m | 523 plans, recent 49 ms/plan (19.8 Hz)
[ 27.42s] target 0 err=0.110 m | 543 plans, recent 49 ms/plan (19.8 Hz)
[ 28.47s] target 0 err=0.111 m | 564 plans, recent 49 ms/plan (19.8 Hz)
[ 29.47s] target 0 err=0.128 m | 584 plans, recent 49 ms/plan (19.8 Hz)
  reached_strict=False reached_5cm=False min_err=0.0560 violation=False safe_stall=True

=== [8/60] bk_mbd seed=1 target=1 (0.55, 0.3, 0.2) ===
loaded=/home/home/mbd/koopman/mbd_koopman/out/franka/models/bk_seed1.pt
tube disabled (tube_mode none): plain bilinear rollout, no penalty
adaptive noise: ON (full schedule at err >= 0.4 m, floor 0.05)
warm-up: 3 throwaway plans
[  1.05s] target 0 err=0.517 m | 21 plans, recent 51 ms/plan (20.0 Hz)
[  2.08s] target 0 err=0.543 m | 41 plans, recent 50 ms/plan (19.7 Hz)
[  3.11s] target 0 err=0.673 m | 61 plans, recent 50 ms/plan (19.6 Hz)
[  4.14s] target 0 err=0.351 m | 81 plans, recent 50 ms/plan (19.6 Hz)
[  5.17s] target 0 err=0.216 m | 101 plans, recent 50 ms/plan (19.5 Hz)
[  6.21s] target 0 err=0.091 m | 121 plans, recent 51 ms/plan (19.5 Hz)
[  7.24s] target 0 err=0.094 m | 141 plans, recent 50 ms/plan (19.5 Hz)
[  8.27s] target 0 err=0.188 m | 161 plans, recent 50 ms/plan (19.5 Hz)
[  9.30s] target 0 err=0.327 m | 181 plans, recent 50 ms/plan (19.5 Hz)
[ 10.32s] target 0 err=0.475 m | 201 plans, recent 50 ms/plan (19.5 Hz)
[ 11.35s] target 0 err=0.513 m | 221 plans, recent 50 ms/plan (19.5 Hz)
[ 12.38s] target 0 err=0.517 m | 241 plans, recent 50 ms/plan (19.5 Hz)
[ 13.40s] target 0 err=0.866 m | 261 plans, recent 50 ms/plan (19.5 Hz)
[ 14.40s] target 0 err=0.863 m | 281 plans, recent 49 ms/plan (19.5 Hz)
[ 15.45s] target 0 err=0.711 m | 302 plans, recent 49 ms/plan (19.5 Hz)
[ 16.45s] target 0 err=0.869 m | 322 plans, recent 49 ms/plan (19.6 Hz)
[ 17.49s] target 0 err=0.759 m | 343 plans, recent 48 ms/plan (19.6 Hz)
[ 18.52s] target 0 err=0.852 m | 364 plans, recent 48 ms/plan (19.7 Hz)
[ 19.56s] target 0 err=0.568 m | 385 plans, recent 48 ms/plan (19.7 Hz)
[ 20.56s] target 0 err=0.838 m | 405 plans, recent 49 ms/plan (19.7 Hz)
[ 21.56s] target 0 err=0.849 m | 425 plans, recent 49 ms/plan (19.7 Hz)
[ 22.61s] target 0 err=0.784 m | 446 plans, recent 49 ms/plan (19.7 Hz)
[ 23.64s] target 0 err=0.813 m | 467 plans, recent 48 ms/plan (19.8 Hz)
[ 24.69s] target 0 err=0.859 m | 488 plans, recent 49 ms/plan (19.8 Hz)
[ 25.73s] target 0 err=0.800 m | 509 plans, recent 49 ms/plan (19.8 Hz)
[ 26.78s] target 0 err=0.745 m | 530 plans, recent 49 ms/plan (19.8 Hz)
[ 27.81s] target 0 err=0.815 m | 551 plans, recent 48 ms/plan (19.8 Hz)
[ 28.86s] target 0 err=0.613 m | 572 plans, recent 49 ms/plan (19.8 Hz)
[ 29.91s] target 0 err=0.743 m | 593 plans, recent 49 ms/plan (19.8 Hz)
  reached_strict=False reached_5cm=False min_err=0.0831 violation=False safe_stall=True

=== [9/60] bk_mbd seed=1 target=2 (0.35, 0.32, 0.22) ===
loaded=/home/home/mbd/koopman/mbd_koopman/out/franka/models/bk_seed1.pt
tube disabled (tube_mode none): plain bilinear rollout, no penalty
adaptive noise: ON (full schedule at err >= 0.4 m, floor 0.05)
warm-up: 3 throwaway plans
[  1.04s] target 0 err=0.609 m | 20 plans, recent 53 ms/plan (19.2 Hz)
[  2.07s] target 0 err=0.155 m | 40 plans, recent 51 ms/plan (19.3 Hz)
[  2.60s] target 0 strict reach (24.7 mm) in 2.60 s
[  3.11s] target 0 err=0.017 m | 60 plans, recent 51 ms/plan (19.3 Hz)
  reached_strict=True reached_5cm=True min_err=0.0170 violation=False safe_stall=False

=== [10/60] bk_mbd seed=1 target=3 (0.5, 0.35, 0.18) ===
loaded=/home/home/mbd/koopman/mbd_koopman/out/franka/models/bk_seed1.pt
tube disabled (tube_mode none): plain bilinear rollout, no penalty
adaptive noise: ON (full schedule at err >= 0.4 m, floor 0.05)
warm-up: 3 throwaway plans
[  1.02s] target 0 err=0.585 m | 21 plans, recent 50 ms/plan (20.6 Hz)
[  2.04s] target 0 err=0.566 m | 41 plans, recent 50 ms/plan (20.1 Hz)
[  3.06s] target 0 err=0.646 m | 61 plans, recent 50 ms/plan (19.9 Hz)
[  4.07s] target 0 err=0.641 m | 81 plans, recent 50 ms/plan (19.9 Hz)
[  5.09s] target 0 err=0.701 m | 101 plans, recent 50 ms/plan (19.9 Hz)
[  6.11s] target 0 err=0.704 m | 121 plans, recent 50 ms/plan (19.8 Hz)
[  7.13s] target 0 err=0.417 m | 141 plans, recent 50 ms/plan (19.8 Hz)
[  8.17s] target 0 err=0.334 m | 161 plans, recent 51 ms/plan (19.7 Hz)
[  9.18s] target 0 err=0.206 m | 181 plans, recent 50 ms/plan (19.7 Hz)
[ 10.19s] target 0 err=0.073 m | 201 plans, recent 49 ms/plan (19.7 Hz)
[ 11.19s] target 0 err=0.279 m | 221 plans, recent 49 ms/plan (19.8 Hz)
[ 12.23s] target 0 err=0.192 m | 242 plans, recent 49 ms/plan (19.8 Hz)
[ 13.27s] target 0 err=0.222 m | 263 plans, recent 48 ms/plan (19.8 Hz)
[ 14.31s] target 0 err=0.238 m | 284 plans, recent 48 ms/plan (19.8 Hz)
[ 15.35s] target 0 err=0.301 m | 305 plans, recent 48 ms/plan (19.9 Hz)
[ 16.35s] target 0 err=0.253 m | 324 plans, recent 52 ms/plan (19.8 Hz)
[ 17.36s] target 0 err=0.169 m | 344 plans, recent 49 ms/plan (19.8 Hz)
[ 18.41s] target 0 err=0.319 m | 365 plans, recent 49 ms/plan (19.8 Hz)
[ 19.46s] target 0 err=0.736 m | 386 plans, recent 49 ms/plan (19.8 Hz)
[ 20.49s] target 0 err=0.792 m | 407 plans, recent 48 ms/plan (19.9 Hz)
[ 21.50s] target 0 err=0.625 m | 427 plans, recent 50 ms/plan (19.9 Hz)
[ 22.53s] target 0 err=0.527 m | 447 plans, recent 50 ms/plan (19.8 Hz)
[ 23.56s] target 0 err=0.291 m | 468 plans, recent 48 ms/plan (19.9 Hz)
[ 24.60s] target 0 err=0.317 m | 489 plans, recent 48 ms/plan (19.9 Hz)
[ 25.63s] target 0 err=0.259 m | 510 plans, recent 48 ms/plan (19.9 Hz)
[ 26.66s] target 0 err=0.313 m | 531 plans, recent 48 ms/plan (19.9 Hz)
[ 27.70s] target 0 err=0.504 m | 552 plans, recent 48 ms/plan (19.9 Hz)
[ 28.74s] target 0 err=0.303 m | 573 plans, recent 49 ms/plan (19.9 Hz)
[ 29.77s] target 0 err=0.247 m | 594 plans, recent 47 ms/plan (20.0 Hz)
  reached_strict=False reached_5cm=False min_err=0.0719 violation=False safe_stall=True

=== [11/60] bk_mbd seed=1 target=4 (0.4, 0.28, 0.22) ===
loaded=/home/home/mbd/koopman/mbd_koopman/out/franka/models/bk_seed1.pt
tube disabled (tube_mode none): plain bilinear rollout, no penalty
adaptive noise: ON (full schedule at err >= 0.4 m, floor 0.05)
warm-up: 3 throwaway plans
[  1.03s] target 0 err=0.533 m | 21 plans, recent 50 ms/plan (20.3 Hz)
[  2.06s] target 0 err=0.557 m | 41 plans, recent 50 ms/plan (19.9 Hz)
[  3.09s] target 0 err=0.624 m | 61 plans, recent 50 ms/plan (19.7 Hz)
[  4.13s] target 0 err=0.508 m | 81 plans, recent 51 ms/plan (19.6 Hz)
[  5.18s] target 0 err=0.201 m | 101 plans, recent 51 ms/plan (19.5 Hz)
[  6.21s] target 0 err=0.068 m | 121 plans, recent 51 ms/plan (19.5 Hz)
[  7.25s] target 0 err=0.086 m | 141 plans, recent 51 ms/plan (19.4 Hz)
[  8.29s] target 0 err=0.065 m | 161 plans, recent 51 ms/plan (19.4 Hz)
[  9.32s] target 0 err=0.050 m | 181 plans, recent 50 ms/plan (19.4 Hz)
[ 10.35s] target 0 err=0.059 m | 201 plans, recent 50 ms/plan (19.4 Hz)
[ 11.38s] target 0 err=0.091 m | 221 plans, recent 50 ms/plan (19.4 Hz)
[ 12.40s] target 0 err=0.032 m | 241 plans, recent 50 ms/plan (19.4 Hz)
[ 12.65s] target 0 strict reach (25.0 mm) in 12.65 s
[ 13.43s] target 0 err=0.022 m | 261 plans, recent 50 ms/plan (19.4 Hz)
  reached_strict=True reached_5cm=True min_err=0.0210 violation=False safe_stall=False

=== [12/60] bk_mbd seed=1 target=5 (0.48, 0.33, 0.19) ===
loaded=/home/home/mbd/koopman/mbd_koopman/out/franka/models/bk_seed1.pt
tube disabled (tube_mode none): plain bilinear rollout, no penalty
adaptive noise: ON (full schedule at err >= 0.4 m, floor 0.05)
warm-up: 3 throwaway plans
[  1.04s] target 0 err=0.614 m | 21 plans, recent 51 ms/plan (20.1 Hz)
[  2.08s] target 0 err=0.620 m | 41 plans, recent 51 ms/plan (19.7 Hz)
[  3.12s] target 0 err=0.106 m | 61 plans, recent 51 ms/plan (19.5 Hz)
[  4.17s] target 0 err=0.083 m | 81 plans, recent 51 ms/plan (19.4 Hz)
[  5.22s] target 0 err=0.151 m | 101 plans, recent 52 ms/plan (19.3 Hz)
[  6.24s] target 0 err=0.135 m | 120 plans, recent 53 ms/plan (19.2 Hz)
[  7.25s] target 0 err=0.034 m | 139 plans, recent 52 ms/plan (19.2 Hz)
[  8.26s] target 0 err=0.027 m | 158 plans, recent 52 ms/plan (19.1 Hz)
[  7.95s] target 0 strict reach (24.0 mm) in 7.95 s
  reached_strict=True reached_5cm=True min_err=0.0219 violation=False safe_stall=False

=== [13/60] bk_mbd seed=2 target=0 (0.45, 0.3, 0.2) ===
loaded=/home/home/mbd/koopman/mbd_koopman/out/franka/models/bk_seed2.pt
tube disabled (tube_mode none): plain bilinear rollout, no penalty
adaptive noise: ON (full schedule at err >= 0.4 m, floor 0.05)
warm-up: 3 throwaway plans
[  1.03s] target 0 err=0.531 m | 21 plans, recent 50 ms/plan (20.4 Hz)
[  2.04s] target 0 err=0.528 m | 41 plans, recent 49 ms/plan (20.1 Hz)
[  3.05s] target 0 err=0.553 m | 61 plans, recent 49 ms/plan (20.0 Hz)
[  4.06s] target 0 err=0.513 m | 81 plans, recent 50 ms/plan (19.9 Hz)
[  5.09s] target 0 err=0.550 m | 101 plans, recent 50 ms/plan (19.9 Hz)
[  6.11s] target 0 err=0.489 m | 121 plans, recent 50 ms/plan (19.8 Hz)
[  7.13s] target 0 err=0.479 m | 141 plans, recent 50 ms/plan (19.8 Hz)
[  8.14s] target 0 err=0.430 m | 161 plans, recent 49 ms/plan (19.8 Hz)
[  9.16s] target 0 err=0.468 m | 181 plans, recent 50 ms/plan (19.8 Hz)
[ 10.16s] target 0 err=0.490 m | 200 plans, recent 52 ms/plan (19.7 Hz)
[ 11.18s] target 0 err=0.477 m | 219 plans, recent 52 ms/plan (19.6 Hz)
[ 12.20s] target 0 err=0.399 m | 239 plans, recent 50 ms/plan (19.6 Hz)
[ 13.22s] target 0 err=0.254 m | 259 plans, recent 50 ms/plan (19.6 Hz)
[ 14.23s] target 0 err=0.285 m | 279 plans, recent 50 ms/plan (19.6 Hz)
[ 15.26s] target 0 err=0.406 m | 299 plans, recent 50 ms/plan (19.6 Hz)
[ 16.28s] target 0 err=0.189 m | 319 plans, recent 50 ms/plan (19.6 Hz)
[ 17.30s] target 0 err=0.360 m | 339 plans, recent 50 ms/plan (19.6 Hz)
[ 18.32s] target 0 err=0.214 m | 359 plans, recent 50 ms/plan (19.6 Hz)
[ 19.33s] target 0 err=0.272 m | 379 plans, recent 49 ms/plan (19.6 Hz)
[ 20.37s] target 0 err=0.279 m | 400 plans, recent 49 ms/plan (19.6 Hz)
[ 21.43s] target 0 err=0.324 m | 421 plans, recent 49 ms/plan (19.6 Hz)
[ 22.45s] target 0 err=0.222 m | 441 plans, recent 50 ms/plan (19.6 Hz)
[ 23.46s] target 0 err=0.110 m | 461 plans, recent 49 ms/plan (19.7 Hz)
[ 24.46s] target 0 err=0.049 m | 481 plans, recent 49 ms/plan (19.7 Hz)
[ 25.51s] target 0 err=0.042 m | 502 plans, recent 49 ms/plan (19.7 Hz)
[ 26.05s] target 0 strict reach (23.3 mm) in 26.05 s
[ 26.51s] target 0 err=0.023 m | 522 plans, recent 49 ms/plan (19.7 Hz)
  reached_strict=True reached_5cm=True min_err=0.0180 violation=False safe_stall=False

=== [14/60] bk_mbd seed=2 target=1 (0.55, 0.3, 0.2) ===
loaded=/home/home/mbd/koopman/mbd_koopman/out/franka/models/bk_seed2.pt
tube disabled (tube_mode none): plain bilinear rollout, no penalty
adaptive noise: ON (full schedule at err >= 0.4 m, floor 0.05)
warm-up: 3 throwaway plans
[  1.03s] target 0 err=0.536 m | 21 plans, recent 50 ms/plan (20.4 Hz)
[  2.05s] target 0 err=0.523 m | 41 plans, recent 50 ms/plan (20.0 Hz)
[  3.07s] target 0 err=0.522 m | 61 plans, recent 50 ms/plan (19.9 Hz)
[  4.08s] target 0 err=0.616 m | 81 plans, recent 50 ms/plan (19.9 Hz)
[  5.09s] target 0 err=0.487 m | 101 plans, recent 50 ms/plan (19.8 Hz)
[  6.10s] target 0 err=0.636 m | 121 plans, recent 49 ms/plan (19.8 Hz)
[  7.11s] target 0 err=0.571 m | 141 plans, recent 49 ms/plan (19.8 Hz)
[  8.12s] target 0 err=0.699 m | 161 plans, recent 49 ms/plan (19.8 Hz)
[  9.16s] target 0 err=0.679 m | 182 plans, recent 49 ms/plan (19.9 Hz)
[ 10.18s] target 0 err=0.715 m | 202 plans, recent 50 ms/plan (19.8 Hz)
[ 11.19s] target 0 err=0.665 m | 220 plans, recent 55 ms/plan (19.7 Hz)
[ 12.21s] target 0 err=0.679 m | 240 plans, recent 50 ms/plan (19.7 Hz)
[ 13.21s] target 0 err=0.690 m | 259 plans, recent 52 ms/plan (19.6 Hz)
[ 14.23s] target 0 err=0.654 m | 279 plans, recent 50 ms/plan (19.6 Hz)
[ 15.24s] target 0 err=0.625 m | 299 plans, recent 49 ms/plan (19.6 Hz)
[ 16.26s] target 0 err=0.633 m | 319 plans, recent 50 ms/plan (19.6 Hz)
[ 17.30s] target 0 err=0.588 m | 339 plans, recent 51 ms/plan (19.6 Hz)
[ 18.31s] target 0 err=0.417 m | 359 plans, recent 49 ms/plan (19.6 Hz)
[ 19.31s] target 0 err=0.529 m | 379 plans, recent 49 ms/plan (19.6 Hz)
[ 20.32s] target 0 err=0.548 m | 399 plans, recent 49 ms/plan (19.6 Hz)
[ 21.34s] target 0 err=0.491 m | 419 plans, recent 50 ms/plan (19.6 Hz)
[ 22.38s] target 0 err=0.490 m | 440 plans, recent 49 ms/plan (19.7 Hz)
[ 23.43s] target 0 err=0.363 m | 461 plans, recent 49 ms/plan (19.7 Hz)
[ 24.47s] target 0 err=0.417 m | 482 plans, recent 49 ms/plan (19.7 Hz)
[ 25.52s] target 0 err=0.550 m | 503 plans, recent 49 ms/plan (19.7 Hz)
[ 26.52s] target 0 err=0.527 m | 523 plans, recent 49 ms/plan (19.7 Hz)
[ 27.54s] target 0 err=0.445 m | 543 plans, recent 50 ms/plan (19.7 Hz)
[ 28.56s] target 0 err=0.482 m | 563 plans, recent 50 ms/plan (19.7 Hz)
[ 29.58s] target 0 err=0.334 m | 583 plans, recent 50 ms/plan (19.7 Hz)
  reached_strict=False reached_5cm=False min_err=0.3082 violation=False safe_stall=True

=== [15/60] bk_mbd seed=2 target=2 (0.35, 0.32, 0.22) ===
loaded=/home/home/mbd/koopman/mbd_koopman/out/franka/models/bk_seed2.pt
tube disabled (tube_mode none): plain bilinear rollout, no penalty
adaptive noise: ON (full schedule at err >= 0.4 m, floor 0.05)
warm-up: 3 throwaway plans
[  1.00s] target 0 err=0.511 m | 21 plans, recent 49 ms/plan (21.0 Hz)
[  2.05s] target 0 err=0.509 m | 42 plans, recent 49 ms/plan (20.5 Hz)
[  3.07s] target 0 err=0.553 m | 62 plans, recent 50 ms/plan (20.2 Hz)
[  4.11s] target 0 err=0.551 m | 83 plans, recent 48 ms/plan (20.2 Hz)
[  5.15s] target 0 err=0.483 m | 104 plans, recent 49 ms/plan (20.2 Hz)
[  6.19s] target 0 err=0.627 m | 125 plans, recent 48 ms/plan (20.2 Hz)
[  7.23s] target 0 err=0.439 m | 146 plans, recent 48 ms/plan (20.2 Hz)
[  8.26s] target 0 err=0.586 m | 167 plans, recent 48 ms/plan (20.2 Hz)
[  9.30s] target 0 err=0.501 m | 188 plans, recent 48 ms/plan (20.2 Hz)
[ 10.31s] target 0 err=0.571 m | 208 plans, recent 49 ms/plan (20.2 Hz)
[ 11.35s] target 0 err=0.478 m | 229 plans, recent 49 ms/plan (20.2 Hz)
[ 12.38s] target 0 err=0.527 m | 249 plans, recent 50 ms/plan (20.1 Hz)
[ 13.42s] target 0 err=0.638 m | 270 plans, recent 48 ms/plan (20.1 Hz)
[ 14.46s] target 0 err=0.383 m | 291 plans, recent 49 ms/plan (20.1 Hz)
[ 15.51s] target 0 err=0.368 m | 312 plans, recent 49 ms/plan (20.1 Hz)
[ 16.54s] target 0 err=0.441 m | 332 plans, recent 51 ms/plan (20.1 Hz)
[ 17.58s] target 0 err=0.351 m | 353 plans, recent 48 ms/plan (20.1 Hz)
[ 18.63s] target 0 err=0.291 m | 374 plans, recent 49 ms/plan (20.1 Hz)
[ 19.63s] target 0 err=0.397 m | 394 plans, recent 49 ms/plan (20.1 Hz)
[ 20.64s] target 0 err=0.502 m | 414 plans, recent 49 ms/plan (20.1 Hz)
[ 21.68s] target 0 err=0.352 m | 435 plans, recent 49 ms/plan (20.1 Hz)
[ 22.69s] target 0 err=0.198 m | 455 plans, recent 49 ms/plan (20.1 Hz)
[ 23.72s] target 0 err=0.419 m | 476 plans, recent 48 ms/plan (20.1 Hz)
[ 24.74s] target 0 err=0.370 m | 496 plans, recent 50 ms/plan (20.1 Hz)
[ 25.78s] target 0 err=0.330 m | 517 plans, recent 49 ms/plan (20.1 Hz)
[ 26.79s] target 0 err=0.237 m | 537 plans, recent 49 ms/plan (20.0 Hz)
[ 27.80s] target 0 err=0.494 m | 557 plans, recent 49 ms/plan (20.0 Hz)
[ 28.85s] target 0 err=0.350 m | 578 plans, recent 49 ms/plan (20.0 Hz)
[ 29.89s] target 0 err=0.427 m | 599 plans, recent 48 ms/plan (20.0 Hz)
  reached_strict=False reached_5cm=False min_err=0.1606 violation=False safe_stall=True

=== [16/60] bk_mbd seed=2 target=3 (0.5, 0.35, 0.18) ===
loaded=/home/home/mbd/koopman/mbd_koopman/out/franka/models/bk_seed2.pt
tube disabled (tube_mode none): plain bilinear rollout, no penalty
adaptive noise: ON (full schedule at err >= 0.4 m, floor 0.05)
warm-up: 3 throwaway plans
[  1.00s] target 0 err=0.592 m | 21 plans, recent 49 ms/plan (20.9 Hz)
[  2.02s] target 0 err=0.580 m | 40 plans, recent 52 ms/plan (19.8 Hz)
[  3.02s] target 0 err=0.593 m | 60 plans, recent 49 ms/plan (19.8 Hz)
[  4.03s] target 0 err=0.514 m | 80 plans, recent 49 ms/plan (19.8 Hz)
[  5.05s] target 0 err=0.513 m | 100 plans, recent 50 ms/plan (19.8 Hz)
[  6.06s] target 0 err=0.346 m | 120 plans, recent 50 ms/plan (19.8 Hz)
[  7.07s] target 0 err=0.729 m | 140 plans, recent 49 ms/plan (19.8 Hz)
[  8.08s] target 0 err=0.370 m | 160 plans, recent 49 ms/plan (19.8 Hz)
[  9.12s] target 0 err=0.439 m | 180 plans, recent 51 ms/plan (19.7 Hz)
[ 10.14s] target 0 err=0.719 m | 199 plans, recent 52 ms/plan (19.6 Hz)
[ 11.15s] target 0 err=0.589 m | 218 plans, recent 52 ms/plan (19.6 Hz)
[ 12.20s] target 0 err=0.545 m | 237 plans, recent 54 ms/plan (19.4 Hz)
[ 13.20s] target 0 err=0.458 m | 256 plans, recent 52 ms/plan (19.4 Hz)
[ 14.22s] target 0 err=0.432 m | 275 plans, recent 52 ms/plan (19.3 Hz)
[ 15.27s] target 0 err=0.550 m | 295 plans, recent 51 ms/plan (19.3 Hz)
[ 16.27s] target 0 err=0.394 m | 314 plans, recent 52 ms/plan (19.3 Hz)
[ 17.27s] target 0 err=0.509 m | 333 plans, recent 52 ms/plan (19.3 Hz)
[ 18.29s] target 0 err=0.467 m | 352 plans, recent 52 ms/plan (19.2 Hz)
[ 19.30s] target 0 err=0.491 m | 371 plans, recent 52 ms/plan (19.2 Hz)
[ 20.31s] target 0 err=0.365 m | 390 plans, recent 52 ms/plan (19.2 Hz)
[ 21.36s] target 0 err=0.541 m | 410 plans, recent 51 ms/plan (19.2 Hz)
[ 22.39s] target 0 err=0.387 m | 430 plans, recent 50 ms/plan (19.2 Hz)
[ 23.43s] target 0 err=0.464 m | 450 plans, recent 51 ms/plan (19.2 Hz)
[ 24.48s] target 0 err=0.425 m | 470 plans, recent 51 ms/plan (19.2 Hz)
[ 25.51s] target 0 err=0.564 m | 489 plans, recent 53 ms/plan (19.2 Hz)
[ 26.55s] target 0 err=0.484 m | 509 plans, recent 51 ms/plan (19.2 Hz)
[ 27.57s] target 0 err=0.591 m | 529 plans, recent 50 ms/plan (19.2 Hz)
[ 28.60s] target 0 err=0.654 m | 549 plans, recent 50 ms/plan (19.2 Hz)
[ 29.62s] target 0 err=0.590 m | 569 plans, recent 50 ms/plan (19.2 Hz)
[ 30.63s] target 0 err=0.661 m | 589 plans, recent 49 ms/plan (19.2 Hz)
  reached_strict=False reached_5cm=False min_err=0.2979 violation=False safe_stall=True

=== [17/60] bk_mbd seed=2 target=4 (0.4, 0.28, 0.22) ===
loaded=/home/home/mbd/koopman/mbd_koopman/out/franka/models/bk_seed2.pt
tube disabled (tube_mode none): plain bilinear rollout, no penalty
adaptive noise: ON (full schedule at err >= 0.4 m, floor 0.05)
warm-up: 3 throwaway plans
[  1.03s] target 0 err=0.586 m | 21 plans, recent 50 ms/plan (20.5 Hz)
[  2.07s] target 0 err=0.478 m | 41 plans, recent 51 ms/plan (19.8 Hz)
[  3.11s] target 0 err=0.479 m | 61 plans, recent 50 ms/plan (19.6 Hz)
[  4.14s] target 0 err=0.562 m | 81 plans, recent 51 ms/plan (19.6 Hz)
[  5.18s] target 0 err=0.447 m | 101 plans, recent 51 ms/plan (19.5 Hz)
[  6.19s] target 0 err=0.411 m | 120 plans, recent 53 ms/plan (19.4 Hz)
[  7.22s] target 0 err=0.354 m | 139 plans, recent 53 ms/plan (19.2 Hz)
[  8.27s] target 0 err=0.507 m | 159 plans, recent 51 ms/plan (19.2 Hz)
[  9.30s] target 0 err=0.443 m | 179 plans, recent 50 ms/plan (19.2 Hz)
[ 10.32s] target 0 err=0.692 m | 199 plans, recent 50 ms/plan (19.3 Hz)
[ 11.37s] target 0 err=0.629 m | 219 plans, recent 51 ms/plan (19.3 Hz)
[ 12.42s] target 0 err=0.521 m | 239 plans, recent 51 ms/plan (19.3 Hz)
[ 13.45s] target 0 err=0.579 m | 259 plans, recent 51 ms/plan (19.3 Hz)
[ 14.46s] target 0 err=0.577 m | 278 plans, recent 52 ms/plan (19.2 Hz)
[ 15.47s] target 0 err=0.538 m | 297 plans, recent 52 ms/plan (19.2 Hz)
[ 16.49s] target 0 err=0.656 m | 316 plans, recent 53 ms/plan (19.2 Hz)
[ 17.50s] target 0 err=0.666 m | 335 plans, recent 52 ms/plan (19.1 Hz)
[ 18.52s] target 0 err=0.640 m | 355 plans, recent 50 ms/plan (19.2 Hz)
[ 19.55s] target 0 err=0.594 m | 375 plans, recent 50 ms/plan (19.2 Hz)
[ 20.58s] target 0 err=0.726 m | 395 plans, recent 50 ms/plan (19.2 Hz)
[ 21.61s] target 0 err=0.557 m | 415 plans, recent 50 ms/plan (19.2 Hz)
[ 22.62s] target 0 err=0.721 m | 435 plans, recent 50 ms/plan (19.2 Hz)
[ 23.64s] target 0 err=0.753 m | 455 plans, recent 50 ms/plan (19.2 Hz)
[ 24.68s] target 0 err=0.589 m | 475 plans, recent 51 ms/plan (19.2 Hz)
[ 25.70s] target 0 err=0.681 m | 495 plans, recent 50 ms/plan (19.3 Hz)
[ 26.72s] target 0 err=0.645 m | 515 plans, recent 50 ms/plan (19.3 Hz)
[ 27.73s] target 0 err=0.764 m | 535 plans, recent 50 ms/plan (19.3 Hz)
[ 28.74s] target 0 err=0.774 m | 555 plans, recent 49 ms/plan (19.3 Hz)
[ 29.76s] target 0 err=0.727 m | 575 plans, recent 50 ms/plan (19.3 Hz)
[ 30.78s] target 0 err=0.682 m | 595 plans, recent 50 ms/plan (19.3 Hz)
  reached_strict=False reached_5cm=False min_err=0.3092 violation=False safe_stall=True

=== [18/60] bk_mbd seed=2 target=5 (0.48, 0.33, 0.19) ===
loaded=/home/home/mbd/koopman/mbd_koopman/out/franka/models/bk_seed2.pt
tube disabled (tube_mode none): plain bilinear rollout, no penalty
adaptive noise: ON (full schedule at err >= 0.4 m, floor 0.05)
warm-up: 3 throwaway plans
[  1.01s] target 0 err=0.553 m | 21 plans, recent 49 ms/plan (20.8 Hz)
[  2.03s] target 0 err=0.566 m | 41 plans, recent 50 ms/plan (20.2 Hz)
[  3.06s] target 0 err=0.611 m | 61 plans, recent 51 ms/plan (19.9 Hz)
[  4.10s] target 0 err=0.676 m | 81 plans, recent 51 ms/plan (19.8 Hz)
[  5.13s] target 0 err=0.559 m | 101 plans, recent 51 ms/plan (19.7 Hz)
[  6.16s] target 0 err=0.569 m | 121 plans, recent 50 ms/plan (19.6 Hz)
[  7.19s] target 0 err=0.447 m | 141 plans, recent 50 ms/plan (19.6 Hz)
[  8.22s] target 0 err=0.295 m | 161 plans, recent 50 ms/plan (19.6 Hz)
[  9.24s] target 0 err=0.349 m | 181 plans, recent 50 ms/plan (19.6 Hz)
[ 10.27s] target 0 err=0.347 m | 201 plans, recent 50 ms/plan (19.6 Hz)
[ 11.30s] target 0 err=0.498 m | 221 plans, recent 50 ms/plan (19.6 Hz)
[ 12.33s] target 0 err=0.434 m | 241 plans, recent 50 ms/plan (19.6 Hz)
[ 13.36s] target 0 err=0.418 m | 261 plans, recent 51 ms/plan (19.5 Hz)
[ 14.39s] target 0 err=0.533 m | 281 plans, recent 50 ms/plan (19.5 Hz)
[ 15.42s] target 0 err=0.454 m | 301 plans, recent 50 ms/plan (19.5 Hz)
[ 16.44s] target 0 err=0.353 m | 321 plans, recent 50 ms/plan (19.5 Hz)
[ 17.49s] target 0 err=0.377 m | 342 plans, recent 49 ms/plan (19.5 Hz)
[ 18.50s] target 0 err=0.409 m | 362 plans, recent 49 ms/plan (19.6 Hz)
[ 19.51s] target 0 err=0.418 m | 382 plans, recent 49 ms/plan (19.6 Hz)
[ 20.53s] target 0 err=0.314 m | 402 plans, recent 50 ms/plan (19.6 Hz)
[ 21.53s] target 0 err=0.379 m | 422 plans, recent 49 ms/plan (19.6 Hz)
[ 22.56s] target 0 err=0.313 m | 442 plans, recent 50 ms/plan (19.6 Hz)
[ 23.61s] target 0 err=0.175 m | 463 plans, recent 49 ms/plan (19.6 Hz)
[ 24.61s] target 0 err=0.088 m | 483 plans, recent 49 ms/plan (19.6 Hz)
[ 25.66s] target 0 err=0.205 m | 504 plans, recent 49 ms/plan (19.6 Hz)
[ 26.71s] target 0 err=0.178 m | 525 plans, recent 49 ms/plan (19.7 Hz)
[ 27.76s] target 0 err=0.091 m | 546 plans, recent 49 ms/plan (19.7 Hz)
[ 28.80s] target 0 err=0.140 m | 567 plans, recent 49 ms/plan (19.7 Hz)
[ 29.85s] target 0 err=0.120 m | 588 plans, recent 49 ms/plan (19.7 Hz)
  reached_strict=False reached_5cm=False min_err=0.0698 violation=False safe_stall=True

=== [19/60] bk_mbd seed=3 target=0 (0.45, 0.3, 0.2) ===
loaded=/home/home/mbd/koopman/mbd_koopman/out/franka/models/bk_seed3.pt
tube disabled (tube_mode none): plain bilinear rollout, no penalty
adaptive noise: ON (full schedule at err >= 0.4 m, floor 0.05)
warm-up: 3 throwaway plans
[  1.04s] target 0 err=0.537 m | 21 plans, recent 51 ms/plan (20.3 Hz)
[  2.05s] target 0 err=0.538 m | 41 plans, recent 50 ms/plan (20.0 Hz)
[  3.07s] target 0 err=0.593 m | 61 plans, recent 50 ms/plan (19.9 Hz)
[  4.08s] target 0 err=0.610 m | 81 plans, recent 50 ms/plan (19.8 Hz)
[  5.10s] target 0 err=0.483 m | 101 plans, recent 50 ms/plan (19.8 Hz)
[  6.11s] target 0 err=0.201 m | 121 plans, recent 49 ms/plan (19.8 Hz)
[  7.12s] target 0 err=0.339 m | 141 plans, recent 49 ms/plan (19.8 Hz)
[  8.16s] target 0 err=0.209 m | 161 plans, recent 51 ms/plan (19.7 Hz)
[  9.18s] target 0 err=0.202 m | 181 plans, recent 50 ms/plan (19.7 Hz)
[ 10.19s] target 0 err=0.205 m | 201 plans, recent 49 ms/plan (19.7 Hz)
[ 11.21s] target 0 err=0.326 m | 221 plans, recent 50 ms/plan (19.7 Hz)
[ 12.24s] target 0 err=0.279 m | 241 plans, recent 50 ms/plan (19.7 Hz)
[ 13.28s] target 0 err=0.363 m | 261 plans, recent 51 ms/plan (19.7 Hz)
[ 14.28s] target 0 err=0.345 m | 281 plans, recent 49 ms/plan (19.7 Hz)
[ 15.32s] target 0 err=0.354 m | 302 plans, recent 48 ms/plan (19.7 Hz)
[ 16.37s] target 0 err=0.363 m | 323 plans, recent 49 ms/plan (19.7 Hz)
[ 17.42s] target 0 err=0.275 m | 344 plans, recent 49 ms/plan (19.8 Hz)
[ 18.42s] target 0 err=0.368 m | 364 plans, recent 49 ms/plan (19.8 Hz)
[ 19.46s] target 0 err=0.358 m | 385 plans, recent 48 ms/plan (19.8 Hz)
[ 20.49s] target 0 err=0.404 m | 406 plans, recent 48 ms/plan (19.8 Hz)
[ 21.53s] target 0 err=0.273 m | 427 plans, recent 48 ms/plan (19.8 Hz)
[ 22.58s] target 0 err=0.404 m | 448 plans, recent 49 ms/plan (19.8 Hz)
[ 23.62s] target 0 err=0.214 m | 469 plans, recent 48 ms/plan (19.9 Hz)
[ 24.66s] target 0 err=0.420 m | 490 plans, recent 48 ms/plan (19.9 Hz)
[ 25.70s] target 0 err=0.224 m | 511 plans, recent 49 ms/plan (19.9 Hz)
[ 26.74s] target 0 err=0.416 m | 532 plans, recent 49 ms/plan (19.9 Hz)
[ 27.79s] target 0 err=0.358 m | 553 plans, recent 49 ms/plan (19.9 Hz)
[ 28.80s] target 0 err=0.336 m | 573 plans, recent 49 ms/plan (19.9 Hz)
[ 29.85s] target 0 err=0.325 m | 594 plans, recent 49 ms/plan (19.9 Hz)
  reached_strict=False reached_5cm=False min_err=0.1776 violation=False safe_stall=True

=== [20/60] bk_mbd seed=3 target=1 (0.55, 0.3, 0.2) ===
loaded=/home/home/mbd/koopman/mbd_koopman/out/franka/models/bk_seed3.pt
tube disabled (tube_mode none): plain bilinear rollout, no penalty
adaptive noise: ON (full schedule at err >= 0.4 m, floor 0.05)
warm-up: 3 throwaway plans
[  1.03s] target 0 err=0.581 m | 21 plans, recent 50 ms/plan (20.4 Hz)
[  2.06s] target 0 err=0.540 m | 41 plans, recent 50 ms/plan (19.9 Hz)
[  3.09s] target 0 err=0.562 m | 61 plans, recent 50 ms/plan (19.7 Hz)
[  4.12s] target 0 err=0.631 m | 81 plans, recent 50 ms/plan (19.7 Hz)
[  5.15s] target 0 err=0.282 m | 101 plans, recent 50 ms/plan (19.6 Hz)
[  6.18s] target 0 err=0.084 m | 121 plans, recent 51 ms/plan (19.6 Hz)
[  7.21s] target 0 err=0.149 m | 141 plans, recent 50 ms/plan (19.6 Hz)
[  8.25s] target 0 err=0.328 m | 161 plans, recent 51 ms/plan (19.5 Hz)
[  9.30s] target 0 err=0.419 m | 181 plans, recent 51 ms/plan (19.5 Hz)
[ 10.35s] target 0 err=0.392 m | 201 plans, recent 51 ms/plan (19.4 Hz)
[ 11.39s] target 0 err=0.289 m | 221 plans, recent 51 ms/plan (19.4 Hz)
[ 12.43s] target 0 err=0.462 m | 241 plans, recent 51 ms/plan (19.4 Hz)
[ 13.46s] target 0 err=0.237 m | 261 plans, recent 51 ms/plan (19.4 Hz)
[ 14.49s] target 0 err=0.478 m | 281 plans, recent 50 ms/plan (19.4 Hz)
[ 15.52s] target 0 err=0.324 m | 301 plans, recent 50 ms/plan (19.4 Hz)
[ 16.53s] target 0 err=0.377 m | 321 plans, recent 50 ms/plan (19.4 Hz)
[ 17.56s] target 0 err=0.433 m | 341 plans, recent 50 ms/plan (19.4 Hz)
[ 18.59s] target 0 err=0.389 m | 361 plans, recent 50 ms/plan (19.4 Hz)
[ 19.61s] target 0 err=0.333 m | 381 plans, recent 50 ms/plan (19.4 Hz)
[ 20.63s] target 0 err=0.476 m | 401 plans, recent 50 ms/plan (19.4 Hz)
[ 21.66s] target 0 err=0.381 m | 421 plans, recent 50 ms/plan (19.4 Hz)
[ 22.68s] target 0 err=0.372 m | 441 plans, recent 50 ms/plan (19.4 Hz)
[ 23.71s] target 0 err=0.338 m | 461 plans, recent 50 ms/plan (19.4 Hz)
[ 24.73s] target 0 err=0.130 m | 481 plans, recent 50 ms/plan (19.4 Hz)
[ 25.76s] target 0 err=0.054 m | 501 plans, recent 50 ms/plan (19.4 Hz)
[ 26.79s] target 0 err=0.154 m | 521 plans, recent 50 ms/plan (19.4 Hz)
[ 27.81s] target 0 err=0.315 m | 541 plans, recent 50 ms/plan (19.5 Hz)
[ 28.84s] target 0 err=0.370 m | 561 plans, recent 50 ms/plan (19.5 Hz)
[ 29.85s] target 0 err=0.205 m | 581 plans, recent 50 ms/plan (19.5 Hz)
[ 30.85s] target 0 err=0.136 m | 600 plans, recent 52 ms/plan (19.4 Hz)
  reached_strict=False reached_5cm=True min_err=0.0491 violation=False safe_stall=True

=== [21/60] bk_mbd seed=3 target=2 (0.35, 0.32, 0.22) ===
loaded=/home/home/mbd/koopman/mbd_koopman/out/franka/models/bk_seed3.pt
tube disabled (tube_mode none): plain bilinear rollout, no penalty
adaptive noise: ON (full schedule at err >= 0.4 m, floor 0.05)
warm-up: 3 throwaway plans
[  1.03s] target 0 err=0.514 m | 21 plans, recent 50 ms/plan (20.4 Hz)
[  2.05s] target 0 err=0.529 m | 41 plans, recent 50 ms/plan (20.0 Hz)
[  3.07s] target 0 err=0.574 m | 61 plans, recent 50 ms/plan (19.9 Hz)
[  4.09s] target 0 err=0.613 m | 81 plans, recent 50 ms/plan (19.8 Hz)
[  5.12s] target 0 err=0.626 m | 101 plans, recent 50 ms/plan (19.7 Hz)
[  6.12s] target 0 err=0.611 m | 120 plans, recent 52 ms/plan (19.6 Hz)
[  7.16s] target 0 err=0.450 m | 140 plans, recent 50 ms/plan (19.6 Hz)
[  8.18s] target 0 err=0.669 m | 160 plans, recent 50 ms/plan (19.6 Hz)
[  9.20s] target 0 err=0.623 m | 180 plans, recent 50 ms/plan (19.6 Hz)
[ 10.22s] target 0 err=0.574 m | 200 plans, recent 50 ms/plan (19.6 Hz)
[ 11.23s] target 0 err=0.543 m | 220 plans, recent 49 ms/plan (19.6 Hz)
[ 12.25s] target 0 err=0.567 m | 240 plans, recent 50 ms/plan (19.6 Hz)
[ 13.26s] target 0 err=0.547 m | 260 plans, recent 50 ms/plan (19.6 Hz)
[ 14.28s] target 0 err=0.621 m | 280 plans, recent 50 ms/plan (19.6 Hz)
[ 15.31s] target 0 err=0.512 m | 300 plans, recent 50 ms/plan (19.6 Hz)
[ 16.33s] target 0 err=0.580 m | 320 plans, recent 50 ms/plan (19.6 Hz)
[ 17.36s] target 0 err=0.523 m | 340 plans, recent 50 ms/plan (19.6 Hz)
[ 18.38s] target 0 err=0.549 m | 360 plans, recent 50 ms/plan (19.6 Hz)
[ 19.39s] target 0 err=0.441 m | 380 plans, recent 49 ms/plan (19.6 Hz)
[ 20.41s] target 0 err=0.513 m | 400 plans, recent 50 ms/plan (19.6 Hz)
[ 21.45s] target 0 err=0.594 m | 420 plans, recent 51 ms/plan (19.6 Hz)
[ 22.49s] target 0 err=0.496 m | 440 plans, recent 51 ms/plan (19.6 Hz)
[ 23.52s] target 0 err=0.436 m | 460 plans, recent 50 ms/plan (19.6 Hz)
[ 24.55s] target 0 err=0.398 m | 480 plans, recent 51 ms/plan (19.5 Hz)
[ 25.58s] target 0 err=0.317 m | 500 plans, recent 50 ms/plan (19.5 Hz)
[ 26.61s] target 0 err=0.275 m | 520 plans, recent 50 ms/plan (19.5 Hz)
[ 27.63s] target 0 err=0.328 m | 540 plans, recent 50 ms/plan (19.5 Hz)
[ 28.64s] target 0 err=0.260 m | 559 plans, recent 52 ms/plan (19.5 Hz)
[ 29.65s] target 0 err=0.256 m | 579 plans, recent 50 ms/plan (19.5 Hz)
[ 30.68s] target 0 err=0.330 m | 599 plans, recent 50 ms/plan (19.5 Hz)
  reached_strict=False reached_5cm=False min_err=0.1267 violation=False safe_stall=True

=== [22/60] bk_mbd seed=3 target=3 (0.5, 0.35, 0.18) ===
loaded=/home/home/mbd/koopman/mbd_koopman/out/franka/models/bk_seed3.pt
tube disabled (tube_mode none): plain bilinear rollout, no penalty
adaptive noise: ON (full schedule at err >= 0.4 m, floor 0.05)
warm-up: 3 throwaway plans
[  1.03s] target 0 err=0.599 m | 21 plans, recent 50 ms/plan (20.4 Hz)
[  2.04s] target 0 err=0.539 m | 40 plans, recent 52 ms/plan (19.6 Hz)
[  3.09s] target 0 err=0.596 m | 60 plans, recent 51 ms/plan (19.4 Hz)
[  4.12s] target 0 err=0.612 m | 80 plans, recent 51 ms/plan (19.4 Hz)
[  5.16s] target 0 err=0.208 m | 100 plans, recent 51 ms/plan (19.4 Hz)
[  6.19s] target 0 err=0.055 m | 120 plans, recent 50 ms/plan (19.4 Hz)
[  7.22s] target 0 err=0.053 m | 140 plans, recent 50 ms/plan (19.4 Hz)
[  8.25s] target 0 err=0.098 m | 160 plans, recent 51 ms/plan (19.4 Hz)
[  9.29s] target 0 err=0.265 m | 180 plans, recent 51 ms/plan (19.4 Hz)
[ 10.29s] target 0 err=0.375 m | 199 plans, recent 52 ms/plan (19.3 Hz)
[ 11.33s] target 0 err=0.351 m | 219 plans, recent 51 ms/plan (19.3 Hz)
[ 12.35s] target 0 err=0.385 m | 239 plans, recent 50 ms/plan (19.3 Hz)
[ 13.37s] target 0 err=0.184 m | 259 plans, recent 50 ms/plan (19.4 Hz)
[ 14.40s] target 0 err=0.152 m | 279 plans, recent 50 ms/plan (19.4 Hz)
[ 15.42s] target 0 err=0.340 m | 299 plans, recent 50 ms/plan (19.4 Hz)
[ 16.44s] target 0 err=0.407 m | 319 plans, recent 50 ms/plan (19.4 Hz)
[ 17.46s] target 0 err=0.323 m | 339 plans, recent 50 ms/plan (19.4 Hz)
[ 18.47s] target 0 err=0.434 m | 359 plans, recent 50 ms/plan (19.4 Hz)
[ 19.48s] target 0 err=0.341 m | 379 plans, recent 49 ms/plan (19.5 Hz)
[ 20.53s] target 0 err=0.228 m | 400 plans, recent 49 ms/plan (19.5 Hz)
[ 21.54s] target 0 err=0.452 m | 420 plans, recent 50 ms/plan (19.5 Hz)
[ 22.55s] target 0 err=0.256 m | 438 plans, recent 54 ms/plan (19.4 Hz)
[ 23.57s] target 0 err=0.386 m | 457 plans, recent 52 ms/plan (19.4 Hz)
[ 24.59s] target 0 err=0.299 m | 477 plans, recent 50 ms/plan (19.4 Hz)
[ 25.59s] target 0 err=0.170 m | 497 plans, recent 49 ms/plan (19.4 Hz)
[ 26.60s] target 0 err=0.126 m | 517 plans, recent 49 ms/plan (19.4 Hz)
[ 27.62s] target 0 err=0.027 m | 537 plans, recent 50 ms/plan (19.4 Hz)
[ 26.85s] target 0 strict reach (23.0 mm) in 26.85 s
  reached_strict=True reached_5cm=True min_err=0.0230 violation=False safe_stall=False

=== [23/60] bk_mbd seed=3 target=4 (0.4, 0.28, 0.22) ===
loaded=/home/home/mbd/koopman/mbd_koopman/out/franka/models/bk_seed3.pt
tube disabled (tube_mode none): plain bilinear rollout, no penalty
adaptive noise: ON (full schedule at err >= 0.4 m, floor 0.05)
warm-up: 3 throwaway plans
[  1.02s] target 0 err=0.510 m | 21 plans, recent 51 ms/plan (20.6 Hz)
[  2.06s] target 0 err=0.540 m | 41 plans, recent 50 ms/plan (19.9 Hz)
[  3.08s] target 0 err=0.543 m | 61 plans, recent 50 ms/plan (19.8 Hz)
[  4.08s] target 0 err=0.070 m | 81 plans, recent 49 ms/plan (19.8 Hz)
[  5.13s] target 0 err=0.026 m | 102 plans, recent 49 ms/plan (19.9 Hz)
[  5.15s] target 0 strict reach (24.4 mm) in 5.15 s
  reached_strict=True reached_5cm=True min_err=0.0147 violation=False safe_stall=False

=== [24/60] bk_mbd seed=3 target=5 (0.48, 0.33, 0.19) ===
loaded=/home/home/mbd/koopman/mbd_koopman/out/franka/models/bk_seed3.pt
tube disabled (tube_mode none): plain bilinear rollout, no penalty
adaptive noise: ON (full schedule at err >= 0.4 m, floor 0.05)
warm-up: 3 throwaway plans
[  1.00s] target 0 err=0.615 m | 21 plans, recent 49 ms/plan (21.0 Hz)
[  2.05s] target 0 err=0.607 m | 42 plans, recent 49 ms/plan (20.5 Hz)
[  3.09s] target 0 err=0.632 m | 63 plans, recent 48 ms/plan (20.4 Hz)
[  4.13s] target 0 err=0.666 m | 84 plans, recent 48 ms/plan (20.3 Hz)
[  5.17s] target 0 err=0.464 m | 105 plans, recent 49 ms/plan (20.3 Hz)
[  6.18s] target 0 err=0.620 m | 125 plans, recent 49 ms/plan (20.2 Hz)
[  7.23s] target 0 err=0.536 m | 146 plans, recent 49 ms/plan (20.2 Hz)
[  8.23s] target 0 err=0.370 m | 166 plans, recent 49 ms/plan (20.2 Hz)
[  9.28s] target 0 err=0.554 m | 187 plans, recent 49 ms/plan (20.1 Hz)
[ 10.32s] target 0 err=0.319 m | 208 plans, recent 48 ms/plan (20.2 Hz)
[ 11.37s] target 0 err=0.327 m | 229 plans, recent 49 ms/plan (20.1 Hz)
[ 12.38s] target 0 err=0.434 m | 249 plans, recent 50 ms/plan (20.1 Hz)
[ 13.40s] target 0 err=0.349 m | 269 plans, recent 50 ms/plan (20.1 Hz)
[ 14.41s] target 0 err=0.414 m | 289 plans, recent 49 ms/plan (20.1 Hz)
[ 15.46s] target 0 err=0.352 m | 310 plans, recent 49 ms/plan (20.1 Hz)
[ 16.47s] target 0 err=0.393 m | 330 plans, recent 49 ms/plan (20.0 Hz)
[ 17.49s] target 0 err=0.372 m | 350 plans, recent 50 ms/plan (20.0 Hz)
[ 18.49s] target 0 err=0.273 m | 370 plans, recent 49 ms/plan (20.0 Hz)
[ 19.49s] target 0 err=0.387 m | 390 plans, recent 49 ms/plan (20.0 Hz)
[ 20.50s] target 0 err=0.401 m | 410 plans, recent 49 ms/plan (20.0 Hz)
[ 21.51s] target 0 err=0.253 m | 430 plans, recent 50 ms/plan (20.0 Hz)
[ 22.55s] target 0 err=0.445 m | 450 plans, recent 51 ms/plan (20.0 Hz)
[ 23.57s] target 0 err=0.378 m | 470 plans, recent 50 ms/plan (19.9 Hz)
[ 24.58s] target 0 err=0.386 m | 490 plans, recent 50 ms/plan (19.9 Hz)
[ 25.61s] target 0 err=0.366 m | 510 plans, recent 50 ms/plan (19.9 Hz)
[ 26.61s] target 0 err=0.176 m | 529 plans, recent 52 ms/plan (19.9 Hz)
[ 27.65s] target 0 err=0.216 m | 548 plans, recent 53 ms/plan (19.8 Hz)
[ 28.67s] target 0 err=0.427 m | 568 plans, recent 50 ms/plan (19.8 Hz)
[ 29.69s] target 0 err=0.238 m | 588 plans, recent 50 ms/plan (19.8 Hz)
  reached_strict=False reached_5cm=False min_err=0.1261 violation=False safe_stall=True

=== [25/60] bk_mbd seed=4 target=0 (0.45, 0.3, 0.2) ===
loaded=/home/home/mbd/koopman/mbd_koopman/out/franka/models/bk_seed4.pt
tube disabled (tube_mode none): plain bilinear rollout, no penalty
adaptive noise: ON (full schedule at err >= 0.4 m, floor 0.05)
warm-up: 3 throwaway plans
[  1.01s] target 0 err=0.647 m | 20 plans, recent 52 ms/plan (19.8 Hz)
[  2.05s] target 0 err=0.038 m | 40 plans, recent 51 ms/plan (19.5 Hz)
[  2.15s] target 0 strict reach (17.1 mm) in 2.15 s
  reached_strict=True reached_5cm=True min_err=0.0167 violation=False safe_stall=False

=== [26/60] bk_mbd seed=4 target=1 (0.55, 0.3, 0.2) ===
loaded=/home/home/mbd/koopman/mbd_koopman/out/franka/models/bk_seed4.pt
tube disabled (tube_mode none): plain bilinear rollout, no penalty
adaptive noise: ON (full schedule at err >= 0.4 m, floor 0.05)
warm-up: 3 throwaway plans
[  1.03s] target 0 err=0.522 m | 21 plans, recent 50 ms/plan (20.4 Hz)
[  2.06s] target 0 err=0.576 m | 41 plans, recent 51 ms/plan (19.9 Hz)
[  3.09s] target 0 err=0.605 m | 61 plans, recent 50 ms/plan (19.7 Hz)
[  4.12s] target 0 err=0.619 m | 81 plans, recent 50 ms/plan (19.7 Hz)
[  5.15s] target 0 err=0.645 m | 101 plans, recent 50 ms/plan (19.6 Hz)
[  6.17s] target 0 err=0.247 m | 121 plans, recent 50 ms/plan (19.6 Hz)
[  7.19s] target 0 err=0.200 m | 141 plans, recent 50 ms/plan (19.6 Hz)
[  8.20s] target 0 err=0.323 m | 161 plans, recent 50 ms/plan (19.6 Hz)
[  9.22s] target 0 err=0.134 m | 181 plans, recent 50 ms/plan (19.6 Hz)
[ 10.24s] target 0 err=0.300 m | 201 plans, recent 50 ms/plan (19.6 Hz)
[ 11.27s] target 0 err=0.453 m | 221 plans, recent 50 ms/plan (19.6 Hz)
[ 12.30s] target 0 err=0.300 m | 241 plans, recent 50 ms/plan (19.6 Hz)
[ 13.33s] target 0 err=0.497 m | 261 plans, recent 51 ms/plan (19.6 Hz)
[ 14.36s] target 0 err=0.265 m | 281 plans, recent 51 ms/plan (19.6 Hz)
[ 15.39s] target 0 err=0.461 m | 301 plans, recent 50 ms/plan (19.6 Hz)
[ 16.41s] target 0 err=0.422 m | 321 plans, recent 50 ms/plan (19.6 Hz)
[ 17.42s] target 0 err=0.427 m | 341 plans, recent 49 ms/plan (19.6 Hz)
[ 18.43s] target 0 err=0.462 m | 361 plans, recent 49 ms/plan (19.6 Hz)
[ 19.46s] target 0 err=0.377 m | 381 plans, recent 50 ms/plan (19.6 Hz)
[ 20.48s] target 0 err=0.423 m | 401 plans, recent 50 ms/plan (19.6 Hz)
[ 21.49s] target 0 err=0.405 m | 421 plans, recent 50 ms/plan (19.6 Hz)
[ 22.51s] target 0 err=0.457 m | 441 plans, recent 49 ms/plan (19.6 Hz)
[ 23.51s] target 0 err=0.498 m | 461 plans, recent 49 ms/plan (19.6 Hz)
[ 24.52s] target 0 err=0.444 m | 481 plans, recent 49 ms/plan (19.6 Hz)
[ 25.53s] target 0 err=0.470 m | 501 plans, recent 50 ms/plan (19.6 Hz)
[ 26.55s] target 0 err=0.481 m | 520 plans, recent 52 ms/plan (19.6 Hz)
[ 27.58s] target 0 err=0.469 m | 540 plans, recent 50 ms/plan (19.6 Hz)
[ 28.61s] target 0 err=0.432 m | 560 plans, recent 50 ms/plan (19.6 Hz)
[ 29.63s] target 0 err=0.409 m | 580 plans, recent 50 ms/plan (19.6 Hz)
[ 30.64s] target 0 err=0.391 m | 600 plans, recent 49 ms/plan (19.6 Hz)
  reached_strict=False reached_5cm=False min_err=0.0849 violation=False safe_stall=True

=== [27/60] bk_mbd seed=4 target=2 (0.35, 0.32, 0.22) ===
loaded=/home/home/mbd/koopman/mbd_koopman/out/franka/models/bk_seed4.pt
tube disabled (tube_mode none): plain bilinear rollout, no penalty
adaptive noise: ON (full schedule at err >= 0.4 m, floor 0.05)
warm-up: 3 throwaway plans
[  1.05s] target 0 err=0.556 m | 21 plans, recent 51 ms/plan (20.1 Hz)
[  2.07s] target 0 err=0.058 m | 41 plans, recent 50 ms/plan (19.8 Hz)
[  2.65s] target 0 strict reach (20.1 mm) in 2.65 s
[  3.10s] target 0 err=0.016 m | 61 plans, recent 51 ms/plan (19.7 Hz)
  reached_strict=True reached_5cm=True min_err=0.0135 violation=False safe_stall=False

=== [28/60] bk_mbd seed=4 target=3 (0.5, 0.35, 0.18) ===
loaded=/home/home/mbd/koopman/mbd_koopman/out/franka/models/bk_seed4.pt
tube disabled (tube_mode none): plain bilinear rollout, no penalty
adaptive noise: ON (full schedule at err >= 0.4 m, floor 0.05)
warm-up: 3 throwaway plans
[  1.02s] target 0 err=0.612 m | 21 plans, recent 50 ms/plan (20.6 Hz)
[  2.03s] target 0 err=0.158 m | 41 plans, recent 49 ms/plan (20.2 Hz)
[  3.04s] target 0 err=0.031 m | 61 plans, recent 49 ms/plan (20.1 Hz)
[  3.15s] target 0 strict reach (23.7 mm) in 3.15 s
  reached_strict=True reached_5cm=True min_err=0.0196 violation=False safe_stall=False

=== [29/60] bk_mbd seed=4 target=4 (0.4, 0.28, 0.22) ===
loaded=/home/home/mbd/koopman/mbd_koopman/out/franka/models/bk_seed4.pt
tube disabled (tube_mode none): plain bilinear rollout, no penalty
adaptive noise: ON (full schedule at err >= 0.4 m, floor 0.05)
warm-up: 3 throwaway plans
[  1.00s] target 0 err=0.473 m | 20 plans, recent 52 ms/plan (19.9 Hz)
[  2.04s] target 0 err=0.472 m | 40 plans, recent 51 ms/plan (19.6 Hz)
[  3.07s] target 0 err=0.481 m | 60 plans, recent 51 ms/plan (19.6 Hz)
[  4.09s] target 0 err=0.492 m | 80 plans, recent 50 ms/plan (19.5 Hz)
[  5.11s] target 0 err=0.509 m | 100 plans, recent 50 ms/plan (19.6 Hz)
[  6.13s] target 0 err=0.508 m | 120 plans, recent 50 ms/plan (19.6 Hz)
[  7.16s] target 0 err=0.537 m | 140 plans, recent 50 ms/plan (19.6 Hz)
[  8.19s] target 0 err=0.504 m | 160 plans, recent 50 ms/plan (19.5 Hz)
[  9.19s] target 0 err=0.144 m | 180 plans, recent 49 ms/plan (19.6 Hz)
[ 10.23s] target 0 err=0.128 m | 200 plans, recent 51 ms/plan (19.5 Hz)
[ 11.27s] target 0 err=0.177 m | 221 plans, recent 48 ms/plan (19.6 Hz)
[ 12.30s] target 0 err=0.094 m | 242 plans, recent 48 ms/plan (19.7 Hz)
[ 13.34s] target 0 err=0.133 m | 263 plans, recent 48 ms/plan (19.7 Hz)
[ 14.37s] target 0 err=0.311 m | 284 plans, recent 48 ms/plan (19.8 Hz)
[ 15.37s] target 0 err=0.329 m | 304 plans, recent 49 ms/plan (19.8 Hz)
[ 16.37s] target 0 err=0.303 m | 324 plans, recent 49 ms/plan (19.8 Hz)
[ 17.41s] target 0 err=0.330 m | 345 plans, recent 48 ms/plan (19.8 Hz)
[ 18.44s] target 0 err=0.389 m | 366 plans, recent 48 ms/plan (19.8 Hz)
[ 19.47s] target 0 err=0.285 m | 387 plans, recent 48 ms/plan (19.9 Hz)
[ 20.51s] target 0 err=0.350 m | 408 plans, recent 48 ms/plan (19.9 Hz)
[ 21.53s] target 0 err=0.313 m | 428 plans, recent 50 ms/plan (19.9 Hz)
[ 22.55s] target 0 err=0.285 m | 448 plans, recent 50 ms/plan (19.9 Hz)
[ 23.60s] target 0 err=0.325 m | 469 plans, recent 49 ms/plan (19.9 Hz)
[ 24.65s] target 0 err=0.287 m | 490 plans, recent 49 ms/plan (19.9 Hz)
[ 25.69s] target 0 err=0.222 m | 511 plans, recent 48 ms/plan (19.9 Hz)
[ 26.69s] target 0 err=0.230 m | 531 plans, recent 49 ms/plan (19.9 Hz)
[ 27.70s] target 0 err=0.360 m | 551 plans, recent 49 ms/plan (19.9 Hz)
[ 28.73s] target 0 err=0.327 m | 571 plans, recent 50 ms/plan (19.9 Hz)
[ 29.75s] target 0 err=0.211 m | 591 plans, recent 50 ms/plan (19.9 Hz)
  reached_strict=False reached_5cm=False min_err=0.0722 violation=False safe_stall=True

=== [30/60] bk_mbd seed=4 target=5 (0.48, 0.33, 0.19) ===
loaded=/home/home/mbd/koopman/mbd_koopman/out/franka/models/bk_seed4.pt
tube disabled (tube_mode none): plain bilinear rollout, no penalty
adaptive noise: ON (full schedule at err >= 0.4 m, floor 0.05)
warm-up: 3 throwaway plans
[  1.03s] target 0 err=0.542 m | 21 plans, recent 51 ms/plan (20.3 Hz)
[  2.06s] target 0 err=0.547 m | 41 plans, recent 50 ms/plan (19.9 Hz)
[  3.09s] target 0 err=0.522 m | 61 plans, recent 51 ms/plan (19.7 Hz)
[  4.14s] target 0 err=0.582 m | 81 plans, recent 51 ms/plan (19.6 Hz)
[  5.17s] target 0 err=0.597 m | 101 plans, recent 50 ms/plan (19.6 Hz)
[  6.19s] target 0 err=0.545 m | 121 plans, recent 50 ms/plan (19.5 Hz)
[  7.20s] target 0 err=0.150 m | 141 plans, recent 50 ms/plan (19.6 Hz)
[  8.22s] target 0 err=0.092 m | 161 plans, recent 50 ms/plan (19.6 Hz)
[  8.55s] target 0 strict reach (22.4 mm) in 8.55 s
  reached_strict=True reached_5cm=True min_err=0.0224 violation=False safe_stall=False

=== [31/60] sqp_mpc seed=0 target=0 (0.45, 0.3, 0.2) ===
loaded=/home/home/mbd/koopman/mbd_koopman/out/franka/models/bk_seed0.pt
SQP-MPC: 3 SQP re-freezes, act_dist 999.0, whole_arm=True, 1 box(es), 62 keep-out rows/step (compiled once, DPP)
/home/home/mbd/koopman/mbd_koopman/secy/sqp_mpc.py:286: UserWarning: Solution may be inaccurate. Try another solver, adjusting the solver settings, or solve with verbose=True for more information.
  self.prob.solve(**self._solve_kw)
warm-up: 3 throwaway plans
[  1.07s] target 0 err=0.558 m | 6 plans, recent 214 ms/plan (5.6 Hz)
[  2.14s] target 0 err=0.588 m | 12 plans, recent 189 ms/plan (5.6 Hz)
[  3.24s] target 0 err=0.539 m | 20 plans, recent 167 ms/plan (6.2 Hz)
[  4.32s] target 0 err=0.506 m | 29 plans, recent 127 ms/plan (6.7 Hz)
[  5.38s] target 0 err=0.510 m | 37 plans, recent 128 ms/plan (6.9 Hz)
[  6.40s] target 0 err=0.516 m | 46 plans, recent 121 ms/plan (7.2 Hz)
[  7.45s] target 0 err=0.516 m | 55 plans, recent 117 ms/plan (7.4 Hz)
[  8.54s] target 0 err=0.510 m | 66 plans, recent 105 ms/plan (7.7 Hz)
[  9.63s] target 0 err=0.508 m | 76 plans, recent 103 ms/plan (7.9 Hz)
[ 10.65s] target 0 err=0.508 m | 87 plans, recent 99 ms/plan (8.2 Hz)
[ 11.70s] target 0 err=0.506 m | 97 plans, recent 97 ms/plan (8.3 Hz)
[ 12.72s] target 0 err=0.507 m | 105 plans, recent 114 ms/plan (8.3 Hz)
[ 13.78s] target 0 err=0.498 m | 114 plans, recent 117 ms/plan (8.3 Hz)
[ 14.82s] target 0 err=0.479 m | 124 plans, recent 110 ms/plan (8.4 Hz)
[ 15.95s] target 0 err=0.460 m | 134 plans, recent 109 ms/plan (8.4 Hz)
[ 17.14s] target 0 err=0.461 m | 141 plans, recent 139 ms/plan (8.2 Hz)
[ 18.20s] target 0 err=0.473 m | 146 plans, recent 163 ms/plan (8.0 Hz)
[ 19.31s] target 0 err=0.468 m | 152 plans, recent 182 ms/plan (7.9 Hz)
[ 20.45s] target 0 err=0.466 m | 159 plans, recent 183 ms/plan (7.8 Hz)
[ 21.46s] target 0 err=0.465 m | 165 plans, recent 173 ms/plan (7.7 Hz)
[ 22.49s] target 0 err=0.462 m | 170 plans, recent 173 ms/plan (7.6 Hz)
[ 23.57s] target 0 err=0.503 m | 176 plans, recent 180 ms/plan (7.5 Hz)
[ 24.73s] target 0 err=0.546 m | 181 plans, recent 206 ms/plan (7.3 Hz)
[ 25.88s] target 0 err=0.596 m | 186 plans, recent 209 ms/plan (7.2 Hz)
[ 26.92s] target 0 err=0.629 m | 191 plans, recent 210 ms/plan (7.1 Hz)
[ 27.92s] target 0 err=0.655 m | 196 plans, recent 218 ms/plan (7.0 Hz)
[ 29.02s] target 0 err=0.691 m | 202 plans, recent 197 ms/plan (7.0 Hz)
[ 30.15s] target 0 err=0.721 m | 208 plans, recent 194 ms/plan (6.9 Hz)
[ 31.17s] target 0 err=0.734 m | 214 plans, recent 178 ms/plan (6.9 Hz)
[ 32.27s] target 0 err=0.721 m | 222 plans, recent 161 ms/plan (6.9 Hz)
[ 33.33s] target 0 err=0.688 m | 228 plans, recent 153 ms/plan (6.8 Hz)
[ 34.53s] target 0 err=0.650 m | 234 plans, recent 169 ms/plan (6.8 Hz)
[ 35.54s] target 0 err=0.624 m | 239 plans, recent 190 ms/plan (6.7 Hz)
[ 36.72s] target 0 err=0.581 m | 244 plans, recent 209 ms/plan (6.6 Hz)
[ 37.74s] target 0 err=0.556 m | 249 plans, recent 213 ms/plan (6.6 Hz)
[ 38.76s] target 0 err=0.549 m | 254 plans, recent 214 ms/plan (6.6 Hz)
[ 39.79s] target 0 err=0.549 m | 259 plans, recent 211 ms/plan (6.5 Hz)
[ 40.84s] target 0 err=0.545 m | 264 plans, recent 206 ms/plan (6.5 Hz)
[ 42.04s] target 0 err=0.542 m | 270 plans, recent 205 ms/plan (6.4 Hz)
[ 43.13s] target 0 err=0.539 m | 275 plans, recent 206 ms/plan (6.4 Hz)
[ 44.21s] target 0 err=0.537 m | 280 plans, recent 210 ms/plan (6.3 Hz)
[ 45.22s] target 0 err=0.535 m | 285 plans, recent 212 ms/plan (6.3 Hz)
[ 46.27s] target 0 err=0.534 m | 289 plans, recent 220 ms/plan (6.2 Hz)
[ 47.37s] target 0 err=0.533 m | 295 plans, recent 214 ms/plan (6.2 Hz)
[ 48.62s] target 0 err=0.533 m | 300 plans, recent 219 ms/plan (6.2 Hz)
[ 49.68s] target 0 err=0.533 m | 305 plans, recent 220 ms/plan (6.1 Hz)
[ 50.78s] target 0 err=0.534 m | 310 plans, recent 214 ms/plan (6.1 Hz)
[ 51.93s] target 0 err=0.539 m | 316 plans, recent 215 ms/plan (6.1 Hz)
[ 53.02s] target 0 err=0.551 m | 320 plans, recent 219 ms/plan (6.0 Hz)
[ 54.11s] target 0 err=0.573 m | 325 plans, recent 214 ms/plan (6.0 Hz)
[ 55.13s] target 0 err=0.588 m | 330 plans, recent 223 ms/plan (6.0 Hz)
[ 56.34s] target 0 err=0.578 m | 335 plans, recent 232 ms/plan (5.9 Hz)
[ 57.43s] target 0 err=0.557 m | 340 plans, recent 219 ms/plan (5.9 Hz)
[ 58.54s] target 0 err=0.535 m | 345 plans, recent 225 ms/plan (5.9 Hz)
[ 59.69s] target 0 err=0.514 m | 351 plans, recent 215 ms/plan (5.9 Hz)
[ 60.97s] target 0 err=0.495 m | 357 plans, recent 206 ms/plan (5.9 Hz)
[ 62.01s] target 0 err=0.486 m | 363 plans, recent 196 ms/plan (5.9 Hz)
[ 63.04s] target 0 err=0.473 m | 368 plans, recent 202 ms/plan (5.8 Hz)
[ 64.18s] target 0 err=0.482 m | 373 plans, recent 202 ms/plan (5.8 Hz)
[ 65.41s] target 0 err=0.502 m | 378 plans, recent 208 ms/plan (5.8 Hz)
[ 66.49s] target 0 err=0.512 m | 383 plans, recent 224 ms/plan (5.8 Hz)
[ 67.67s] target 0 err=0.513 m | 389 plans, recent 219 ms/plan (5.7 Hz)
[ 68.74s] target 0 err=0.513 m | 395 plans, recent 201 ms/plan (5.7 Hz)
[ 69.86s] target 0 err=0.515 m | 401 plans, recent 185 ms/plan (5.7 Hz)
[ 70.99s] target 0 err=0.516 m | 407 plans, recent 187 ms/plan (5.7 Hz)
[ 72.17s] target 0 err=0.506 m | 412 plans, recent 200 ms/plan (5.7 Hz)
[ 73.25s] target 0 err=0.497 m | 418 plans, recent 195 ms/plan (5.7 Hz)
[ 74.35s] target 0 err=0.495 m | 424 plans, recent 191 ms/plan (5.7 Hz)
[ 75.54s] target 0 err=0.494 m | 430 plans, recent 189 ms/plan (5.7 Hz)
[ 76.58s] target 0 err=0.493 m | 435 plans, recent 198 ms/plan (5.7 Hz)
[ 77.64s] target 0 err=0.488 m | 440 plans, recent 202 ms/plan (5.7 Hz)
[ 78.65s] target 0 err=0.561 m | 446 plans, recent 195 ms/plan (5.7 Hz)
[ 79.81s] target 0 err=0.484 m | 451 plans, recent 202 ms/plan (5.7 Hz)
[ 80.84s] target 0 err=0.454 m | 456 plans, recent 199 ms/plan (5.6 Hz)
[ 81.91s] target 0 err=0.469 m | 462 plans, recent 199 ms/plan (5.6 Hz)
[ 83.02s] target 0 err=0.499 m | 468 plans, recent 188 ms/plan (5.6 Hz)
[ 84.06s] target 0 err=0.470 m | 476 plans, recent 159 ms/plan (5.7 Hz)
[ 85.17s] target 0 err=0.455 m | 484 plans, recent 141 ms/plan (5.7 Hz)
[ 86.26s] target 0 err=0.480 m | 492 plans, recent 139 ms/plan (5.7 Hz)
[ 87.31s] target 0 err=0.517 m | 499 plans, recent 143 ms/plan (5.7 Hz)
[ 88.34s] target 0 err=0.565 m | 506 plans, recent 141 ms/plan (5.7 Hz)
[ 89.41s] target 0 err=0.597 m | 513 plans, recent 150 ms/plan (5.7 Hz)
[ 90.42s] target 0 err=0.634 m | 518 plans, recent 165 ms/plan (5.7 Hz)
[ 91.44s] target 0 err=0.666 m | 524 plans, recent 165 ms/plan (5.7 Hz)
[ 92.45s] target 0 err=0.683 m | 530 plans, recent 176 ms/plan (5.7 Hz)
[ 93.50s] target 0 err=0.687 m | 537 plans, recent 160 ms/plan (5.7 Hz)
[ 94.55s] target 0 err=0.674 m | 543 plans, recent 164 ms/plan (5.7 Hz)
[ 95.56s] target 0 err=0.673 m | 549 plans, recent 166 ms/plan (5.7 Hz)
[ 96.67s] target 0 err=0.666 m | 555 plans, recent 168 ms/plan (5.7 Hz)
[ 97.68s] target 0 err=0.651 m | 563 plans, recent 155 ms/plan (5.8 Hz)
[ 98.71s] target 0 err=0.635 m | 569 plans, recent 152 ms/plan (5.8 Hz)
[ 99.74s] target 0 err=0.608 m | 574 plans, recent 165 ms/plan (5.8 Hz)
[100.86s] target 0 err=0.570 m | 579 plans, recent 192 ms/plan (5.7 Hz)
[101.86s] target 0 err=0.542 m | 583 plans, recent 211 ms/plan (5.7 Hz)
[102.88s] target 0 err=0.524 m | 587 plans, recent 226 ms/plan (5.7 Hz)
[104.04s] target 0 err=0.515 m | 592 plans, recent 235 ms/plan (5.7 Hz)
[105.24s] target 0 err=0.515 m | 597 plans, recent 238 ms/plan (5.7 Hz)
  reached_strict=False reached_5cm=False min_err=0.4541 violation=False safe_stall=True

=== [32/60] sqp_mpc seed=0 target=1 (0.55, 0.3, 0.2) ===
loaded=/home/home/mbd/koopman/mbd_koopman/out/franka/models/bk_seed0.pt
SQP-MPC: 3 SQP re-freezes, act_dist 999.0, whole_arm=True, 1 box(es), 62 keep-out rows/step (compiled once, DPP)
warm-up: 3 throwaway plans
[  1.16s] target 0 err=0.554 m | 6 plans, recent 234 ms/plan (5.2 Hz)
[  2.21s] target 0 err=0.515 m | 11 plans, recent 217 ms/plan (5.0 Hz)
[  3.49s] target 0 err=0.633 m | 17 plans, recent 217 ms/plan (4.9 Hz)
[  4.76s] target 0 err=0.620 m | 22 plans, recent 224 ms/plan (4.6 Hz)
[  5.98s] target 0 err=0.557 m | 29 plans, recent 202 ms/plan (4.8 Hz)
[  6.99s] target 0 err=0.518 m | 35 plans, recent 196 ms/plan (5.0 Hz)
[  8.13s] target 0 err=0.514 m | 42 plans, recent 164 ms/plan (5.2 Hz)
[  9.22s] target 0 err=0.536 m | 49 plans, recent 164 ms/plan (5.3 Hz)
[ 10.33s] target 0 err=0.550 m | 56 plans, recent 154 ms/plan (5.4 Hz)
[ 11.35s] target 0 err=0.560 m | 61 plans, recent 174 ms/plan (5.4 Hz)
[ 12.62s] target 0 err=0.589 m | 66 plans, recent 195 ms/plan (5.2 Hz)
[ 13.78s] target 0 err=0.632 m | 71 plans, recent 213 ms/plan (5.2 Hz)
[ 14.84s] target 0 err=0.678 m | 76 plans, recent 229 ms/plan (5.1 Hz)
[ 16.05s] target 0 err=0.687 m | 82 plans, recent 216 ms/plan (5.1 Hz)
[ 17.05s] target 0 err=0.728 m | 87 plans, recent 204 ms/plan (5.1 Hz)
[ 18.10s] target 0 err=0.771 m | 93 plans, recent 188 ms/plan (5.1 Hz)
[ 19.17s] target 0 err=0.790 m | 99 plans, recent 183 ms/plan (5.2 Hz)
[ 20.32s] target 0 err=0.744 m | 106 plans, recent 175 ms/plan (5.2 Hz)
[ 21.32s] target 0 err=0.590 m | 111 plans, recent 181 ms/plan (5.2 Hz)
[ 22.53s] target 0 err=0.564 m | 117 plans, recent 184 ms/plan (5.2 Hz)
[ 23.64s] target 0 err=0.497 m | 123 plans, recent 191 ms/plan (5.2 Hz)
[ 24.75s] target 0 err=0.444 m | 129 plans, recent 194 ms/plan (5.2 Hz)
[ 25.86s] target 0 err=0.413 m | 134 plans, recent 202 ms/plan (5.2 Hz)
[ 27.08s] target 0 err=0.401 m | 140 plans, recent 199 ms/plan (5.2 Hz)
[ 28.15s] target 0 err=0.442 m | 145 plans, recent 209 ms/plan (5.2 Hz)
[ 29.30s] target 0 err=0.479 m | 150 plans, recent 213 ms/plan (5.1 Hz)
[ 30.57s] target 0 err=0.461 m | 155 plans, recent 229 ms/plan (5.1 Hz)
[ 31.79s] target 0 err=0.447 m | 160 plans, recent 233 ms/plan (5.0 Hz)
[ 32.89s] target 0 err=0.411 m | 165 plans, recent 234 ms/plan (5.0 Hz)
[ 34.08s] target 0 err=0.403 m | 170 plans, recent 238 ms/plan (5.0 Hz)
[ 35.26s] target 0 err=0.399 m | 175 plans, recent 232 ms/plan (5.0 Hz)
[ 36.40s] target 0 err=0.394 m | 180 plans, recent 233 ms/plan (4.9 Hz)
[ 37.61s] target 0 err=0.398 m | 185 plans, recent 234 ms/plan (4.9 Hz)
[ 38.61s] target 0 err=0.406 m | 189 plans, recent 238 ms/plan (4.9 Hz)
[ 39.72s] target 0 err=0.414 m | 194 plans, recent 233 ms/plan (4.9 Hz)
[ 40.89s] target 0 err=0.421 m | 199 plans, recent 236 ms/plan (4.9 Hz)
[ 41.97s] target 0 err=0.424 m | 204 plans, recent 224 ms/plan (4.9 Hz)
[ 43.12s] target 0 err=0.426 m | 209 plans, recent 223 ms/plan (4.8 Hz)
[ 44.25s] target 0 err=0.427 m | 214 plans, recent 225 ms/plan (4.8 Hz)
[ 45.43s] target 0 err=0.427 m | 219 plans, recent 225 ms/plan (4.8 Hz)
[ 46.67s] target 0 err=0.426 m | 224 plans, recent 236 ms/plan (4.8 Hz)
[ 47.70s] target 0 err=0.425 m | 229 plans, recent 226 ms/plan (4.8 Hz)
[ 48.80s] target 0 err=0.425 m | 234 plans, recent 229 ms/plan (4.8 Hz)
[ 50.03s] target 0 err=0.425 m | 239 plans, recent 231 ms/plan (4.8 Hz)
[ 51.09s] target 0 err=0.426 m | 244 plans, recent 225 ms/plan (4.8 Hz)
[ 52.11s] target 0 err=0.425 m | 248 plans, recent 234 ms/plan (4.8 Hz)
[ 53.30s] target 0 err=0.424 m | 253 plans, recent 232 ms/plan (4.7 Hz)
[ 54.39s] target 0 err=0.424 m | 258 plans, recent 229 ms/plan (4.7 Hz)
[ 55.51s] target 0 err=0.424 m | 263 plans, recent 231 ms/plan (4.7 Hz)
[ 56.77s] target 0 err=0.423 m | 268 plans, recent 231 ms/plan (4.7 Hz)
[ 57.87s] target 0 err=0.423 m | 273 plans, recent 233 ms/plan (4.7 Hz)
[ 59.15s] target 0 err=0.423 m | 278 plans, recent 236 ms/plan (4.7 Hz)
[ 60.36s] target 0 err=0.422 m | 283 plans, recent 237 ms/plan (4.7 Hz)
[ 61.39s] target 0 err=0.423 m | 289 plans, recent 220 ms/plan (4.7 Hz)
[ 62.62s] target 0 err=0.423 m | 294 plans, recent 219 ms/plan (4.7 Hz)
[ 63.75s] target 0 err=0.422 m | 300 plans, recent 207 ms/plan (4.7 Hz)
[ 64.92s] target 0 err=0.422 m | 305 plans, recent 218 ms/plan (4.7 Hz)
[ 66.06s] target 0 err=0.422 m | 310 plans, recent 221 ms/plan (4.7 Hz)
[ 67.27s] target 0 err=0.422 m | 315 plans, recent 224 ms/plan (4.7 Hz)
[ 68.30s] target 0 err=0.422 m | 319 plans, recent 239 ms/plan (4.7 Hz)
[ 69.44s] target 0 err=0.421 m | 324 plans, recent 233 ms/plan (4.7 Hz)
[ 70.64s] target 0 err=0.423 m | 330 plans, recent 225 ms/plan (4.7 Hz)
[ 71.66s] target 0 err=0.423 m | 334 plans, recent 229 ms/plan (4.7 Hz)
[ 72.90s] target 0 err=0.422 m | 339 plans, recent 230 ms/plan (4.7 Hz)
[ 74.15s] target 0 err=0.422 m | 344 plans, recent 239 ms/plan (4.6 Hz)
[ 75.23s] target 0 err=0.422 m | 349 plans, recent 238 ms/plan (4.6 Hz)
[ 76.29s] target 0 err=0.422 m | 354 plans, recent 234 ms/plan (4.6 Hz)
[ 77.46s] target 0 err=0.422 m | 359 plans, recent 222 ms/plan (4.6 Hz)
[ 78.66s] target 0 err=0.422 m | 365 plans, recent 208 ms/plan (4.6 Hz)
[ 79.79s] target 0 err=0.422 m | 370 plans, recent 213 ms/plan (4.6 Hz)
[ 80.89s] target 0 err=0.422 m | 375 plans, recent 213 ms/plan (4.6 Hz)
[ 81.94s] target 0 err=0.422 m | 380 plans, recent 214 ms/plan (4.6 Hz)
[ 83.05s] target 0 err=0.421 m | 385 plans, recent 222 ms/plan (4.6 Hz)
[ 84.22s] target 0 err=0.422 m | 391 plans, recent 208 ms/plan (4.6 Hz)
[ 85.47s] target 0 err=0.422 m | 396 plans, recent 222 ms/plan (4.6 Hz)
[ 86.47s] target 0 err=0.422 m | 401 plans, recent 214 ms/plan (4.6 Hz)
[ 87.60s] target 0 err=0.422 m | 406 plans, recent 215 ms/plan (4.6 Hz)
[ 88.60s] target 0 err=0.421 m | 410 plans, recent 230 ms/plan (4.6 Hz)
[ 89.81s] target 0 err=0.421 m | 416 plans, recent 219 ms/plan (4.6 Hz)
[ 90.98s] target 0 err=0.421 m | 421 plans, recent 222 ms/plan (4.6 Hz)
[ 92.02s] target 0 err=0.422 m | 426 plans, recent 219 ms/plan (4.6 Hz)
[ 93.15s] target 0 err=0.422 m | 431 plans, recent 219 ms/plan (4.6 Hz)
[ 94.34s] target 0 err=0.422 m | 436 plans, recent 226 ms/plan (4.6 Hz)
[ 95.59s] target 0 err=0.421 m | 441 plans, recent 228 ms/plan (4.6 Hz)
[ 96.76s] target 0 err=0.421 m | 446 plans, recent 234 ms/plan (4.6 Hz)
[ 97.85s] target 0 err=0.421 m | 451 plans, recent 230 ms/plan (4.6 Hz)
[ 98.88s] target 0 err=0.421 m | 455 plans, recent 240 ms/plan (4.6 Hz)
[100.08s] target 0 err=0.421 m | 460 plans, recent 234 ms/plan (4.6 Hz)
[101.09s] target 0 err=0.421 m | 465 plans, recent 226 ms/plan (4.6 Hz)
[102.20s] target 0 err=0.422 m | 470 plans, recent 227 ms/plan (4.6 Hz)
[103.33s] target 0 err=0.422 m | 475 plans, recent 218 ms/plan (4.6 Hz)
[104.58s] target 0 err=0.421 m | 480 plans, recent 222 ms/plan (4.6 Hz)
[105.70s] target 0 err=0.421 m | 486 plans, recent 217 ms/plan (4.6 Hz)
[106.94s] target 0 err=0.421 m | 491 plans, recent 223 ms/plan (4.6 Hz)
[107.97s] target 0 err=0.421 m | 496 plans, recent 220 ms/plan (4.6 Hz)
[109.06s] target 0 err=0.422 m | 501 plans, recent 216 ms/plan (4.6 Hz)
[110.27s] target 0 err=0.422 m | 506 plans, recent 231 ms/plan (4.6 Hz)
[111.38s] target 0 err=0.422 m | 511 plans, recent 221 ms/plan (4.6 Hz)
[112.39s] target 0 err=0.422 m | 516 plans, recent 221 ms/plan (4.6 Hz)
[113.55s] target 0 err=0.421 m | 521 plans, recent 222 ms/plan (4.6 Hz)
[114.60s] target 0 err=0.421 m | 526 plans, recent 213 ms/plan (4.6 Hz)
[115.71s] target 0 err=0.421 m | 531 plans, recent 218 ms/plan (4.6 Hz)
[116.75s] target 0 err=0.421 m | 535 plans, recent 228 ms/plan (4.6 Hz)
[117.91s] target 0 err=0.421 m | 540 plans, recent 229 ms/plan (4.6 Hz)
[119.11s] target 0 err=0.421 m | 545 plans, recent 236 ms/plan (4.6 Hz)
[120.15s] target 0 err=0.421 m | 550 plans, recent 234 ms/plan (4.6 Hz)
[121.32s] target 0 err=0.421 m | 555 plans, recent 226 ms/plan (4.6 Hz)
[122.38s] target 0 err=0.421 m | 560 plans, recent 221 ms/plan (4.6 Hz)
[123.51s] target 0 err=0.422 m | 565 plans, recent 222 ms/plan (4.6 Hz)
[124.73s] target 0 err=0.422 m | 570 plans, recent 227 ms/plan (4.6 Hz)
[125.78s] target 0 err=0.421 m | 574 plans, recent 236 ms/plan (4.6 Hz)
[126.91s] target 0 err=0.421 m | 579 plans, recent 234 ms/plan (4.6 Hz)
[127.97s] target 0 err=0.421 m | 584 plans, recent 236 ms/plan (4.6 Hz)
[129.19s] target 0 err=0.422 m | 589 plans, recent 236 ms/plan (4.6 Hz)
[130.38s] target 0 err=0.422 m | 594 plans, recent 229 ms/plan (4.6 Hz)
[131.46s] target 0 err=0.421 m | 598 plans, recent 237 ms/plan (4.5 Hz)
  reached_strict=False reached_5cm=False min_err=0.3944 violation=False safe_stall=True

=== [33/60] sqp_mpc seed=0 target=2 (0.35, 0.32, 0.22) ===
loaded=/home/home/mbd/koopman/mbd_koopman/out/franka/models/bk_seed0.pt
SQP-MPC: 3 SQP re-freezes, act_dist 999.0, whole_arm=True, 1 box(es), 62 keep-out rows/step (compiled once, DPP)
warm-up: 3 throwaway plans
[  1.15s] target 0 err=0.608 m | 7 plans, recent 184 ms/plan (6.1 Hz)
[  2.36s] target 0 err=0.567 m | 13 plans, recent 197 ms/plan (5.5 Hz)
[  3.48s] target 0 err=0.605 m | 18 plans, recent 203 ms/plan (5.2 Hz)
[  4.49s] target 0 err=0.605 m | 24 plans, recent 199 ms/plan (5.3 Hz)
[  5.67s] target 0 err=0.607 m | 30 plans, recent 200 ms/plan (5.3 Hz)
[  6.78s] target 0 err=0.568 m | 36 plans, recent 185 ms/plan (5.3 Hz)
[  7.98s] target 0 err=0.589 m | 41 plans, recent 204 ms/plan (5.1 Hz)
[  9.15s] target 0 err=0.605 m | 46 plans, recent 211 ms/plan (5.0 Hz)
[ 10.27s] target 0 err=0.611 m | 50 plans, recent 232 ms/plan (4.9 Hz)
[ 11.36s] target 0 err=0.596 m | 54 plans, recent 250 ms/plan (4.8 Hz)
[ 12.64s] target 0 err=0.536 m | 59 plans, recent 260 ms/plan (4.7 Hz)
[ 13.88s] target 0 err=0.423 m | 64 plans, recent 258 ms/plan (4.6 Hz)
[ 15.05s] target 0 err=0.376 m | 69 plans, recent 245 ms/plan (4.6 Hz)
[ 16.22s] target 0 err=0.372 m | 75 plans, recent 231 ms/plan (4.6 Hz)
[ 17.29s] target 0 err=0.366 m | 80 plans, recent 213 ms/plan (4.6 Hz)
[ 18.30s] target 0 err=0.359 m | 85 plans, recent 208 ms/plan (4.6 Hz)
[ 19.46s] target 0 err=0.345 m | 91 plans, recent 202 ms/plan (4.7 Hz)
[ 20.62s] target 0 err=0.359 m | 96 plans, recent 206 ms/plan (4.7 Hz)
[ 21.70s] target 0 err=0.406 m | 102 plans, recent 192 ms/plan (4.7 Hz)
[ 22.80s] target 0 err=0.445 m | 110 plans, recent 173 ms/plan (4.8 Hz)
[ 23.92s] target 0 err=0.486 m | 118 plans, recent 144 ms/plan (4.9 Hz)
[ 24.99s] target 0 err=0.528 m | 125 plans, recent 143 ms/plan (5.0 Hz)
[ 26.12s] target 0 err=0.571 m | 132 plans, recent 155 ms/plan (5.1 Hz)
[ 27.14s] target 0 err=0.608 m | 138 plans, recent 155 ms/plan (5.1 Hz)
[ 28.18s] target 0 err=0.645 m | 144 plans, recent 166 ms/plan (5.1 Hz)
[ 29.20s] target 0 err=0.686 m | 149 plans, recent 181 ms/plan (5.1 Hz)
[ 30.27s] target 0 err=0.769 m | 157 plans, recent 160 ms/plan (5.2 Hz)
[ 31.36s] target 0 err=0.838 m | 165 plans, recent 143 ms/plan (5.3 Hz)
[ 32.55s] target 0 err=0.875 m | 173 plans, recent 142 ms/plan (5.3 Hz)
[ 33.62s] target 0 err=0.819 m | 179 plans, recent 164 ms/plan (5.3 Hz)
[ 34.73s] target 0 err=0.715 m | 185 plans, recent 170 ms/plan (5.3 Hz)
[ 35.97s] target 0 err=0.591 m | 192 plans, recent 184 ms/plan (5.3 Hz)
[ 37.10s] target 0 err=0.536 m | 197 plans, recent 191 ms/plan (5.3 Hz)
[ 38.13s] target 0 err=0.529 m | 202 plans, recent 200 ms/plan (5.3 Hz)
[ 39.16s] target 0 err=0.510 m | 207 plans, recent 208 ms/plan (5.3 Hz)
[ 40.26s] target 0 err=0.489 m | 213 plans, recent 200 ms/plan (5.3 Hz)
[ 41.47s] target 0 err=0.482 m | 218 plans, recent 211 ms/plan (5.3 Hz)
[ 42.53s] target 0 err=0.471 m | 222 plans, recent 220 ms/plan (5.2 Hz)
[ 43.76s] target 0 err=0.458 m | 227 plans, recent 233 ms/plan (5.2 Hz)
[ 44.86s] target 0 err=0.446 m | 231 plans, recent 256 ms/plan (5.1 Hz)
[ 46.07s] target 0 err=0.428 m | 236 plans, recent 257 ms/plan (5.1 Hz)
[ 47.20s] target 0 err=0.409 m | 240 plans, recent 258 ms/plan (5.1 Hz)
[ 48.21s] target 0 err=0.386 m | 244 plans, recent 261 ms/plan (5.1 Hz)
[ 49.29s] target 0 err=0.365 m | 248 plans, recent 262 ms/plan (5.0 Hz)
[ 50.42s] target 0 err=0.373 m | 252 plans, recent 263 ms/plan (5.0 Hz)
[ 51.55s] target 0 err=0.383 m | 256 plans, recent 273 ms/plan (5.0 Hz)
[ 52.68s] target 0 err=0.411 m | 260 plans, recent 274 ms/plan (4.9 Hz)
[ 53.81s] target 0 err=0.420 m | 264 plans, recent 272 ms/plan (4.9 Hz)
[ 54.91s] target 0 err=0.351 m | 270 plans, recent 245 ms/plan (4.9 Hz)
[ 56.07s] target 0 err=0.302 m | 275 plans, recent 239 ms/plan (4.9 Hz)
[ 57.09s] target 0 err=0.350 m | 279 plans, recent 231 ms/plan (4.9 Hz)
[ 58.15s] target 0 err=0.351 m | 284 plans, recent 223 ms/plan (4.9 Hz)
[ 59.30s] target 0 err=0.328 m | 289 plans, recent 229 ms/plan (4.9 Hz)
[ 60.37s] target 0 err=0.310 m | 294 plans, recent 222 ms/plan (4.9 Hz)
[ 61.45s] target 0 err=0.289 m | 300 plans, recent 204 ms/plan (4.9 Hz)
[ 62.69s] target 0 err=0.279 m | 305 plans, recent 216 ms/plan (4.9 Hz)
[ 63.81s] target 0 err=0.282 m | 310 plans, recent 218 ms/plan (4.9 Hz)
[ 64.89s] target 0 err=0.288 m | 315 plans, recent 220 ms/plan (4.9 Hz)
[ 66.03s] target 0 err=0.291 m | 320 plans, recent 224 ms/plan (4.8 Hz)
[ 67.11s] target 0 err=0.289 m | 325 plans, recent 218 ms/plan (4.8 Hz)
[ 68.12s] target 0 err=0.287 m | 330 plans, recent 211 ms/plan (4.8 Hz)
[ 69.17s] target 0 err=0.286 m | 335 plans, recent 206 ms/plan (4.8 Hz)
[ 70.25s] target 0 err=0.287 m | 341 plans, recent 207 ms/plan (4.9 Hz)
[ 71.36s] target 0 err=0.290 m | 346 plans, recent 203 ms/plan (4.8 Hz)
[ 72.43s] target 0 err=0.292 m | 351 plans, recent 203 ms/plan (4.8 Hz)
[ 73.60s] target 0 err=0.294 m | 357 plans, recent 209 ms/plan (4.9 Hz)
[ 74.74s] target 0 err=0.293 m | 364 plans, recent 192 ms/plan (4.9 Hz)
[ 75.82s] target 0 err=0.293 m | 369 plans, recent 197 ms/plan (4.9 Hz)
[ 76.92s] target 0 err=0.295 m | 373 plans, recent 208 ms/plan (4.8 Hz)
[ 77.95s] target 0 err=0.312 m | 378 plans, recent 211 ms/plan (4.8 Hz)
[ 79.10s] target 0 err=0.333 m | 384 plans, recent 214 ms/plan (4.9 Hz)
[ 80.30s] target 0 err=0.318 m | 389 plans, recent 218 ms/plan (4.8 Hz)
[ 81.38s] target 0 err=0.311 m | 394 plans, recent 213 ms/plan (4.8 Hz)
[ 82.51s] target 0 err=0.311 m | 400 plans, recent 208 ms/plan (4.8 Hz)
[ 83.58s] target 0 err=0.316 m | 406 plans, recent 204 ms/plan (4.9 Hz)
[ 84.63s] target 0 err=0.323 m | 411 plans, recent 191 ms/plan (4.9 Hz)
[ 85.77s] target 0 err=0.333 m | 417 plans, recent 194 ms/plan (4.9 Hz)
[ 86.93s] target 0 err=0.335 m | 422 plans, recent 204 ms/plan (4.9 Hz)
[ 88.03s] target 0 err=0.347 m | 427 plans, recent 212 ms/plan (4.9 Hz)
[ 89.07s] target 0 err=0.366 m | 431 plans, recent 222 ms/plan (4.8 Hz)
[ 90.13s] target 0 err=0.387 m | 436 plans, recent 231 ms/plan (4.8 Hz)
[ 91.23s] target 0 err=0.400 m | 441 plans, recent 220 ms/plan (4.8 Hz)
[ 92.28s] target 0 err=0.398 m | 446 plans, recent 222 ms/plan (4.8 Hz)
[ 93.36s] target 0 err=0.394 m | 451 plans, recent 216 ms/plan (4.8 Hz)
[ 94.50s] target 0 err=0.390 m | 456 plans, recent 215 ms/plan (4.8 Hz)
[ 95.54s] target 0 err=0.384 m | 461 plans, recent 218 ms/plan (4.8 Hz)
[ 96.64s] target 0 err=0.380 m | 466 plans, recent 218 ms/plan (4.8 Hz)
[ 97.76s] target 0 err=0.377 m | 471 plans, recent 218 ms/plan (4.8 Hz)
[ 98.97s] target 0 err=0.375 m | 476 plans, recent 221 ms/plan (4.8 Hz)
[100.06s] target 0 err=0.373 m | 481 plans, recent 225 ms/plan (4.8 Hz)
[101.10s] target 0 err=0.371 m | 486 plans, recent 222 ms/plan (4.8 Hz)
[102.13s] target 0 err=0.370 m | 491 plans, recent 218 ms/plan (4.8 Hz)
[103.22s] target 0 err=0.370 m | 496 plans, recent 211 ms/plan (4.8 Hz)
[104.23s] target 0 err=0.369 m | 502 plans, recent 195 ms/plan (4.8 Hz)
[105.42s] target 0 err=0.368 m | 508 plans, recent 194 ms/plan (4.8 Hz)
[106.66s] target 0 err=0.368 m | 513 plans, recent 203 ms/plan (4.8 Hz)
[107.83s] target 0 err=0.369 m | 519 plans, recent 208 ms/plan (4.8 Hz)
[108.91s] target 0 err=0.370 m | 524 plans, recent 215 ms/plan (4.8 Hz)
[109.93s] target 0 err=0.372 m | 530 plans, recent 199 ms/plan (4.8 Hz)
[110.94s] target 0 err=0.375 m | 535 plans, recent 197 ms/plan (4.8 Hz)
[112.05s] target 0 err=0.378 m | 540 plans, recent 199 ms/plan (4.8 Hz)
[113.12s] target 0 err=0.382 m | 545 plans, recent 202 ms/plan (4.8 Hz)
[114.35s] target 0 err=0.385 m | 551 plans, recent 211 ms/plan (4.8 Hz)
[115.38s] target 0 err=0.385 m | 556 plans, recent 212 ms/plan (4.8 Hz)
[116.44s] target 0 err=0.388 m | 561 plans, recent 209 ms/plan (4.8 Hz)
[117.46s] target 0 err=0.388 m | 566 plans, recent 209 ms/plan (4.8 Hz)
[118.62s] target 0 err=0.391 m | 572 plans, recent 203 ms/plan (4.8 Hz)
[119.63s] target 0 err=0.397 m | 577 plans, recent 206 ms/plan (4.8 Hz)
[120.86s] target 0 err=0.398 m | 582 plans, recent 207 ms/plan (4.8 Hz)
[121.88s] target 0 err=0.394 m | 587 plans, recent 213 ms/plan (4.8 Hz)
[123.03s] target 0 err=0.385 m | 592 plans, recent 218 ms/plan (4.8 Hz)
[124.16s] target 0 err=0.374 m | 598 plans, recent 209 ms/plan (4.8 Hz)
  reached_strict=False reached_5cm=False min_err=0.2794 violation=False safe_stall=True

=== [34/60] sqp_mpc seed=0 target=3 (0.5, 0.35, 0.18) ===
loaded=/home/home/mbd/koopman/mbd_koopman/out/franka/models/bk_seed0.pt
SQP-MPC: 3 SQP re-freezes, act_dist 999.0, whole_arm=True, 1 box(es), 62 keep-out rows/step (compiled once, DPP)
warm-up: 3 throwaway plans
[  1.12s] target 0 err=0.634 m | 6 plans, recent 219 ms/plan (5.3 Hz)
[  2.13s] target 0 err=0.624 m | 11 plans, recent 201 ms/plan (5.2 Hz)
[  3.28s] target 0 err=0.576 m | 17 plans, recent 207 ms/plan (5.2 Hz)
[  4.34s] target 0 err=0.577 m | 22 plans, recent 202 ms/plan (5.1 Hz)
[  5.40s] target 0 err=0.601 m | 27 plans, recent 205 ms/plan (5.0 Hz)
[  6.56s] target 0 err=0.630 m | 33 plans, recent 210 ms/plan (5.0 Hz)
[  7.68s] target 0 err=0.611 m | 38 plans, recent 203 ms/plan (4.9 Hz)
[  8.82s] target 0 err=0.619 m | 43 plans, recent 217 ms/plan (4.9 Hz)
[  9.96s] target 0 err=0.637 m | 48 plans, recent 218 ms/plan (4.8 Hz)
[ 11.09s] target 0 err=0.655 m | 53 plans, recent 228 ms/plan (4.8 Hz)
[ 12.19s] target 0 err=0.638 m | 57 plans, recent 238 ms/plan (4.7 Hz)
[ 13.23s] target 0 err=0.663 m | 61 plans, recent 242 ms/plan (4.6 Hz)
[ 14.28s] target 0 err=0.691 m | 65 plans, recent 244 ms/plan (4.6 Hz)
[ 15.33s] target 0 err=0.680 m | 71 plans, recent 228 ms/plan (4.6 Hz)
[ 16.34s] target 0 err=0.713 m | 76 plans, recent 212 ms/plan (4.7 Hz)
[ 17.38s] target 0 err=0.768 m | 82 plans, recent 187 ms/plan (4.7 Hz)
[ 18.46s] target 0 err=0.785 m | 88 plans, recent 186 ms/plan (4.8 Hz)
[ 19.53s] target 0 err=0.679 m | 96 plans, recent 158 ms/plan (4.9 Hz)
[ 20.68s] target 0 err=0.580 m | 103 plans, recent 158 ms/plan (5.0 Hz)
[ 21.76s] target 0 err=0.546 m | 109 plans, recent 153 ms/plan (5.0 Hz)
[ 22.76s] target 0 err=0.502 m | 115 plans, recent 164 ms/plan (5.1 Hz)
[ 23.85s] target 0 err=0.432 m | 123 plans, recent 157 ms/plan (5.2 Hz)
[ 24.96s] target 0 err=0.416 m | 130 plans, recent 150 ms/plan (5.2 Hz)
[ 26.07s] target 0 err=0.448 m | 136 plans, recent 161 ms/plan (5.2 Hz)
[ 27.27s] target 0 err=0.457 m | 142 plans, recent 184 ms/plan (5.2 Hz)
[ 28.37s] target 0 err=0.462 m | 146 plans, recent 208 ms/plan (5.1 Hz)
[ 29.39s] target 0 err=0.461 m | 150 plans, recent 226 ms/plan (5.1 Hz)
[ 30.58s] target 0 err=0.450 m | 156 plans, recent 234 ms/plan (5.1 Hz)
[ 31.80s] target 0 err=0.435 m | 161 plans, recent 232 ms/plan (5.1 Hz)
[ 32.82s] target 0 err=0.441 m | 167 plans, recent 201 ms/plan (5.1 Hz)
[ 33.96s] target 0 err=0.437 m | 172 plans, recent 203 ms/plan (5.1 Hz)
[ 34.98s] target 0 err=0.428 m | 177 plans, recent 208 ms/plan (5.1 Hz)
[ 36.07s] target 0 err=0.428 m | 182 plans, recent 209 ms/plan (5.0 Hz)
[ 37.14s] target 0 err=0.435 m | 187 plans, recent 218 ms/plan (5.0 Hz)
[ 38.34s] target 0 err=0.451 m | 193 plans, recent 206 ms/plan (5.0 Hz)
[ 39.42s] target 0 err=0.466 m | 198 plans, recent 204 ms/plan (5.0 Hz)
[ 40.59s] target 0 err=0.477 m | 203 plans, recent 211 ms/plan (5.0 Hz)
[ 41.67s] target 0 err=0.481 m | 207 plans, recent 229 ms/plan (5.0 Hz)
[ 42.88s] target 0 err=0.486 m | 212 plans, recent 234 ms/plan (4.9 Hz)
[ 44.02s] target 0 err=0.483 m | 217 plans, recent 240 ms/plan (4.9 Hz)
[ 45.15s] target 0 err=0.478 m | 222 plans, recent 239 ms/plan (4.9 Hz)
[ 46.33s] target 0 err=0.478 m | 227 plans, recent 229 ms/plan (4.9 Hz)
[ 47.45s] target 0 err=0.479 m | 232 plans, recent 231 ms/plan (4.9 Hz)
[ 48.51s] target 0 err=0.482 m | 237 plans, recent 224 ms/plan (4.9 Hz)
[ 49.67s] target 0 err=0.484 m | 242 plans, recent 227 ms/plan (4.9 Hz)
[ 50.71s] target 0 err=0.482 m | 246 plans, recent 228 ms/plan (4.9 Hz)
[ 51.74s] target 0 err=0.481 m | 251 plans, recent 223 ms/plan (4.9 Hz)
[ 52.89s] target 0 err=0.481 m | 256 plans, recent 231 ms/plan (4.8 Hz)
[ 53.99s] target 0 err=0.481 m | 261 plans, recent 228 ms/plan (4.8 Hz)
[ 55.09s] target 0 err=0.478 m | 266 plans, recent 220 ms/plan (4.8 Hz)
[ 56.19s] target 0 err=0.479 m | 271 plans, recent 221 ms/plan (4.8 Hz)
[ 57.29s] target 0 err=0.480 m | 276 plans, recent 217 ms/plan (4.8 Hz)
[ 58.35s] target 0 err=0.479 m | 281 plans, recent 215 ms/plan (4.8 Hz)
[ 59.50s] target 0 err=0.481 m | 286 plans, recent 219 ms/plan (4.8 Hz)
[ 60.71s] target 0 err=0.480 m | 291 plans, recent 226 ms/plan (4.8 Hz)
[ 61.79s] target 0 err=0.479 m | 296 plans, recent 226 ms/plan (4.8 Hz)
[ 63.02s] target 0 err=0.478 m | 301 plans, recent 233 ms/plan (4.8 Hz)
[ 64.15s] target 0 err=0.481 m | 306 plans, recent 231 ms/plan (4.8 Hz)
[ 65.29s] target 0 err=0.485 m | 311 plans, recent 227 ms/plan (4.8 Hz)
[ 66.33s] target 0 err=0.489 m | 316 plans, recent 223 ms/plan (4.8 Hz)
[ 67.53s] target 0 err=0.495 m | 321 plans, recent 221 ms/plan (4.8 Hz)
[ 68.56s] target 0 err=0.484 m | 326 plans, recent 218 ms/plan (4.8 Hz)
[ 69.81s] target 0 err=0.481 m | 332 plans, recent 220 ms/plan (4.8 Hz)
[ 71.04s] target 0 err=0.480 m | 337 plans, recent 219 ms/plan (4.7 Hz)
[ 72.11s] target 0 err=0.482 m | 342 plans, recent 219 ms/plan (4.7 Hz)
[ 73.24s] target 0 err=0.485 m | 347 plans, recent 222 ms/plan (4.7 Hz)
[ 74.35s] target 0 err=0.481 m | 352 plans, recent 224 ms/plan (4.7 Hz)
[ 75.53s] target 0 err=0.480 m | 357 plans, recent 225 ms/plan (4.7 Hz)
[ 76.71s] target 0 err=0.480 m | 362 plans, recent 229 ms/plan (4.7 Hz)
[ 77.95s] target 0 err=0.480 m | 367 plans, recent 238 ms/plan (4.7 Hz)
[ 79.02s] target 0 err=0.480 m | 372 plans, recent 234 ms/plan (4.7 Hz)
[ 80.12s] target 0 err=0.481 m | 378 plans, recent 221 ms/plan (4.7 Hz)
[ 81.27s] target 0 err=0.481 m | 383 plans, recent 220 ms/plan (4.7 Hz)
[ 82.36s] target 0 err=0.480 m | 387 plans, recent 216 ms/plan (4.7 Hz)
[ 83.42s] target 0 err=0.481 m | 392 plans, recent 218 ms/plan (4.7 Hz)
[ 84.55s] target 0 err=0.481 m | 397 plans, recent 232 ms/plan (4.7 Hz)
[ 85.57s] target 0 err=0.480 m | 402 plans, recent 228 ms/plan (4.7 Hz)
[ 86.83s] target 0 err=0.478 m | 407 plans, recent 225 ms/plan (4.7 Hz)
[ 88.05s] target 0 err=0.479 m | 412 plans, recent 227 ms/plan (4.7 Hz)
[ 89.19s] target 0 err=0.482 m | 417 plans, recent 233 ms/plan (4.7 Hz)
[ 90.35s] target 0 err=0.481 m | 422 plans, recent 235 ms/plan (4.7 Hz)
[ 91.52s] target 0 err=0.479 m | 427 plans, recent 226 ms/plan (4.7 Hz)
[ 92.72s] target 0 err=0.479 m | 433 plans, recent 222 ms/plan (4.7 Hz)
[ 93.82s] target 0 err=0.479 m | 438 plans, recent 218 ms/plan (4.7 Hz)
[ 94.97s] target 0 err=0.480 m | 443 plans, recent 222 ms/plan (4.7 Hz)
[ 96.13s] target 0 err=0.481 m | 448 plans, recent 230 ms/plan (4.7 Hz)
[ 97.23s] target 0 err=0.479 m | 453 plans, recent 225 ms/plan (4.7 Hz)
[ 98.37s] target 0 err=0.478 m | 458 plans, recent 221 ms/plan (4.7 Hz)
[ 99.47s] target 0 err=0.480 m | 463 plans, recent 228 ms/plan (4.7 Hz)
[100.56s] target 0 err=0.480 m | 467 plans, recent 235 ms/plan (4.6 Hz)
[101.83s] target 0 err=0.479 m | 472 plans, recent 238 ms/plan (4.6 Hz)
[102.90s] target 0 err=0.477 m | 477 plans, recent 234 ms/plan (4.6 Hz)
[103.96s] target 0 err=0.478 m | 482 plans, recent 236 ms/plan (4.6 Hz)
[105.20s] target 0 err=0.480 m | 487 plans, recent 228 ms/plan (4.6 Hz)
[106.34s] target 0 err=0.480 m | 492 plans, recent 226 ms/plan (4.6 Hz)
[107.40s] target 0 err=0.479 m | 497 plans, recent 228 ms/plan (4.6 Hz)
[108.63s] target 0 err=0.481 m | 502 plans, recent 235 ms/plan (4.6 Hz)
[109.71s] target 0 err=0.481 m | 507 plans, recent 224 ms/plan (4.6 Hz)
[110.88s] target 0 err=0.479 m | 512 plans, recent 222 ms/plan (4.6 Hz)
[112.10s] target 0 err=0.478 m | 518 plans, recent 221 ms/plan (4.6 Hz)
[113.32s] target 0 err=0.477 m | 524 plans, recent 214 ms/plan (4.6 Hz)
[114.32s] target 0 err=0.480 m | 528 plans, recent 220 ms/plan (4.6 Hz)
[115.38s] target 0 err=0.481 m | 532 plans, recent 227 ms/plan (4.6 Hz)
[116.49s] target 0 err=0.479 m | 537 plans, recent 226 ms/plan (4.6 Hz)
[117.73s] target 0 err=0.477 m | 543 plans, recent 234 ms/plan (4.6 Hz)
[118.87s] target 0 err=0.479 m | 549 plans, recent 213 ms/plan (4.6 Hz)
[120.03s] target 0 err=0.484 m | 555 plans, recent 199 ms/plan (4.6 Hz)
[121.18s] target 0 err=0.489 m | 560 plans, recent 205 ms/plan (4.6 Hz)
[122.37s] target 0 err=0.493 m | 565 plans, recent 216 ms/plan (4.6 Hz)
[123.50s] target 0 err=0.484 m | 570 plans, recent 221 ms/plan (4.6 Hz)
[124.56s] target 0 err=0.479 m | 575 plans, recent 224 ms/plan (4.6 Hz)
[125.69s] target 0 err=0.480 m | 580 plans, recent 228 ms/plan (4.6 Hz)
[126.72s] target 0 err=0.482 m | 584 plans, recent 228 ms/plan (4.6 Hz)
[127.74s] target 0 err=0.485 m | 588 plans, recent 230 ms/plan (4.6 Hz)
[128.91s] target 0 err=0.490 m | 593 plans, recent 244 ms/plan (4.6 Hz)
[130.02s] target 0 err=0.485 m | 598 plans, recent 244 ms/plan (4.6 Hz)
  reached_strict=False reached_5cm=False min_err=0.4152 violation=False safe_stall=True

=== [35/60] sqp_mpc seed=0 target=4 (0.4, 0.28, 0.22) ===
loaded=/home/home/mbd/koopman/mbd_koopman/out/franka/models/bk_seed0.pt
SQP-MPC: 3 SQP re-freezes, act_dist 999.0, whole_arm=True, 1 box(es), 62 keep-out rows/step (compiled once, DPP)
warm-up: 3 throwaway plans
[  1.12s] target 0 err=0.561 m | 6 plans, recent 222 ms/plan (5.3 Hz)
[  2.14s] target 0 err=0.525 m | 12 plans, recent 193 ms/plan (5.6 Hz)
[  3.21s] target 0 err=0.555 m | 19 plans, recent 177 ms/plan (5.9 Hz)
[  4.28s] target 0 err=0.556 m | 26 plans, recent 160 ms/plan (6.1 Hz)
[  5.31s] target 0 err=0.621 m | 32 plans, recent 157 ms/plan (6.0 Hz)
[  6.48s] target 0 err=0.598 m | 37 plans, recent 178 ms/plan (5.7 Hz)
[  7.55s] target 0 err=0.586 m | 43 plans, recent 187 ms/plan (5.7 Hz)
[  8.58s] target 0 err=0.608 m | 49 plans, recent 190 ms/plan (5.7 Hz)
[  9.70s] target 0 err=0.540 m | 54 plans, recent 197 ms/plan (5.6 Hz)
[ 10.79s] target 0 err=0.469 m | 58 plans, recent 208 ms/plan (5.4 Hz)
[ 12.00s] target 0 err=0.421 m | 63 plans, recent 227 ms/plan (5.3 Hz)
[ 13.12s] target 0 err=0.344 m | 68 plans, recent 235 ms/plan (5.2 Hz)
[ 14.27s] target 0 err=0.286 m | 73 plans, recent 239 ms/plan (5.1 Hz)
[ 15.37s] target 0 err=0.289 m | 78 plans, recent 229 ms/plan (5.1 Hz)
[ 16.42s] target 0 err=0.309 m | 82 plans, recent 231 ms/plan (5.0 Hz)
[ 17.57s] target 0 err=0.339 m | 87 plans, recent 227 ms/plan (5.0 Hz)
[ 18.69s] target 0 err=0.405 m | 95 plans, recent 193 ms/plan (5.1 Hz)
[ 19.71s] target 0 err=0.442 m | 101 plans, recent 176 ms/plan (5.1 Hz)
[ 20.72s] target 0 err=0.443 m | 106 plans, recent 167 ms/plan (5.1 Hz)
[ 21.77s] target 0 err=0.432 m | 111 plans, recent 188 ms/plan (5.1 Hz)
[ 22.89s] target 0 err=0.435 m | 116 plans, recent 207 ms/plan (5.1 Hz)
[ 24.04s] target 0 err=0.443 m | 122 plans, recent 198 ms/plan (5.1 Hz)
[ 25.29s] target 0 err=0.467 m | 129 plans, recent 195 ms/plan (5.1 Hz)
[ 26.50s] target 0 err=0.507 m | 135 plans, recent 194 ms/plan (5.1 Hz)
[ 27.61s] target 0 err=0.542 m | 140 plans, recent 202 ms/plan (5.1 Hz)
[ 28.80s] target 0 err=0.576 m | 145 plans, recent 221 ms/plan (5.0 Hz)
[ 29.96s] target 0 err=0.632 m | 150 plans, recent 219 ms/plan (5.0 Hz)
[ 31.02s] target 0 err=0.710 m | 156 plans, recent 210 ms/plan (5.0 Hz)
[ 32.13s] target 0 err=0.782 m | 161 plans, recent 205 ms/plan (5.0 Hz)
[ 33.17s] target 0 err=0.863 m | 168 plans, recent 176 ms/plan (5.1 Hz)
[ 34.25s] target 0 err=0.930 m | 176 plans, recent 157 ms/plan (5.1 Hz)
[ 35.36s] target 0 err=0.949 m | 183 plans, recent 148 ms/plan (5.2 Hz)
[ 36.50s] target 0 err=0.944 m | 190 plans, recent 148 ms/plan (5.2 Hz)
[ 37.66s] target 0 err=0.916 m | 198 plans, recent 150 ms/plan (5.3 Hz)
[ 38.67s] target 0 err=0.878 m | 204 plans, recent 158 ms/plan (5.3 Hz)
[ 39.88s] target 0 err=0.804 m | 209 plans, recent 179 ms/plan (5.2 Hz)
[ 41.04s] target 0 err=0.591 m | 214 plans, recent 205 ms/plan (5.2 Hz)
[ 42.14s] target 0 err=0.427 m | 219 plans, recent 224 ms/plan (5.2 Hz)
[ 43.35s] target 0 err=0.480 m | 224 plans, recent 236 ms/plan (5.2 Hz)
[ 44.41s] target 0 err=0.429 m | 228 plans, recent 238 ms/plan (5.1 Hz)
[ 45.41s] target 0 err=0.468 m | 232 plans, recent 240 ms/plan (5.1 Hz)
[ 46.46s] target 0 err=0.505 m | 237 plans, recent 241 ms/plan (5.1 Hz)
[ 47.66s] target 0 err=0.495 m | 242 plans, recent 238 ms/plan (5.1 Hz)
[ 48.82s] target 0 err=0.467 m | 247 plans, recent 233 ms/plan (5.1 Hz)
[ 50.01s] target 0 err=0.451 m | 252 plans, recent 232 ms/plan (5.0 Hz)
[ 51.04s] target 0 err=0.464 m | 256 plans, recent 234 ms/plan (5.0 Hz)
[ 52.13s] target 0 err=0.474 m | 264 plans, recent 194 ms/plan (5.1 Hz)
[ 53.22s] target 0 err=0.482 m | 271 plans, recent 169 ms/plan (5.1 Hz)
[ 54.27s] target 0 err=0.492 m | 277 plans, recent 153 ms/plan (5.1 Hz)
[ 55.33s] target 0 err=0.511 m | 284 plans, recent 160 ms/plan (5.1 Hz)
[ 56.34s] target 0 err=0.538 m | 290 plans, recent 163 ms/plan (5.1 Hz)
[ 57.37s] target 0 err=0.618 m | 297 plans, recent 156 ms/plan (5.2 Hz)
[ 58.59s] target 0 err=0.696 m | 303 plans, recent 176 ms/plan (5.2 Hz)
[ 59.75s] target 0 err=0.715 m | 308 plans, recent 189 ms/plan (5.2 Hz)
[ 60.90s] target 0 err=0.707 m | 315 plans, recent 188 ms/plan (5.2 Hz)
[ 62.06s] target 0 err=0.671 m | 323 plans, recent 164 ms/plan (5.2 Hz)
[ 63.23s] target 0 err=0.624 m | 331 plans, recent 145 ms/plan (5.2 Hz)
[ 64.29s] target 0 err=0.582 m | 336 plans, recent 165 ms/plan (5.2 Hz)
[ 65.40s] target 0 err=0.521 m | 342 plans, recent 177 ms/plan (5.2 Hz)
[ 66.58s] target 0 err=0.466 m | 348 plans, recent 198 ms/plan (5.2 Hz)
[ 67.78s] target 0 err=0.425 m | 353 plans, recent 208 ms/plan (5.2 Hz)
[ 68.85s] target 0 err=0.401 m | 358 plans, recent 207 ms/plan (5.2 Hz)
[ 70.01s] target 0 err=0.372 m | 363 plans, recent 223 ms/plan (5.2 Hz)
[ 71.08s] target 0 err=0.337 m | 368 plans, recent 222 ms/plan (5.2 Hz)
[ 72.12s] target 0 err=0.345 m | 375 plans, recent 188 ms/plan (5.2 Hz)
[ 73.19s] target 0 err=0.369 m | 383 plans, recent 153 ms/plan (5.2 Hz)
[ 74.32s] target 0 err=0.381 m | 390 plans, recent 144 ms/plan (5.2 Hz)
[ 75.52s] target 0 err=0.399 m | 395 plans, recent 176 ms/plan (5.2 Hz)
[ 76.58s] target 0 err=0.396 m | 400 plans, recent 197 ms/plan (5.2 Hz)
[ 77.80s] target 0 err=0.392 m | 405 plans, recent 217 ms/plan (5.2 Hz)
[ 78.85s] target 0 err=0.391 m | 410 plans, recent 222 ms/plan (5.2 Hz)
[ 80.02s] target 0 err=0.390 m | 416 plans, recent 205 ms/plan (5.2 Hz)
[ 81.06s] target 0 err=0.390 m | 422 plans, recent 197 ms/plan (5.2 Hz)
[ 82.18s] target 0 err=0.390 m | 429 plans, recent 177 ms/plan (5.2 Hz)
[ 83.37s] target 0 err=0.389 m | 435 plans, recent 179 ms/plan (5.2 Hz)
[ 84.51s] target 0 err=0.389 m | 441 plans, recent 181 ms/plan (5.2 Hz)
[ 85.59s] target 0 err=0.388 m | 447 plans, recent 192 ms/plan (5.2 Hz)
[ 86.76s] target 0 err=0.390 m | 452 plans, recent 200 ms/plan (5.2 Hz)
[ 87.84s] target 0 err=0.389 m | 457 plans, recent 205 ms/plan (5.2 Hz)
[ 88.95s] target 0 err=0.387 m | 462 plans, recent 211 ms/plan (5.2 Hz)
[ 90.07s] target 0 err=0.389 m | 468 plans, recent 208 ms/plan (5.2 Hz)
[ 91.20s] target 0 err=0.388 m | 474 plans, recent 197 ms/plan (5.2 Hz)
[ 92.27s] target 0 err=0.389 m | 481 plans, recent 175 ms/plan (5.2 Hz)
[ 93.29s] target 0 err=0.390 m | 486 plans, recent 179 ms/plan (5.2 Hz)
[ 94.30s] target 0 err=0.387 m | 492 plans, recent 176 ms/plan (5.2 Hz)
[ 95.45s] target 0 err=0.386 m | 497 plans, recent 191 ms/plan (5.2 Hz)
[ 96.53s] target 0 err=0.390 m | 503 plans, recent 191 ms/plan (5.2 Hz)
[ 97.69s] target 0 err=0.393 m | 509 plans, recent 199 ms/plan (5.2 Hz)
[ 98.76s] target 0 err=0.395 m | 514 plans, recent 199 ms/plan (5.2 Hz)
[ 99.79s] target 0 err=0.396 m | 519 plans, recent 196 ms/plan (5.2 Hz)
[100.99s] target 0 err=0.395 m | 524 plans, recent 216 ms/plan (5.2 Hz)
[102.01s] target 0 err=0.387 m | 529 plans, recent 213 ms/plan (5.2 Hz)
[103.20s] target 0 err=0.388 m | 535 plans, recent 213 ms/plan (5.2 Hz)
[104.27s] target 0 err=0.389 m | 540 plans, recent 209 ms/plan (5.2 Hz)
[105.39s] target 0 err=0.389 m | 546 plans, recent 202 ms/plan (5.2 Hz)
[106.59s] target 0 err=0.387 m | 551 plans, recent 212 ms/plan (5.2 Hz)
[107.63s] target 0 err=0.391 m | 556 plans, recent 210 ms/plan (5.2 Hz)
[108.79s] target 0 err=0.391 m | 561 plans, recent 216 ms/plan (5.2 Hz)
[109.95s] target 0 err=0.388 m | 566 plans, recent 220 ms/plan (5.1 Hz)
[111.07s] target 0 err=0.389 m | 572 plans, recent 212 ms/plan (5.1 Hz)
[112.12s] target 0 err=0.392 m | 577 plans, recent 210 ms/plan (5.1 Hz)
[113.25s] target 0 err=0.393 m | 582 plans, recent 205 ms/plan (5.1 Hz)
[114.40s] target 0 err=0.394 m | 588 plans, recent 204 ms/plan (5.1 Hz)
[115.60s] target 0 err=0.396 m | 594 plans, recent 203 ms/plan (5.1 Hz)
[116.70s] target 0 err=0.398 m | 599 plans, recent 209 ms/plan (5.1 Hz)
  reached_strict=False reached_5cm=False min_err=0.2846 violation=False safe_stall=True

=== [36/60] sqp_mpc seed=0 target=5 (0.48, 0.33, 0.19) ===
loaded=/home/home/mbd/koopman/mbd_koopman/out/franka/models/bk_seed0.pt
SQP-MPC: 3 SQP re-freezes, act_dist 999.0, whole_arm=True, 1 box(es), 62 keep-out rows/step (compiled once, DPP)
warm-up: 3 throwaway plans
[  1.00s] target 0 err=0.568 m | 7 plans, recent 183 ms/plan (7.0 Hz)
[  2.15s] target 0 err=0.568 m | 12 plans, recent 190 ms/plan (5.6 Hz)
[  3.18s] target 0 err=0.598 m | 18 plans, recent 187 ms/plan (5.7 Hz)
[  4.19s] target 0 err=0.529 m | 23 plans, recent 198 ms/plan (5.5 Hz)
[  5.24s] target 0 err=0.515 m | 28 plans, recent 193 ms/plan (5.3 Hz)
[  6.30s] target 0 err=0.534 m | 34 plans, recent 189 ms/plan (5.4 Hz)
[  7.37s] target 0 err=0.527 m | 41 plans, recent 177 ms/plan (5.6 Hz)
[  8.55s] target 0 err=0.518 m | 48 plans, recent 164 ms/plan (5.6 Hz)
[  9.68s] target 0 err=0.521 m | 56 plans, recent 150 ms/plan (5.8 Hz)
[ 10.90s] target 0 err=0.521 m | 64 plans, recent 155 ms/plan (5.9 Hz)
[ 11.97s] target 0 err=0.520 m | 71 plans, recent 156 ms/plan (5.9 Hz)
[ 13.14s] target 0 err=0.527 m | 78 plans, recent 159 ms/plan (5.9 Hz)
[ 14.23s] target 0 err=0.528 m | 85 plans, recent 156 ms/plan (6.0 Hz)
[ 15.30s] target 0 err=0.525 m | 93 plans, recent 142 ms/plan (6.1 Hz)
[ 16.39s] target 0 err=0.525 m | 99 plans, recent 154 ms/plan (6.0 Hz)
[ 17.61s] target 0 err=0.536 m | 105 plans, recent 174 ms/plan (6.0 Hz)
[ 18.81s] target 0 err=0.539 m | 110 plans, recent 200 ms/plan (5.8 Hz)
[ 19.86s] target 0 err=0.530 m | 116 plans, recent 205 ms/plan (5.8 Hz)
[ 21.06s] target 0 err=0.507 m | 121 plans, recent 208 ms/plan (5.7 Hz)
[ 22.11s] target 0 err=0.498 m | 127 plans, recent 201 ms/plan (5.7 Hz)
[ 23.24s] target 0 err=0.511 m | 132 plans, recent 199 ms/plan (5.7 Hz)
[ 24.35s] target 0 err=0.503 m | 138 plans, recent 201 ms/plan (5.7 Hz)
[ 25.59s] target 0 err=0.548 m | 143 plans, recent 217 ms/plan (5.6 Hz)
[ 26.79s] target 0 err=0.557 m | 148 plans, recent 223 ms/plan (5.5 Hz)
[ 27.92s] target 0 err=0.562 m | 152 plans, recent 236 ms/plan (5.4 Hz)
[ 29.18s] target 0 err=0.374 m | 157 plans, recent 255 ms/plan (5.4 Hz)
[ 30.36s] target 0 err=0.324 m | 162 plans, recent 252 ms/plan (5.3 Hz)
[ 31.47s] target 0 err=0.323 m | 167 plans, recent 247 ms/plan (5.3 Hz)
[ 32.48s] target 0 err=0.329 m | 171 plans, recent 239 ms/plan (5.3 Hz)
[ 33.62s] target 0 err=0.350 m | 176 plans, recent 231 ms/plan (5.2 Hz)
[ 34.64s] target 0 err=0.365 m | 181 plans, recent 223 ms/plan (5.2 Hz)
[ 35.93s] target 0 err=0.368 m | 187 plans, recent 222 ms/plan (5.2 Hz)
[ 37.07s] target 0 err=0.355 m | 192 plans, recent 218 ms/plan (5.2 Hz)
[ 38.07s] target 0 err=0.403 m | 196 plans, recent 224 ms/plan (5.1 Hz)
[ 39.14s] target 0 err=0.447 m | 202 plans, recent 217 ms/plan (5.2 Hz)
[ 40.14s] target 0 err=0.439 m | 207 plans, recent 203 ms/plan (5.2 Hz)
[ 41.26s] target 0 err=0.421 m | 213 plans, recent 187 ms/plan (5.2 Hz)
[ 42.47s] target 0 err=0.412 m | 218 plans, recent 199 ms/plan (5.1 Hz)
[ 43.63s] target 0 err=0.437 m | 223 plans, recent 215 ms/plan (5.1 Hz)
[ 44.81s] target 0 err=0.423 m | 228 plans, recent 216 ms/plan (5.1 Hz)
[ 45.95s] target 0 err=0.463 m | 234 plans, recent 226 ms/plan (5.1 Hz)
[ 47.08s] target 0 err=0.456 m | 239 plans, recent 219 ms/plan (5.1 Hz)
[ 48.32s] target 0 err=0.455 m | 244 plans, recent 229 ms/plan (5.1 Hz)
[ 49.36s] target 0 err=0.453 m | 249 plans, recent 220 ms/plan (5.0 Hz)
[ 50.53s] target 0 err=0.454 m | 255 plans, recent 215 ms/plan (5.0 Hz)
[ 51.54s] target 0 err=0.455 m | 260 plans, recent 209 ms/plan (5.0 Hz)
[ 52.56s] target 0 err=0.455 m | 265 plans, recent 196 ms/plan (5.0 Hz)
[ 53.64s] target 0 err=0.455 m | 270 plans, recent 203 ms/plan (5.0 Hz)
[ 54.69s] target 0 err=0.456 m | 275 plans, recent 205 ms/plan (5.0 Hz)
[ 55.73s] target 0 err=0.458 m | 281 plans, recent 198 ms/plan (5.0 Hz)
[ 57.01s] target 0 err=0.458 m | 286 plans, recent 208 ms/plan (5.0 Hz)
[ 58.04s] target 0 err=0.454 m | 290 plans, recent 221 ms/plan (5.0 Hz)
[ 59.20s] target 0 err=0.452 m | 296 plans, recent 213 ms/plan (5.0 Hz)
[ 60.35s] target 0 err=0.455 m | 303 plans, recent 209 ms/plan (5.0 Hz)
[ 61.42s] target 0 err=0.455 m | 308 plans, recent 189 ms/plan (5.0 Hz)
[ 62.56s] target 0 err=0.453 m | 315 plans, recent 173 ms/plan (5.0 Hz)
[ 63.75s] target 0 err=0.453 m | 323 plans, recent 163 ms/plan (5.1 Hz)
[ 64.82s] target 0 err=0.453 m | 330 plans, recent 152 ms/plan (5.1 Hz)
[ 65.93s] target 0 err=0.456 m | 338 plans, recent 146 ms/plan (5.1 Hz)
[ 67.06s] target 0 err=0.457 m | 345 plans, recent 148 ms/plan (5.1 Hz)
[ 68.19s] target 0 err=0.453 m | 353 plans, recent 148 ms/plan (5.2 Hz)
[ 69.25s] target 0 err=0.454 m | 360 plans, recent 149 ms/plan (5.2 Hz)
[ 70.33s] target 0 err=0.455 m | 367 plans, recent 150 ms/plan (5.2 Hz)
[ 71.40s] target 0 err=0.451 m | 374 plans, recent 151 ms/plan (5.2 Hz)
[ 72.52s] target 0 err=0.455 m | 382 plans, recent 147 ms/plan (5.3 Hz)
[ 73.68s] target 0 err=0.458 m | 390 plans, recent 140 ms/plan (5.3 Hz)
[ 74.84s] target 0 err=0.454 m | 397 plans, recent 152 ms/plan (5.3 Hz)
[ 75.87s] target 0 err=0.453 m | 404 plans, recent 153 ms/plan (5.3 Hz)
[ 76.94s] target 0 err=0.455 m | 411 plans, recent 148 ms/plan (5.3 Hz)
[ 78.03s] target 0 err=0.453 m | 418 plans, recent 147 ms/plan (5.4 Hz)
[ 79.10s] target 0 err=0.453 m | 425 plans, recent 153 ms/plan (5.4 Hz)
[ 80.11s] target 0 err=0.455 m | 432 plans, recent 152 ms/plan (5.4 Hz)
[ 81.28s] target 0 err=0.456 m | 439 plans, recent 155 ms/plan (5.4 Hz)
[ 82.28s] target 0 err=0.456 m | 446 plans, recent 151 ms/plan (5.4 Hz)
[ 83.44s] target 0 err=0.455 m | 453 plans, recent 157 ms/plan (5.4 Hz)
[ 84.47s] target 0 err=0.450 m | 459 plans, recent 158 ms/plan (5.4 Hz)
[ 85.59s] target 0 err=0.451 m | 467 plans, recent 159 ms/plan (5.5 Hz)
[ 86.70s] target 0 err=0.454 m | 474 plans, recent 152 ms/plan (5.5 Hz)
[ 87.80s] target 0 err=0.455 m | 481 plans, recent 155 ms/plan (5.5 Hz)
[ 88.88s] target 0 err=0.454 m | 488 plans, recent 155 ms/plan (5.5 Hz)
[ 89.93s] target 0 err=0.451 m | 494 plans, recent 162 ms/plan (5.5 Hz)
[ 91.04s] target 0 err=0.454 m | 502 plans, recent 149 ms/plan (5.5 Hz)
[ 92.10s] target 0 err=0.454 m | 509 plans, recent 149 ms/plan (5.5 Hz)
[ 93.26s] target 0 err=0.456 m | 516 plans, recent 153 ms/plan (5.5 Hz)
[ 94.29s] target 0 err=0.455 m | 523 plans, recent 157 ms/plan (5.5 Hz)
[ 95.30s] target 0 err=0.452 m | 529 plans, recent 160 ms/plan (5.6 Hz)
[ 96.31s] target 0 err=0.453 m | 535 plans, recent 161 ms/plan (5.6 Hz)
[ 97.32s] target 0 err=0.455 m | 542 plans, recent 159 ms/plan (5.6 Hz)
[ 98.43s] target 0 err=0.458 m | 550 plans, recent 149 ms/plan (5.6 Hz)
[ 99.51s] target 0 err=0.452 m | 557 plans, recent 139 ms/plan (5.6 Hz)
[100.52s] target 0 err=0.452 m | 563 plans, recent 152 ms/plan (5.6 Hz)
[101.64s] target 0 err=0.454 m | 572 plans, recent 144 ms/plan (5.6 Hz)
[102.73s] target 0 err=0.456 m | 579 plans, recent 144 ms/plan (5.6 Hz)
[103.85s] target 0 err=0.452 m | 587 plans, recent 143 ms/plan (5.7 Hz)
[104.97s] target 0 err=0.453 m | 594 plans, recent 150 ms/plan (5.7 Hz)
  reached_strict=False reached_5cm=False min_err=0.3209 violation=False safe_stall=True

=== [37/60] sqp_mpc seed=1 target=0 (0.45, 0.3, 0.2) ===
loaded=/home/home/mbd/koopman/mbd_koopman/out/franka/models/bk_seed1.pt
SQP-MPC: 3 SQP re-freezes, act_dist 999.0, whole_arm=True, 1 box(es), 62 keep-out rows/step (compiled once, DPP)
warm-up: 3 throwaway plans
[  1.12s] target 0 err=0.495 m | 6 plans, recent 215 ms/plan (5.3 Hz)
[  2.18s] target 0 err=0.499 m | 12 plans, recent 194 ms/plan (5.5 Hz)
[  3.32s] target 0 err=0.479 m | 19 plans, recent 181 ms/plan (5.7 Hz)
[  4.42s] target 0 err=0.476 m | 26 plans, recent 162 ms/plan (5.9 Hz)
[  5.46s] target 0 err=0.483 m | 33 plans, recent 156 ms/plan (6.0 Hz)
[  6.68s] target 0 err=0.487 m | 40 plans, recent 166 ms/plan (6.0 Hz)
[  7.72s] target 0 err=0.547 m | 44 plans, recent 187 ms/plan (5.7 Hz)
[  8.94s] target 0 err=0.555 m | 49 plans, recent 206 ms/plan (5.5 Hz)
[ 10.14s] target 0 err=0.465 m | 54 plans, recent 231 ms/plan (5.3 Hz)
[ 11.21s] target 0 err=0.512 m | 58 plans, recent 252 ms/plan (5.2 Hz)
[ 12.32s] target 0 err=0.570 m | 62 plans, recent 258 ms/plan (5.0 Hz)
[ 13.34s] target 0 err=0.657 m | 67 plans, recent 245 ms/plan (5.0 Hz)
[ 14.39s] target 0 err=0.618 m | 72 plans, recent 230 ms/plan (5.0 Hz)
[ 15.60s] target 0 err=0.644 m | 77 plans, recent 230 ms/plan (4.9 Hz)
[ 16.73s] target 0 err=0.672 m | 83 plans, recent 205 ms/plan (5.0 Hz)
[ 17.75s] target 0 err=0.761 m | 90 plans, recent 186 ms/plan (5.1 Hz)
[ 18.93s] target 0 err=0.812 m | 96 plans, recent 173 ms/plan (5.1 Hz)
[ 20.06s] target 0 err=0.819 m | 102 plans, recent 173 ms/plan (5.1 Hz)
[ 21.26s] target 0 err=0.817 m | 109 plans, recent 183 ms/plan (5.1 Hz)
[ 22.42s] target 0 err=0.815 m | 116 plans, recent 174 ms/plan (5.2 Hz)
[ 23.47s] target 0 err=0.813 m | 122 plans, recent 170 ms/plan (5.2 Hz)
[ 24.59s] target 0 err=0.817 m | 128 plans, recent 175 ms/plan (5.2 Hz)
[ 25.69s] target 0 err=0.828 m | 135 plans, recent 171 ms/plan (5.3 Hz)
[ 26.87s] target 0 err=0.835 m | 141 plans, recent 177 ms/plan (5.2 Hz)
[ 27.89s] target 0 err=0.828 m | 147 plans, recent 174 ms/plan (5.3 Hz)
[ 29.02s] target 0 err=0.818 m | 153 plans, recent 182 ms/plan (5.3 Hz)
[ 30.20s] target 0 err=0.797 m | 159 plans, recent 187 ms/plan (5.3 Hz)
[ 31.32s] target 0 err=0.806 m | 164 plans, recent 200 ms/plan (5.2 Hz)
[ 32.52s] target 0 err=0.832 m | 170 plans, recent 209 ms/plan (5.2 Hz)
[ 33.54s] target 0 err=0.850 m | 175 plans, recent 204 ms/plan (5.2 Hz)
[ 34.67s] target 0 err=0.828 m | 181 plans, recent 197 ms/plan (5.2 Hz)
[ 35.69s] target 0 err=0.773 m | 186 plans, recent 198 ms/plan (5.2 Hz)
[ 36.72s] target 0 err=0.745 m | 190 plans, recent 210 ms/plan (5.2 Hz)
[ 37.75s] target 0 err=0.778 m | 195 plans, recent 214 ms/plan (5.2 Hz)
[ 38.91s] target 0 err=0.804 m | 201 plans, recent 211 ms/plan (5.2 Hz)
[ 40.06s] target 0 err=0.806 m | 208 plans, recent 188 ms/plan (5.2 Hz)
[ 41.23s] target 0 err=0.767 m | 214 plans, recent 181 ms/plan (5.2 Hz)
[ 42.44s] target 0 err=0.736 m | 222 plans, recent 169 ms/plan (5.2 Hz)
[ 43.47s] target 0 err=0.691 m | 228 plans, recent 168 ms/plan (5.2 Hz)
[ 44.54s] target 0 err=0.682 m | 234 plans, recent 171 ms/plan (5.3 Hz)
[ 45.65s] target 0 err=0.705 m | 239 plans, recent 190 ms/plan (5.2 Hz)
[ 46.83s] target 0 err=0.734 m | 244 plans, recent 197 ms/plan (5.2 Hz)
[ 47.97s] target 0 err=0.769 m | 251 plans, recent 206 ms/plan (5.2 Hz)
[ 49.02s] target 0 err=0.778 m | 257 plans, recent 187 ms/plan (5.2 Hz)
[ 50.19s] target 0 err=0.780 m | 264 plans, recent 170 ms/plan (5.3 Hz)
[ 51.21s] target 0 err=0.786 m | 270 plans, recent 173 ms/plan (5.3 Hz)
[ 52.33s] target 0 err=0.791 m | 276 plans, recent 175 ms/plan (5.3 Hz)
[ 53.42s] target 0 err=0.802 m | 283 plans, recent 169 ms/plan (5.3 Hz)
[ 54.51s] target 0 err=0.799 m | 288 plans, recent 181 ms/plan (5.3 Hz)
[ 55.66s] target 0 err=0.791 m | 295 plans, recent 176 ms/plan (5.3 Hz)
[ 56.79s] target 0 err=0.769 m | 303 plans, recent 166 ms/plan (5.3 Hz)
[ 57.86s] target 0 err=0.737 m | 310 plans, recent 150 ms/plan (5.4 Hz)
[ 59.02s] target 0 err=0.683 m | 316 plans, recent 157 ms/plan (5.4 Hz)
[ 60.19s] target 0 err=0.640 m | 323 plans, recent 169 ms/plan (5.4 Hz)
[ 61.33s] target 0 err=0.667 m | 329 plans, recent 181 ms/plan (5.4 Hz)
[ 62.40s] target 0 err=0.676 m | 335 plans, recent 175 ms/plan (5.4 Hz)
[ 63.48s] target 0 err=0.642 m | 341 plans, recent 183 ms/plan (5.4 Hz)
[ 64.65s] target 0 err=0.657 m | 347 plans, recent 188 ms/plan (5.4 Hz)
[ 65.75s] target 0 err=0.720 m | 352 plans, recent 195 ms/plan (5.4 Hz)
[ 66.89s] target 0 err=0.793 m | 358 plans, recent 198 ms/plan (5.4 Hz)
[ 67.97s] target 0 err=0.822 m | 364 plans, recent 200 ms/plan (5.4 Hz)
[ 69.04s] target 0 err=0.854 m | 370 plans, recent 185 ms/plan (5.4 Hz)
[ 70.14s] target 0 err=0.829 m | 376 plans, recent 183 ms/plan (5.4 Hz)
[ 71.28s] target 0 err=0.828 m | 382 plans, recent 183 ms/plan (5.4 Hz)
[ 72.42s] target 0 err=0.854 m | 388 plans, recent 188 ms/plan (5.4 Hz)
[ 73.52s] target 0 err=0.840 m | 393 plans, recent 199 ms/plan (5.3 Hz)
[ 74.58s] target 0 err=0.793 m | 399 plans, recent 198 ms/plan (5.4 Hz)
[ 75.71s] target 0 err=0.790 m | 404 plans, recent 208 ms/plan (5.3 Hz)
[ 76.88s] target 0 err=0.795 m | 409 plans, recent 208 ms/plan (5.3 Hz)
[ 78.00s] target 0 err=0.804 m | 415 plans, recent 204 ms/plan (5.3 Hz)
[ 79.06s] target 0 err=0.807 m | 421 plans, recent 197 ms/plan (5.3 Hz)
[ 80.23s] target 0 err=0.792 m | 426 plans, recent 198 ms/plan (5.3 Hz)
[ 81.31s] target 0 err=0.790 m | 432 plans, recent 193 ms/plan (5.3 Hz)
[ 82.33s] target 0 err=0.798 m | 437 plans, recent 201 ms/plan (5.3 Hz)
[ 83.54s] target 0 err=0.808 m | 443 plans, recent 202 ms/plan (5.3 Hz)
[ 84.57s] target 0 err=0.838 m | 448 plans, recent 197 ms/plan (5.3 Hz)
[ 85.73s] target 0 err=0.857 m | 453 plans, recent 216 ms/plan (5.3 Hz)
[ 86.76s] target 0 err=0.836 m | 458 plans, recent 207 ms/plan (5.3 Hz)
[ 88.03s] target 0 err=0.795 m | 464 plans, recent 207 ms/plan (5.3 Hz)
[ 89.11s] target 0 err=0.807 m | 470 plans, recent 201 ms/plan (5.3 Hz)
[ 90.26s] target 0 err=0.780 m | 476 plans, recent 195 ms/plan (5.3 Hz)
[ 91.34s] target 0 err=0.776 m | 484 plans, recent 166 ms/plan (5.3 Hz)
[ 92.50s] target 0 err=0.732 m | 490 plans, recent 167 ms/plan (5.3 Hz)
[ 93.60s] target 0 err=0.731 m | 495 plans, recent 178 ms/plan (5.3 Hz)
[ 94.72s] target 0 err=0.759 m | 502 plans, recent 190 ms/plan (5.3 Hz)
[ 95.77s] target 0 err=0.820 m | 507 plans, recent 195 ms/plan (5.3 Hz)
[ 96.93s] target 0 err=0.787 m | 513 plans, recent 189 ms/plan (5.3 Hz)
[ 98.02s] target 0 err=0.767 m | 518 plans, recent 194 ms/plan (5.3 Hz)
[ 99.09s] target 0 err=0.780 m | 524 plans, recent 191 ms/plan (5.3 Hz)
[100.11s] target 0 err=0.804 m | 529 plans, recent 204 ms/plan (5.3 Hz)
[101.15s] target 0 err=0.826 m | 534 plans, recent 198 ms/plan (5.3 Hz)
[102.39s] target 0 err=0.842 m | 540 plans, recent 196 ms/plan (5.3 Hz)
[103.48s] target 0 err=0.852 m | 546 plans, recent 198 ms/plan (5.3 Hz)
[104.59s] target 0 err=0.859 m | 553 plans, recent 177 ms/plan (5.3 Hz)
[105.75s] target 0 err=0.847 m | 559 plans, recent 174 ms/plan (5.3 Hz)
[106.83s] target 0 err=0.811 m | 565 plans, recent 174 ms/plan (5.3 Hz)
[108.07s] target 0 err=0.746 m | 571 plans, recent 188 ms/plan (5.3 Hz)
[109.26s] target 0 err=0.645 m | 577 plans, recent 191 ms/plan (5.3 Hz)
[110.44s] target 0 err=0.713 m | 583 plans, recent 200 ms/plan (5.3 Hz)
[111.45s] target 0 err=0.663 m | 589 plans, recent 188 ms/plan (5.3 Hz)
[112.57s] target 0 err=0.673 m | 597 plans, recent 167 ms/plan (5.3 Hz)
  reached_strict=False reached_5cm=False min_err=0.4564 violation=False safe_stall=True

=== [38/60] sqp_mpc seed=1 target=1 (0.55, 0.3, 0.2) ===
loaded=/home/home/mbd/koopman/mbd_koopman/out/franka/models/bk_seed1.pt
SQP-MPC: 3 SQP re-freezes, act_dist 999.0, whole_arm=True, 1 box(es), 62 keep-out rows/step (compiled once, DPP)
warm-up: 3 throwaway plans
[  1.12s] target 0 err=0.551 m | 6 plans, recent 216 ms/plan (5.3 Hz)
[  2.14s] target 0 err=0.516 m | 12 plans, recent 200 ms/plan (5.6 Hz)
[  3.20s] target 0 err=0.493 m | 16 plans, recent 211 ms/plan (5.0 Hz)
[  4.44s] target 0 err=0.542 m | 21 plans, recent 221 ms/plan (4.7 Hz)
[  5.52s] target 0 err=0.478 m | 25 plans, recent 230 ms/plan (4.5 Hz)
[  6.74s] target 0 err=0.242 m | 30 plans, recent 245 ms/plan (4.4 Hz)
[  7.75s] target 0 err=0.245 m | 35 plans, recent 234 ms/plan (4.5 Hz)
[  8.84s] target 0 err=0.345 m | 42 plans, recent 199 ms/plan (4.8 Hz)
[ 10.03s] target 0 err=0.372 m | 48 plans, recent 187 ms/plan (4.8 Hz)
[ 11.29s] target 0 err=0.354 m | 53 plans, recent 200 ms/plan (4.7 Hz)
[ 12.43s] target 0 err=0.303 m | 57 plans, recent 220 ms/plan (4.6 Hz)
[ 13.57s] target 0 err=0.143 m | 62 plans, recent 240 ms/plan (4.6 Hz)
[ 14.62s] target 0 err=0.058 m | 67 plans, recent 242 ms/plan (4.6 Hz)
[ 15.70s] target 0 err=0.031 m | 74 plans, recent 195 ms/plan (4.7 Hz)
[  3.95s] target 0 strict reach (22.1 mm) in 3.95 s
  reached_strict=True reached_5cm=True min_err=0.0129 violation=False safe_stall=False

=== [39/60] sqp_mpc seed=1 target=2 (0.35, 0.32, 0.22) ===
loaded=/home/home/mbd/koopman/mbd_koopman/out/franka/models/bk_seed1.pt
SQP-MPC: 3 SQP re-freezes, act_dist 999.0, whole_arm=True, 1 box(es), 62 keep-out rows/step (compiled once, DPP)
warm-up: 3 throwaway plans
[  1.16s] target 0 err=0.545 m | 6 plans, recent 239 ms/plan (5.2 Hz)
[  2.19s] target 0 err=0.499 m | 10 plans, recent 240 ms/plan (4.6 Hz)
[  3.28s] target 0 err=0.507 m | 15 plans, recent 228 ms/plan (4.6 Hz)
[  4.43s] target 0 err=0.556 m | 22 plans, recent 210 ms/plan (5.0 Hz)
[  5.47s] target 0 err=0.567 m | 26 plans, recent 213 ms/plan (4.8 Hz)
[  6.49s] target 0 err=0.565 m | 32 plans, recent 191 ms/plan (4.9 Hz)
[  7.54s] target 0 err=0.571 m | 38 plans, recent 195 ms/plan (5.0 Hz)
[  8.73s] target 0 err=0.559 m | 44 plans, recent 190 ms/plan (5.0 Hz)
[  9.76s] target 0 err=0.538 m | 48 plans, recent 198 ms/plan (4.9 Hz)
[ 10.76s] target 0 err=0.573 m | 52 plans, recent 213 ms/plan (4.8 Hz)
[ 12.04s] target 0 err=0.607 m | 57 plans, recent 238 ms/plan (4.7 Hz)
[ 13.08s] target 0 err=0.519 m | 62 plans, recent 238 ms/plan (4.7 Hz)
[ 14.24s] target 0 err=0.581 m | 67 plans, recent 233 ms/plan (4.7 Hz)
[ 15.43s] target 0 err=0.623 m | 72 plans, recent 236 ms/plan (4.7 Hz)
[ 16.58s] target 0 err=0.642 m | 77 plans, recent 223 ms/plan (4.6 Hz)
[ 17.78s] target 0 err=0.658 m | 82 plans, recent 234 ms/plan (4.6 Hz)
[ 18.84s] target 0 err=0.676 m | 87 plans, recent 227 ms/plan (4.6 Hz)
[ 19.87s] target 0 err=0.703 m | 93 plans, recent 201 ms/plan (4.7 Hz)
[ 20.96s] target 0 err=0.740 m | 102 plans, recent 153 ms/plan (4.9 Hz)
[ 22.11s] target 0 err=0.753 m | 109 plans, recent 150 ms/plan (4.9 Hz)
[ 23.13s] target 0 err=0.746 m | 115 plans, recent 154 ms/plan (5.0 Hz)
[ 24.19s] target 0 err=0.739 m | 121 plans, recent 172 ms/plan (5.0 Hz)
[ 25.25s] target 0 err=0.744 m | 126 plans, recent 183 ms/plan (5.0 Hz)
[ 26.41s] target 0 err=0.751 m | 132 plans, recent 189 ms/plan (5.0 Hz)
[ 27.62s] target 0 err=0.761 m | 138 plans, recent 204 ms/plan (5.0 Hz)
[ 28.63s] target 0 err=0.760 m | 142 plans, recent 207 ms/plan (5.0 Hz)
[ 29.65s] target 0 err=0.762 m | 147 plans, recent 214 ms/plan (5.0 Hz)
[ 30.76s] target 0 err=0.778 m | 152 plans, recent 217 ms/plan (4.9 Hz)
[ 31.78s] target 0 err=0.795 m | 157 plans, recent 217 ms/plan (4.9 Hz)
[ 32.89s] target 0 err=0.790 m | 163 plans, recent 202 ms/plan (5.0 Hz)
[ 33.97s] target 0 err=0.750 m | 168 plans, recent 201 ms/plan (4.9 Hz)
[ 35.06s] target 0 err=0.708 m | 174 plans, recent 194 ms/plan (5.0 Hz)
[ 36.12s] target 0 err=0.718 m | 179 plans, recent 199 ms/plan (5.0 Hz)
[ 37.23s] target 0 err=0.664 m | 184 plans, recent 206 ms/plan (4.9 Hz)
[ 38.40s] target 0 err=0.674 m | 189 plans, recent 214 ms/plan (4.9 Hz)
[ 39.42s] target 0 err=0.733 m | 193 plans, recent 231 ms/plan (4.9 Hz)
[ 40.59s] target 0 err=0.681 m | 198 plans, recent 231 ms/plan (4.9 Hz)
[ 41.64s] target 0 err=0.720 m | 203 plans, recent 226 ms/plan (4.9 Hz)
[ 42.78s] target 0 err=0.755 m | 209 plans, recent 209 ms/plan (4.9 Hz)
[ 43.79s] target 0 err=0.774 m | 215 plans, recent 193 ms/plan (4.9 Hz)
[ 44.99s] target 0 err=0.768 m | 220 plans, recent 199 ms/plan (4.9 Hz)
[ 46.01s] target 0 err=0.714 m | 225 plans, recent 199 ms/plan (4.9 Hz)
[ 47.19s] target 0 err=0.675 m | 231 plans, recent 210 ms/plan (4.9 Hz)
[ 48.31s] target 0 err=0.643 m | 237 plans, recent 194 ms/plan (4.9 Hz)
[ 49.40s] target 0 err=0.590 m | 243 plans, recent 188 ms/plan (4.9 Hz)
[ 50.53s] target 0 err=0.643 m | 249 plans, recent 190 ms/plan (4.9 Hz)
[ 51.64s] target 0 err=0.667 m | 254 plans, recent 193 ms/plan (4.9 Hz)
[ 52.76s] target 0 err=0.748 m | 260 plans, recent 194 ms/plan (4.9 Hz)
[ 53.94s] target 0 err=0.757 m | 266 plans, recent 199 ms/plan (4.9 Hz)
[ 55.03s] target 0 err=0.718 m | 271 plans, recent 201 ms/plan (4.9 Hz)
[ 56.24s] target 0 err=0.730 m | 277 plans, recent 202 ms/plan (4.9 Hz)
[ 57.26s] target 0 err=0.788 m | 282 plans, recent 210 ms/plan (4.9 Hz)
[ 58.28s] target 0 err=0.802 m | 287 plans, recent 207 ms/plan (4.9 Hz)
[ 59.28s] target 0 err=0.775 m | 292 plans, recent 204 ms/plan (4.9 Hz)
[ 60.30s] target 0 err=0.758 m | 297 plans, recent 198 ms/plan (4.9 Hz)
[ 61.40s] target 0 err=0.771 m | 303 plans, recent 191 ms/plan (4.9 Hz)
[ 62.45s] target 0 err=0.771 m | 309 plans, recent 187 ms/plan (4.9 Hz)
[ 63.61s] target 0 err=0.781 m | 315 plans, recent 186 ms/plan (5.0 Hz)
[ 64.68s] target 0 err=0.784 m | 320 plans, recent 189 ms/plan (4.9 Hz)
[ 65.84s] target 0 err=0.714 m | 326 plans, recent 196 ms/plan (5.0 Hz)
[ 66.90s] target 0 err=0.674 m | 331 plans, recent 196 ms/plan (4.9 Hz)
[ 68.06s] target 0 err=0.705 m | 337 plans, recent 197 ms/plan (5.0 Hz)
[ 69.10s] target 0 err=0.700 m | 342 plans, recent 206 ms/plan (4.9 Hz)
[ 70.34s] target 0 err=0.722 m | 347 plans, recent 215 ms/plan (4.9 Hz)
[ 71.50s] target 0 err=0.720 m | 352 plans, recent 226 ms/plan (4.9 Hz)
[ 72.60s] target 0 err=0.661 m | 357 plans, recent 228 ms/plan (4.9 Hz)
[ 73.78s] target 0 err=0.631 m | 362 plans, recent 231 ms/plan (4.9 Hz)
[ 74.98s] target 0 err=0.649 m | 368 plans, recent 216 ms/plan (4.9 Hz)
[ 76.14s] target 0 err=0.645 m | 373 plans, recent 217 ms/plan (4.9 Hz)
[ 77.33s] target 0 err=0.630 m | 378 plans, recent 225 ms/plan (4.9 Hz)
[ 78.48s] target 0 err=0.604 m | 384 plans, recent 213 ms/plan (4.9 Hz)
[ 79.55s] target 0 err=0.602 m | 389 plans, recent 223 ms/plan (4.9 Hz)
[ 80.68s] target 0 err=0.614 m | 394 plans, recent 210 ms/plan (4.9 Hz)
[ 81.82s] target 0 err=0.661 m | 399 plans, recent 214 ms/plan (4.9 Hz)
[ 82.90s] target 0 err=0.724 m | 404 plans, recent 219 ms/plan (4.9 Hz)
[ 83.93s] target 0 err=0.716 m | 409 plans, recent 210 ms/plan (4.9 Hz)
[ 85.13s] target 0 err=0.679 m | 415 plans, recent 215 ms/plan (4.9 Hz)
[ 86.17s] target 0 err=0.723 m | 420 plans, recent 205 ms/plan (4.9 Hz)
[ 87.19s] target 0 err=0.700 m | 425 plans, recent 201 ms/plan (4.9 Hz)
[ 88.35s] target 0 err=0.741 m | 432 plans, recent 189 ms/plan (4.9 Hz)
[ 89.41s] target 0 err=0.727 m | 439 plans, recent 167 ms/plan (4.9 Hz)
[ 90.42s] target 0 err=0.735 m | 446 plans, recent 152 ms/plan (4.9 Hz)
[ 91.49s] target 0 err=0.795 m | 453 plans, recent 150 ms/plan (5.0 Hz)
[ 92.60s] target 0 err=0.783 m | 460 plans, recent 155 ms/plan (5.0 Hz)
[ 93.61s] target 0 err=0.738 m | 467 plans, recent 149 ms/plan (5.0 Hz)
[ 94.67s] target 0 err=0.739 m | 474 plans, recent 147 ms/plan (5.0 Hz)
[ 95.79s] target 0 err=0.762 m | 482 plans, recent 142 ms/plan (5.0 Hz)
[ 96.90s] target 0 err=0.791 m | 490 plans, recent 140 ms/plan (5.1 Hz)
[ 98.00s] target 0 err=0.781 m | 498 plans, recent 137 ms/plan (5.1 Hz)
[ 99.10s] target 0 err=0.730 m | 506 plans, recent 136 ms/plan (5.1 Hz)
[100.26s] target 0 err=0.787 m | 514 plans, recent 140 ms/plan (5.1 Hz)
[101.32s] target 0 err=0.792 m | 522 plans, recent 135 ms/plan (5.2 Hz)
[102.34s] target 0 err=0.742 m | 528 plans, recent 153 ms/plan (5.2 Hz)
[103.48s] target 0 err=0.657 m | 533 plans, recent 170 ms/plan (5.2 Hz)
[104.49s] target 0 err=0.585 m | 537 plans, recent 193 ms/plan (5.1 Hz)
[105.75s] target 0 err=0.596 m | 542 plans, recent 228 ms/plan (5.1 Hz)
[106.80s] target 0 err=0.652 m | 547 plans, recent 230 ms/plan (5.1 Hz)
[108.01s] target 0 err=0.669 m | 553 plans, recent 222 ms/plan (5.1 Hz)
[109.11s] target 0 err=0.685 m | 560 plans, recent 185 ms/plan (5.1 Hz)
[110.27s] target 0 err=0.714 m | 566 plans, recent 180 ms/plan (5.1 Hz)
[111.33s] target 0 err=0.694 m | 571 plans, recent 189 ms/plan (5.1 Hz)
[112.46s] target 0 err=0.650 m | 577 plans, recent 190 ms/plan (5.1 Hz)
[113.57s] target 0 err=0.621 m | 582 plans, recent 207 ms/plan (5.1 Hz)
[114.65s] target 0 err=0.618 m | 588 plans, recent 198 ms/plan (5.1 Hz)
[115.66s] target 0 err=0.579 m | 594 plans, recent 192 ms/plan (5.1 Hz)
[116.73s] target 0 err=0.563 m | 599 plans, recent 191 ms/plan (5.1 Hz)
  reached_strict=False reached_5cm=False min_err=0.4882 violation=False safe_stall=True

=== [40/60] sqp_mpc seed=1 target=3 (0.5, 0.35, 0.18) ===
loaded=/home/home/mbd/koopman/mbd_koopman/out/franka/models/bk_seed1.pt
SQP-MPC: 3 SQP re-freezes, act_dist 999.0, whole_arm=True, 1 box(es), 62 keep-out rows/step (compiled once, DPP)
warm-up: 3 throwaway plans
[  1.05s] target 0 err=0.555 m | 6 plans, recent 221 ms/plan (5.7 Hz)
[  2.25s] target 0 err=0.514 m | 11 plans, recent 225 ms/plan (4.9 Hz)
[  3.36s] target 0 err=0.580 m | 16 plans, recent 226 ms/plan (4.8 Hz)
[  4.37s] target 0 err=0.518 m | 21 plans, recent 221 ms/plan (4.8 Hz)
[  5.44s] target 0 err=0.515 m | 25 plans, recent 232 ms/plan (4.6 Hz)
[  6.58s] target 0 err=0.510 m | 30 plans, recent 229 ms/plan (4.6 Hz)
[  7.76s] target 0 err=0.526 m | 35 plans, recent 231 ms/plan (4.5 Hz)
[  8.86s] target 0 err=0.537 m | 40 plans, recent 233 ms/plan (4.5 Hz)
[ 10.02s] target 0 err=0.644 m | 45 plans, recent 225 ms/plan (4.5 Hz)
[ 11.03s] target 0 err=0.529 m | 49 plans, recent 235 ms/plan (4.4 Hz)
[ 12.05s] target 0 err=0.474 m | 53 plans, recent 237 ms/plan (4.4 Hz)
[ 13.06s] target 0 err=0.507 m | 57 plans, recent 239 ms/plan (4.4 Hz)
[ 14.30s] target 0 err=0.598 m | 62 plans, recent 251 ms/plan (4.3 Hz)
[ 15.57s] target 0 err=0.703 m | 68 plans, recent 239 ms/plan (4.4 Hz)
[ 16.60s] target 0 err=0.817 m | 73 plans, recent 224 ms/plan (4.4 Hz)
[ 17.62s] target 0 err=0.851 m | 79 plans, recent 198 ms/plan (4.5 Hz)
[ 18.77s] target 0 err=0.857 m | 86 plans, recent 179 ms/plan (4.6 Hz)
[ 19.85s] target 0 err=0.866 m | 94 plans, recent 151 ms/plan (4.7 Hz)
[ 21.02s] target 0 err=0.854 m | 101 plans, recent 149 ms/plan (4.8 Hz)
[ 22.02s] target 0 err=0.840 m | 108 plans, recent 148 ms/plan (4.9 Hz)
[ 23.20s] target 0 err=0.842 m | 114 plans, recent 168 ms/plan (4.9 Hz)
[ 24.26s] target 0 err=0.838 m | 120 plans, recent 173 ms/plan (4.9 Hz)
[ 25.30s] target 0 err=0.835 m | 125 plans, recent 189 ms/plan (4.9 Hz)
[ 26.56s] target 0 err=0.869 m | 131 plans, recent 203 ms/plan (4.9 Hz)
[ 27.73s] target 0 err=0.898 m | 137 plans, recent 202 ms/plan (4.9 Hz)
[ 28.78s] target 0 err=0.871 m | 143 plans, recent 192 ms/plan (5.0 Hz)
[ 29.94s] target 0 err=0.872 m | 148 plans, recent 204 ms/plan (4.9 Hz)
[ 30.95s] target 0 err=0.892 m | 153 plans, recent 193 ms/plan (4.9 Hz)
[ 31.99s] target 0 err=0.910 m | 159 plans, recent 194 ms/plan (5.0 Hz)
[ 32.99s] target 0 err=0.864 m | 164 plans, recent 197 ms/plan (5.0 Hz)
[ 34.24s] target 0 err=0.661 m | 170 plans, recent 198 ms/plan (5.0 Hz)
[ 35.41s] target 0 err=0.630 m | 175 plans, recent 213 ms/plan (4.9 Hz)
[ 36.46s] target 0 err=0.650 m | 179 plans, recent 225 ms/plan (4.9 Hz)
[ 37.55s] target 0 err=0.674 m | 184 plans, recent 229 ms/plan (4.9 Hz)
[ 38.67s] target 0 err=0.693 m | 190 plans, recent 217 ms/plan (4.9 Hz)
[ 39.92s] target 0 err=0.684 m | 197 plans, recent 201 ms/plan (4.9 Hz)
[ 41.09s] target 0 err=0.648 m | 202 plans, recent 196 ms/plan (4.9 Hz)
[ 42.30s] target 0 err=0.632 m | 208 plans, recent 204 ms/plan (4.9 Hz)
[ 43.33s] target 0 err=0.595 m | 213 plans, recent 203 ms/plan (4.9 Hz)
[ 44.54s] target 0 err=0.494 m | 220 plans, recent 188 ms/plan (4.9 Hz)
[ 45.71s] target 0 err=0.457 m | 226 plans, recent 192 ms/plan (4.9 Hz)
[ 46.81s] target 0 err=0.433 m | 231 plans, recent 194 ms/plan (4.9 Hz)
[ 47.94s] target 0 err=0.438 m | 237 plans, recent 198 ms/plan (4.9 Hz)
[ 49.03s] target 0 err=0.455 m | 243 plans, recent 196 ms/plan (5.0 Hz)
[ 50.05s] target 0 err=0.413 m | 247 plans, recent 210 ms/plan (4.9 Hz)
[ 51.18s] target 0 err=0.400 m | 251 plans, recent 221 ms/plan (4.9 Hz)
[ 52.33s] target 0 err=0.467 m | 256 plans, recent 229 ms/plan (4.9 Hz)
[ 53.35s] target 0 err=0.471 m | 260 plans, recent 248 ms/plan (4.9 Hz)
[ 54.53s] target 0 err=0.405 m | 265 plans, recent 251 ms/plan (4.9 Hz)
[ 55.55s] target 0 err=0.283 m | 269 plans, recent 244 ms/plan (4.8 Hz)
[ 56.64s] target 0 err=0.144 m | 274 plans, recent 238 ms/plan (4.8 Hz)
[ 57.81s] target 0 err=0.103 m | 279 plans, recent 235 ms/plan (4.8 Hz)
[ 58.85s] target 0 err=0.072 m | 284 plans, recent 223 ms/plan (4.8 Hz)
[ 14.35s] target 0 strict reach (24.9 mm) in 14.35 s
  reached_strict=True reached_5cm=True min_err=0.0093 violation=False safe_stall=False

=== [41/60] sqp_mpc seed=1 target=4 (0.4, 0.28, 0.22) ===
loaded=/home/home/mbd/koopman/mbd_koopman/out/franka/models/bk_seed1.pt
SQP-MPC: 3 SQP re-freezes, act_dist 999.0, whole_arm=True, 1 box(es), 62 keep-out rows/step (compiled once, DPP)
warm-up: 3 throwaway plans
[  1.14s] target 0 err=0.512 m | 6 plans, recent 221 ms/plan (5.3 Hz)
[  2.21s] target 0 err=0.443 m | 11 plans, recent 219 ms/plan (5.0 Hz)
[  3.35s] target 0 err=0.516 m | 16 plans, recent 222 ms/plan (4.8 Hz)
[  4.42s] target 0 err=0.486 m | 21 plans, recent 223 ms/plan (4.7 Hz)
[  5.47s] target 0 err=0.486 m | 26 plans, recent 217 ms/plan (4.8 Hz)
[  6.48s] target 0 err=0.479 m | 31 plans, recent 213 ms/plan (4.8 Hz)
[  7.54s] target 0 err=0.490 m | 35 plans, recent 222 ms/plan (4.6 Hz)
[  8.71s] target 0 err=0.490 m | 40 plans, recent 228 ms/plan (4.6 Hz)
[  9.73s] target 0 err=0.470 m | 44 plans, recent 232 ms/plan (4.5 Hz)
[ 10.88s] target 0 err=0.533 m | 49 plans, recent 242 ms/plan (4.5 Hz)
[ 12.02s] target 0 err=0.552 m | 54 plans, recent 233 ms/plan (4.5 Hz)
[ 13.09s] target 0 err=0.504 m | 59 plans, recent 232 ms/plan (4.5 Hz)
[ 14.19s] target 0 err=0.593 m | 63 plans, recent 234 ms/plan (4.4 Hz)
[ 15.20s] target 0 err=0.680 m | 68 plans, recent 221 ms/plan (4.5 Hz)
[ 16.33s] target 0 err=0.712 m | 75 plans, recent 200 ms/plan (4.6 Hz)
[ 17.41s] target 0 err=0.733 m | 82 plans, recent 169 ms/plan (4.7 Hz)
[ 18.50s] target 0 err=0.751 m | 88 plans, recent 163 ms/plan (4.8 Hz)
[ 19.62s] target 0 err=0.764 m | 95 plans, recent 167 ms/plan (4.8 Hz)
[ 20.65s] target 0 err=0.764 m | 99 plans, recent 190 ms/plan (4.8 Hz)
[ 21.81s] target 0 err=0.759 m | 104 plans, recent 204 ms/plan (4.8 Hz)
[ 22.96s] target 0 err=0.744 m | 109 plans, recent 220 ms/plan (4.7 Hz)
[ 23.97s] target 0 err=0.734 m | 115 plans, recent 212 ms/plan (4.8 Hz)
[ 25.08s] target 0 err=0.721 m | 121 plans, recent 191 ms/plan (4.8 Hz)
[ 26.11s] target 0 err=0.723 m | 127 plans, recent 177 ms/plan (4.9 Hz)
[ 27.35s] target 0 err=0.733 m | 133 plans, recent 189 ms/plan (4.9 Hz)
[ 28.43s] target 0 err=0.751 m | 138 plans, recent 200 ms/plan (4.9 Hz)
[ 29.53s] target 0 err=0.765 m | 143 plans, recent 208 ms/plan (4.8 Hz)
[ 30.56s] target 0 err=0.775 m | 147 plans, recent 224 ms/plan (4.8 Hz)
[ 31.66s] target 0 err=0.758 m | 152 plans, recent 226 ms/plan (4.8 Hz)
[ 32.76s] target 0 err=0.709 m | 157 plans, recent 227 ms/plan (4.8 Hz)
[ 33.89s] target 0 err=0.719 m | 162 plans, recent 228 ms/plan (4.8 Hz)
[ 35.08s] target 0 err=0.775 m | 168 plans, recent 209 ms/plan (4.8 Hz)
[ 36.12s] target 0 err=0.720 m | 173 plans, recent 208 ms/plan (4.8 Hz)
[ 37.15s] target 0 err=0.684 m | 178 plans, recent 207 ms/plan (4.8 Hz)
[ 38.25s] target 0 err=0.658 m | 185 plans, recent 193 ms/plan (4.8 Hz)
[ 39.48s] target 0 err=0.660 m | 190 plans, recent 201 ms/plan (4.8 Hz)
[ 40.54s] target 0 err=0.645 m | 195 plans, recent 198 ms/plan (4.8 Hz)
[ 41.68s] target 0 err=0.653 m | 201 plans, recent 200 ms/plan (4.8 Hz)
[ 42.75s] target 0 err=0.647 m | 207 plans, recent 202 ms/plan (4.8 Hz)
[ 43.83s] target 0 err=0.678 m | 211 plans, recent 206 ms/plan (4.8 Hz)
[ 44.92s] target 0 err=0.724 m | 217 plans, recent 196 ms/plan (4.8 Hz)
[ 46.03s] target 0 err=0.734 m | 223 plans, recent 206 ms/plan (4.8 Hz)
[ 47.18s] target 0 err=0.718 m | 228 plans, recent 209 ms/plan (4.8 Hz)
[ 48.19s] target 0 err=0.744 m | 232 plans, recent 202 ms/plan (4.8 Hz)
[ 49.30s] target 0 err=0.732 m | 237 plans, recent 220 ms/plan (4.8 Hz)
[ 50.52s] target 0 err=0.786 m | 243 plans, recent 219 ms/plan (4.8 Hz)
[ 51.70s] target 0 err=0.785 m | 250 plans, recent 198 ms/plan (4.8 Hz)
[ 52.87s] target 0 err=0.795 m | 256 plans, recent 187 ms/plan (4.8 Hz)
[ 54.04s] target 0 err=0.776 m | 263 plans, recent 174 ms/plan (4.9 Hz)
[ 55.13s] target 0 err=0.761 m | 269 plans, recent 182 ms/plan (4.9 Hz)
[ 56.21s] target 0 err=0.760 m | 275 plans, recent 174 ms/plan (4.9 Hz)
[ 57.41s] target 0 err=0.776 m | 281 plans, recent 187 ms/plan (4.9 Hz)
[ 58.41s] target 0 err=0.812 m | 285 plans, recent 199 ms/plan (4.9 Hz)
[ 59.62s] target 0 err=0.848 m | 291 plans, recent 204 ms/plan (4.9 Hz)
[ 60.62s] target 0 err=0.799 m | 296 plans, recent 216 ms/plan (4.9 Hz)
[ 61.73s] target 0 err=0.719 m | 301 plans, recent 211 ms/plan (4.9 Hz)
[ 62.88s] target 0 err=0.613 m | 306 plans, recent 217 ms/plan (4.9 Hz)
[ 63.98s] target 0 err=0.577 m | 311 plans, recent 217 ms/plan (4.9 Hz)
[ 65.03s] target 0 err=0.612 m | 316 plans, recent 216 ms/plan (4.9 Hz)
[ 66.22s] target 0 err=0.660 m | 321 plans, recent 226 ms/plan (4.8 Hz)
[ 67.41s] target 0 err=0.716 m | 327 plans, recent 210 ms/plan (4.9 Hz)
[ 68.57s] target 0 err=0.725 m | 333 plans, recent 206 ms/plan (4.9 Hz)
[ 69.76s] target 0 err=0.734 m | 338 plans, recent 208 ms/plan (4.8 Hz)
[ 70.82s] target 0 err=0.743 m | 344 plans, recent 201 ms/plan (4.9 Hz)
[ 71.82s] target 0 err=0.746 m | 350 plans, recent 193 ms/plan (4.9 Hz)
[ 72.93s] target 0 err=0.753 m | 356 plans, recent 179 ms/plan (4.9 Hz)
[ 73.96s] target 0 err=0.739 m | 360 plans, recent 199 ms/plan (4.9 Hz)
[ 74.97s] target 0 err=0.706 m | 364 plans, recent 206 ms/plan (4.9 Hz)
[ 75.98s] target 0 err=0.717 m | 370 plans, recent 212 ms/plan (4.9 Hz)
[ 77.02s] target 0 err=0.742 m | 374 plans, recent 230 ms/plan (4.9 Hz)
[ 78.14s] target 0 err=0.781 m | 379 plans, recent 221 ms/plan (4.9 Hz)
[ 79.22s] target 0 err=0.799 m | 384 plans, recent 217 ms/plan (4.8 Hz)
[ 80.29s] target 0 err=0.806 m | 388 plans, recent 234 ms/plan (4.8 Hz)
[ 81.42s] target 0 err=0.821 m | 393 plans, recent 228 ms/plan (4.8 Hz)
[ 82.57s] target 0 err=0.797 m | 398 plans, recent 231 ms/plan (4.8 Hz)
[ 83.72s] target 0 err=0.675 m | 403 plans, recent 237 ms/plan (4.8 Hz)
[ 84.81s] target 0 err=0.590 m | 408 plans, recent 222 ms/plan (4.8 Hz)
[ 85.81s] target 0 err=0.614 m | 412 plans, recent 231 ms/plan (4.8 Hz)
[ 87.00s] target 0 err=0.643 m | 417 plans, recent 229 ms/plan (4.8 Hz)
[ 88.06s] target 0 err=0.685 m | 422 plans, recent 228 ms/plan (4.8 Hz)
[ 89.09s] target 0 err=0.718 m | 427 plans, recent 222 ms/plan (4.8 Hz)
[ 90.13s] target 0 err=0.742 m | 432 plans, recent 209 ms/plan (4.8 Hz)
[ 91.19s] target 0 err=0.764 m | 437 plans, recent 208 ms/plan (4.8 Hz)
[ 92.40s] target 0 err=0.744 m | 443 plans, recent 202 ms/plan (4.8 Hz)
[ 93.49s] target 0 err=0.680 m | 448 plans, recent 211 ms/plan (4.8 Hz)
[ 94.57s] target 0 err=0.624 m | 453 plans, recent 211 ms/plan (4.8 Hz)
[ 95.71s] target 0 err=0.598 m | 458 plans, recent 214 ms/plan (4.8 Hz)
[ 96.77s] target 0 err=0.596 m | 463 plans, recent 220 ms/plan (4.8 Hz)
[ 97.78s] target 0 err=0.629 m | 467 plans, recent 223 ms/plan (4.8 Hz)
[ 98.80s] target 0 err=0.662 m | 472 plans, recent 220 ms/plan (4.8 Hz)
[100.03s] target 0 err=0.660 m | 477 plans, recent 226 ms/plan (4.8 Hz)
[101.18s] target 0 err=0.668 m | 482 plans, recent 232 ms/plan (4.8 Hz)
[102.20s] target 0 err=0.672 m | 486 plans, recent 232 ms/plan (4.8 Hz)
[103.34s] target 0 err=0.674 m | 491 plans, recent 239 ms/plan (4.8 Hz)
[104.36s] target 0 err=0.674 m | 495 plans, recent 240 ms/plan (4.7 Hz)
[105.44s] target 0 err=0.675 m | 500 plans, recent 233 ms/plan (4.7 Hz)
[106.70s] target 0 err=0.676 m | 505 plans, recent 235 ms/plan (4.7 Hz)
[107.75s] target 0 err=0.667 m | 509 plans, recent 238 ms/plan (4.7 Hz)
[108.90s] target 0 err=0.615 m | 515 plans, recent 226 ms/plan (4.7 Hz)
[110.04s] target 0 err=0.580 m | 520 plans, recent 231 ms/plan (4.7 Hz)
[111.10s] target 0 err=0.533 m | 524 plans, recent 230 ms/plan (4.7 Hz)
[112.31s] target 0 err=0.467 m | 529 plans, recent 227 ms/plan (4.7 Hz)
[113.56s] target 0 err=0.426 m | 534 plans, recent 242 ms/plan (4.7 Hz)
[114.59s] target 0 err=0.406 m | 538 plans, recent 255 ms/plan (4.7 Hz)
[115.67s] target 0 err=0.358 m | 542 plans, recent 254 ms/plan (4.7 Hz)
[116.91s] target 0 err=0.278 m | 547 plans, recent 252 ms/plan (4.7 Hz)
[117.96s] target 0 err=0.220 m | 551 plans, recent 258 ms/plan (4.7 Hz)
[119.11s] target 0 err=0.159 m | 556 plans, recent 252 ms/plan (4.7 Hz)
[120.13s] target 0 err=0.135 m | 560 plans, recent 248 ms/plan (4.7 Hz)
[121.38s] target 0 err=0.123 m | 565 plans, recent 251 ms/plan (4.7 Hz)
[122.62s] target 0 err=0.120 m | 570 plans, recent 243 ms/plan (4.6 Hz)
[123.84s] target 0 err=0.122 m | 575 plans, recent 248 ms/plan (4.6 Hz)
[125.06s] target 0 err=0.128 m | 580 plans, recent 248 ms/plan (4.6 Hz)
[126.19s] target 0 err=0.131 m | 584 plans, recent 254 ms/plan (4.6 Hz)
[127.20s] target 0 err=0.131 m | 588 plans, recent 255 ms/plan (4.6 Hz)
[128.35s] target 0 err=0.129 m | 592 plans, recent 263 ms/plan (4.6 Hz)
[129.46s] target 0 err=0.128 m | 596 plans, recent 271 ms/plan (4.6 Hz)
  reached_strict=False reached_5cm=False min_err=0.1200 violation=False safe_stall=True

=== [42/60] sqp_mpc seed=1 target=5 (0.48, 0.33, 0.19) ===
loaded=/home/home/mbd/koopman/mbd_koopman/out/franka/models/bk_seed1.pt
SQP-MPC: 3 SQP re-freezes, act_dist 999.0, whole_arm=True, 1 box(es), 62 keep-out rows/step (compiled once, DPP)
warm-up: 3 throwaway plans
[  1.26s] target 0 err=0.571 m | 6 plans, recent 250 ms/plan (4.8 Hz)
[  2.30s] target 0 err=0.534 m | 11 plans, recent 230 ms/plan (4.8 Hz)
[  3.36s] target 0 err=0.518 m | 16 plans, recent 227 ms/plan (4.8 Hz)
[  4.51s] target 0 err=0.509 m | 21 plans, recent 222 ms/plan (4.7 Hz)
[  5.56s] target 0 err=0.498 m | 26 plans, recent 210 ms/plan (4.7 Hz)
[  6.57s] target 0 err=0.518 m | 31 plans, recent 214 ms/plan (4.7 Hz)
[  7.62s] target 0 err=0.514 m | 35 plans, recent 226 ms/plan (4.6 Hz)
[  8.64s] target 0 err=0.519 m | 39 plans, recent 230 ms/plan (4.5 Hz)
[  9.78s] target 0 err=0.602 m | 43 plans, recent 240 ms/plan (4.4 Hz)
[ 10.80s] target 0 err=0.559 m | 47 plans, recent 251 ms/plan (4.4 Hz)
[ 11.91s] target 0 err=0.471 m | 52 plans, recent 254 ms/plan (4.4 Hz)
[ 13.16s] target 0 err=0.538 m | 57 plans, recent 249 ms/plan (4.3 Hz)
[ 14.28s] target 0 err=0.615 m | 62 plans, recent 234 ms/plan (4.3 Hz)
[ 15.46s] target 0 err=0.593 m | 67 plans, recent 234 ms/plan (4.3 Hz)
[ 16.55s] target 0 err=0.605 m | 71 plans, recent 245 ms/plan (4.3 Hz)
[ 17.70s] target 0 err=0.657 m | 75 plans, recent 253 ms/plan (4.2 Hz)
[ 18.71s] target 0 err=0.706 m | 80 plans, recent 239 ms/plan (4.3 Hz)
[ 19.74s] target 0 err=0.772 m | 86 plans, recent 224 ms/plan (4.4 Hz)
[ 20.91s] target 0 err=0.806 m | 94 plans, recent 165 ms/plan (4.5 Hz)
[ 21.92s] target 0 err=0.793 m | 102 plans, recent 134 ms/plan (4.7 Hz)
[ 22.93s] target 0 err=0.771 m | 109 plans, recent 131 ms/plan (4.8 Hz)
[ 23.95s] target 0 err=0.722 m | 114 plans, recent 157 ms/plan (4.8 Hz)
[ 25.04s] target 0 err=0.673 m | 119 plans, recent 181 ms/plan (4.8 Hz)
[ 26.22s] target 0 err=0.671 m | 124 plans, recent 201 ms/plan (4.7 Hz)
[ 27.28s] target 0 err=0.734 m | 129 plans, recent 221 ms/plan (4.7 Hz)
[ 28.40s] target 0 err=0.756 m | 136 plans, recent 201 ms/plan (4.8 Hz)
[ 29.45s] target 0 err=0.789 m | 142 plans, recent 180 ms/plan (4.8 Hz)
[ 30.53s] target 0 err=0.820 m | 148 plans, recent 171 ms/plan (4.8 Hz)
[ 31.62s] target 0 err=0.840 m | 154 plans, recent 176 ms/plan (4.9 Hz)
[ 32.71s] target 0 err=0.867 m | 162 plans, recent 161 ms/plan (5.0 Hz)
[ 33.77s] target 0 err=0.887 m | 169 plans, recent 153 ms/plan (5.0 Hz)
[ 34.88s] target 0 err=0.856 m | 176 plans, recent 152 ms/plan (5.0 Hz)
[ 36.00s] target 0 err=0.839 m | 184 plans, recent 151 ms/plan (5.1 Hz)
[ 37.06s] target 0 err=0.809 m | 192 plans, recent 136 ms/plan (5.2 Hz)
[ 38.22s] target 0 err=0.810 m | 200 plans, recent 133 ms/plan (5.2 Hz)
[ 39.24s] target 0 err=0.836 m | 208 plans, recent 135 ms/plan (5.3 Hz)
[ 40.32s] target 0 err=0.874 m | 215 plans, recent 143 ms/plan (5.3 Hz)
[ 41.32s] target 0 err=0.853 m | 221 plans, recent 148 ms/plan (5.3 Hz)
[ 42.37s] target 0 err=0.783 m | 228 plans, recent 159 ms/plan (5.4 Hz)
[ 43.50s] target 0 err=0.782 m | 233 plans, recent 172 ms/plan (5.4 Hz)
[ 44.67s] target 0 err=0.790 m | 239 plans, recent 184 ms/plan (5.4 Hz)
[ 45.72s] target 0 err=0.791 m | 243 plans, recent 216 ms/plan (5.3 Hz)
[ 46.74s] target 0 err=0.801 m | 248 plans, recent 212 ms/plan (5.3 Hz)
[ 47.75s] target 0 err=0.804 m | 253 plans, recent 214 ms/plan (5.3 Hz)
[ 48.84s] target 0 err=0.762 m | 258 plans, recent 213 ms/plan (5.3 Hz)
[ 49.94s] target 0 err=0.733 m | 264 plans, recent 203 ms/plan (5.3 Hz)
[ 51.13s] target 0 err=0.745 m | 269 plans, recent 215 ms/plan (5.3 Hz)
[ 52.24s] target 0 err=0.773 m | 276 plans, recent 186 ms/plan (5.3 Hz)
[ 53.33s] target 0 err=0.814 m | 282 plans, recent 187 ms/plan (5.3 Hz)
[ 54.37s] target 0 err=0.843 m | 287 plans, recent 182 ms/plan (5.3 Hz)
[ 55.39s] target 0 err=0.840 m | 294 plans, recent 175 ms/plan (5.3 Hz)
[ 56.50s] target 0 err=0.827 m | 300 plans, recent 176 ms/plan (5.3 Hz)
[ 57.60s] target 0 err=0.829 m | 306 plans, recent 166 ms/plan (5.3 Hz)
[ 58.66s] target 0 err=0.837 m | 312 plans, recent 176 ms/plan (5.3 Hz)
[ 59.67s] target 0 err=0.851 m | 318 plans, recent 180 ms/plan (5.3 Hz)
[ 60.72s] target 0 err=0.849 m | 326 plans, recent 155 ms/plan (5.4 Hz)
[ 61.75s] target 0 err=0.838 m | 334 plans, recent 135 ms/plan (5.4 Hz)
[ 62.89s] target 0 err=0.839 m | 341 plans, recent 141 ms/plan (5.4 Hz)
[ 64.08s] target 0 err=0.869 m | 349 plans, recent 152 ms/plan (5.4 Hz)
[ 65.17s] target 0 err=0.888 m | 355 plans, recent 163 ms/plan (5.4 Hz)
[ 66.21s] target 0 err=0.855 m | 360 plans, recent 176 ms/plan (5.4 Hz)
[ 67.30s] target 0 err=0.782 m | 366 plans, recent 194 ms/plan (5.4 Hz)
[ 68.33s] target 0 err=0.708 m | 371 plans, recent 197 ms/plan (5.4 Hz)
[ 69.33s] target 0 err=0.666 m | 376 plans, recent 198 ms/plan (5.4 Hz)
[ 70.39s] target 0 err=0.662 m | 381 plans, recent 200 ms/plan (5.4 Hz)
[ 71.44s] target 0 err=0.679 m | 386 plans, recent 200 ms/plan (5.4 Hz)
[ 72.45s] target 0 err=0.650 m | 392 plans, recent 198 ms/plan (5.4 Hz)
[ 73.55s] target 0 err=0.617 m | 397 plans, recent 195 ms/plan (5.4 Hz)
[ 74.72s] target 0 err=0.579 m | 403 plans, recent 196 ms/plan (5.4 Hz)
[ 75.74s] target 0 err=0.564 m | 408 plans, recent 196 ms/plan (5.4 Hz)
[ 76.97s] target 0 err=0.545 m | 414 plans, recent 206 ms/plan (5.4 Hz)
[ 78.18s] target 0 err=0.536 m | 420 plans, recent 198 ms/plan (5.4 Hz)
[ 79.22s] target 0 err=0.519 m | 425 plans, recent 201 ms/plan (5.4 Hz)
[ 80.41s] target 0 err=0.443 m | 431 plans, recent 206 ms/plan (5.4 Hz)
[ 81.61s] target 0 err=0.381 m | 436 plans, recent 210 ms/plan (5.3 Hz)
[ 82.75s] target 0 err=0.320 m | 442 plans, recent 201 ms/plan (5.3 Hz)
[ 83.96s] target 0 err=0.248 m | 448 plans, recent 212 ms/plan (5.3 Hz)
[ 85.01s] target 0 err=0.214 m | 452 plans, recent 214 ms/plan (5.3 Hz)
[ 86.08s] target 0 err=0.209 m | 457 plans, recent 214 ms/plan (5.3 Hz)
[ 87.18s] target 0 err=0.162 m | 462 plans, recent 225 ms/plan (5.3 Hz)
[ 88.19s] target 0 err=0.089 m | 468 plans, recent 204 ms/plan (5.3 Hz)
[ 23.80s] target 0 strict reach (24.0 mm) in 23.80 s
[ 89.20s] target 0 err=0.015 m | 480 plans, recent 117 ms/plan (5.4 Hz)
  reached_strict=True reached_5cm=True min_err=0.0129 violation=False safe_stall=False

=== [43/60] sqp_mpc seed=2 target=0 (0.45, 0.3, 0.2) ===
loaded=/home/home/mbd/koopman/mbd_koopman/out/franka/models/bk_seed2.pt
SQP-MPC: 3 SQP re-freezes, act_dist 999.0, whole_arm=True, 1 box(es), 62 keep-out rows/step (compiled once, DPP)
warm-up: 3 throwaway plans
[  1.22s] target 0 err=0.527 m | 6 plans, recent 251 ms/plan (4.9 Hz)
[  2.29s] target 0 err=0.446 m | 10 plans, recent 256 ms/plan (4.4 Hz)
[  3.38s] target 0 err=0.438 m | 14 plans, recent 261 ms/plan (4.1 Hz)
[  4.46s] target 0 err=0.449 m | 18 plans, recent 262 ms/plan (4.0 Hz)
[  5.49s] target 0 err=0.437 m | 22 plans, recent 260 ms/plan (4.0 Hz)
[  6.52s] target 0 err=0.444 m | 26 plans, recent 264 ms/plan (4.0 Hz)
[  7.60s] target 0 err=0.466 m | 30 plans, recent 265 ms/plan (3.9 Hz)
[  8.71s] target 0 err=0.504 m | 34 plans, recent 266 ms/plan (3.9 Hz)
[  9.77s] target 0 err=0.548 m | 38 plans, recent 265 ms/plan (3.9 Hz)
[ 10.77s] target 0 err=0.595 m | 42 plans, recent 258 ms/plan (3.9 Hz)
[ 11.88s] target 0 err=0.586 m | 47 plans, recent 253 ms/plan (4.0 Hz)
[ 12.93s] target 0 err=0.571 m | 51 plans, recent 252 ms/plan (3.9 Hz)
[ 14.03s] target 0 err=0.595 m | 55 plans, recent 249 ms/plan (3.9 Hz)
[ 15.12s] target 0 err=0.643 m | 60 plans, recent 238 ms/plan (4.0 Hz)
[ 16.12s] target 0 err=0.639 m | 65 plans, recent 234 ms/plan (4.0 Hz)
[ 17.14s] target 0 err=0.606 m | 69 plans, recent 232 ms/plan (4.0 Hz)
[ 18.15s] target 0 err=0.612 m | 76 plans, recent 194 ms/plan (4.2 Hz)
[ 19.22s] target 0 err=0.749 m | 83 plans, recent 168 ms/plan (4.3 Hz)
[ 20.22s] target 0 err=0.826 m | 90 plans, recent 145 ms/plan (4.5 Hz)
[ 21.32s] target 0 err=0.852 m | 95 plans, recent 171 ms/plan (4.5 Hz)
[ 22.44s] target 0 err=0.682 m | 102 plans, recent 174 ms/plan (4.5 Hz)
[ 23.50s] target 0 err=0.579 m | 107 plans, recent 190 ms/plan (4.6 Hz)
[ 24.66s] target 0 err=0.512 m | 113 plans, recent 187 ms/plan (4.6 Hz)
[ 25.71s] target 0 err=0.485 m | 119 plans, recent 190 ms/plan (4.6 Hz)
[ 26.81s] target 0 err=0.514 m | 126 plans, recent 172 ms/plan (4.7 Hz)
[ 27.92s] target 0 err=0.544 m | 131 plans, recent 182 ms/plan (4.7 Hz)
[ 28.93s] target 0 err=0.516 m | 136 plans, recent 191 ms/plan (4.7 Hz)
[ 30.09s] target 0 err=0.426 m | 141 plans, recent 208 ms/plan (4.7 Hz)
[ 31.31s] target 0 err=0.398 m | 146 plans, recent 227 ms/plan (4.7 Hz)
[ 32.38s] target 0 err=0.434 m | 151 plans, recent 225 ms/plan (4.7 Hz)
[ 33.55s] target 0 err=0.419 m | 156 plans, recent 227 ms/plan (4.6 Hz)
[ 34.68s] target 0 err=0.320 m | 161 plans, recent 231 ms/plan (4.6 Hz)
[ 35.84s] target 0 err=0.322 m | 166 plans, recent 227 ms/plan (4.6 Hz)
[ 36.94s] target 0 err=0.295 m | 171 plans, recent 228 ms/plan (4.6 Hz)
[ 38.10s] target 0 err=0.304 m | 175 plans, recent 240 ms/plan (4.6 Hz)
[ 39.11s] target 0 err=0.331 m | 179 plans, recent 245 ms/plan (4.6 Hz)
[ 40.24s] target 0 err=0.335 m | 184 plans, recent 241 ms/plan (4.6 Hz)
[ 41.45s] target 0 err=0.328 m | 189 plans, recent 248 ms/plan (4.6 Hz)
[ 42.62s] target 0 err=0.335 m | 194 plans, recent 233 ms/plan (4.6 Hz)
[ 43.65s] target 0 err=0.344 m | 200 plans, recent 216 ms/plan (4.6 Hz)
[ 44.68s] target 0 err=0.359 m | 204 plans, recent 220 ms/plan (4.6 Hz)
[ 45.76s] target 0 err=0.378 m | 210 plans, recent 199 ms/plan (4.6 Hz)
[ 46.85s] target 0 err=0.363 m | 217 plans, recent 186 ms/plan (4.6 Hz)
[ 48.07s] target 0 err=0.355 m | 222 plans, recent 195 ms/plan (4.6 Hz)
[ 49.13s] target 0 err=0.377 m | 226 plans, recent 202 ms/plan (4.6 Hz)
[ 50.16s] target 0 err=0.354 m | 231 plans, recent 214 ms/plan (4.6 Hz)
[ 51.18s] target 0 err=0.342 m | 236 plans, recent 222 ms/plan (4.6 Hz)
[ 52.30s] target 0 err=0.324 m | 242 plans, recent 211 ms/plan (4.6 Hz)
[ 53.44s] target 0 err=0.337 m | 247 plans, recent 195 ms/plan (4.6 Hz)
[ 54.50s] target 0 err=0.360 m | 253 plans, recent 196 ms/plan (4.6 Hz)
[ 55.55s] target 0 err=0.390 m | 257 plans, recent 211 ms/plan (4.6 Hz)
[ 56.60s] target 0 err=0.446 m | 263 plans, recent 202 ms/plan (4.6 Hz)
[ 57.72s] target 0 err=0.469 m | 267 plans, recent 219 ms/plan (4.6 Hz)
[ 58.88s] target 0 err=0.474 m | 271 plans, recent 241 ms/plan (4.6 Hz)
[ 59.93s] target 0 err=0.394 m | 275 plans, recent 239 ms/plan (4.6 Hz)
[ 61.12s] target 0 err=0.384 m | 281 plans, recent 248 ms/plan (4.6 Hz)
[ 62.18s] target 0 err=0.478 m | 286 plans, recent 235 ms/plan (4.6 Hz)
[ 63.30s] target 0 err=0.489 m | 291 plans, recent 214 ms/plan (4.6 Hz)
[ 64.38s] target 0 err=0.420 m | 296 plans, recent 215 ms/plan (4.6 Hz)
[ 65.53s] target 0 err=0.421 m | 301 plans, recent 221 ms/plan (4.6 Hz)
[ 66.72s] target 0 err=0.481 m | 306 plans, recent 221 ms/plan (4.6 Hz)
[ 67.84s] target 0 err=0.367 m | 312 plans, recent 216 ms/plan (4.6 Hz)
[ 68.91s] target 0 err=0.433 m | 318 plans, recent 201 ms/plan (4.6 Hz)
[ 69.91s] target 0 err=0.292 m | 325 plans, recent 165 ms/plan (4.6 Hz)
[ 70.94s] target 0 err=0.240 m | 330 plans, recent 176 ms/plan (4.7 Hz)
[ 72.00s] target 0 err=0.277 m | 335 plans, recent 176 ms/plan (4.7 Hz)
[ 73.25s] target 0 err=0.296 m | 340 plans, recent 210 ms/plan (4.6 Hz)
[ 74.52s] target 0 err=0.310 m | 345 plans, recent 235 ms/plan (4.6 Hz)
[ 75.64s] target 0 err=0.325 m | 350 plans, recent 232 ms/plan (4.6 Hz)
[ 76.67s] target 0 err=0.342 m | 355 plans, recent 231 ms/plan (4.6 Hz)
[ 77.88s] target 0 err=0.350 m | 361 plans, recent 218 ms/plan (4.6 Hz)
[ 78.90s] target 0 err=0.369 m | 366 plans, recent 210 ms/plan (4.6 Hz)
[ 80.03s] target 0 err=0.350 m | 371 plans, recent 209 ms/plan (4.6 Hz)
[ 81.19s] target 0 err=0.339 m | 376 plans, recent 218 ms/plan (4.6 Hz)
[ 82.24s] target 0 err=0.318 m | 380 plans, recent 229 ms/plan (4.6 Hz)
[ 83.44s] target 0 err=0.317 m | 385 plans, recent 239 ms/plan (4.6 Hz)
[ 84.67s] target 0 err=0.297 m | 390 plans, recent 245 ms/plan (4.6 Hz)
[ 85.92s] target 0 err=0.306 m | 395 plans, recent 246 ms/plan (4.6 Hz)
[ 87.13s] target 0 err=0.309 m | 400 plans, recent 245 ms/plan (4.6 Hz)
[ 88.17s] target 0 err=0.327 m | 405 plans, recent 232 ms/plan (4.6 Hz)
[ 89.23s] target 0 err=0.339 m | 410 plans, recent 225 ms/plan (4.6 Hz)
[ 90.43s] target 0 err=0.345 m | 416 plans, recent 216 ms/plan (4.6 Hz)
[ 91.53s] target 0 err=0.347 m | 421 plans, recent 207 ms/plan (4.6 Hz)
[ 92.64s] target 0 err=0.343 m | 426 plans, recent 216 ms/plan (4.6 Hz)
[ 93.69s] target 0 err=0.335 m | 431 plans, recent 207 ms/plan (4.6 Hz)
[ 94.81s] target 0 err=0.327 m | 437 plans, recent 207 ms/plan (4.6 Hz)
[ 95.90s] target 0 err=0.320 m | 442 plans, recent 208 ms/plan (4.6 Hz)
[ 97.08s] target 0 err=0.315 m | 447 plans, recent 212 ms/plan (4.6 Hz)
[ 98.11s] target 0 err=0.321 m | 451 plans, recent 227 ms/plan (4.6 Hz)
[ 99.23s] target 0 err=0.343 m | 456 plans, recent 231 ms/plan (4.6 Hz)
[100.27s] target 0 err=0.356 m | 461 plans, recent 229 ms/plan (4.6 Hz)
[101.38s] target 0 err=0.347 m | 466 plans, recent 224 ms/plan (4.6 Hz)
[102.52s] target 0 err=0.344 m | 472 plans, recent 205 ms/plan (4.6 Hz)
[103.79s] target 0 err=0.333 m | 479 plans, recent 195 ms/plan (4.6 Hz)
[104.91s] target 0 err=0.323 m | 484 plans, recent 201 ms/plan (4.6 Hz)
[105.93s] target 0 err=0.315 m | 488 plans, recent 208 ms/plan (4.6 Hz)
[106.99s] target 0 err=0.315 m | 492 plans, recent 226 ms/plan (4.6 Hz)
[108.05s] target 0 err=0.315 m | 496 plans, recent 242 ms/plan (4.6 Hz)
[109.19s] target 0 err=0.326 m | 502 plans, recent 230 ms/plan (4.6 Hz)
[110.23s] target 0 err=0.327 m | 507 plans, recent 226 ms/plan (4.6 Hz)
[111.49s] target 0 err=0.328 m | 512 plans, recent 216 ms/plan (4.6 Hz)
[112.53s] target 0 err=0.331 m | 518 plans, recent 211 ms/plan (4.6 Hz)
[113.60s] target 0 err=0.336 m | 524 plans, recent 199 ms/plan (4.6 Hz)
[114.86s] target 0 err=0.338 m | 531 plans, recent 178 ms/plan (4.6 Hz)
[115.90s] target 0 err=0.339 m | 537 plans, recent 173 ms/plan (4.6 Hz)
[117.05s] target 0 err=0.340 m | 543 plans, recent 184 ms/plan (4.6 Hz)
[118.14s] target 0 err=0.340 m | 548 plans, recent 197 ms/plan (4.6 Hz)
[119.24s] target 0 err=0.341 m | 553 plans, recent 201 ms/plan (4.6 Hz)
[120.40s] target 0 err=0.341 m | 558 plans, recent 220 ms/plan (4.6 Hz)
[121.47s] target 0 err=0.340 m | 563 plans, recent 218 ms/plan (4.6 Hz)
[122.57s] target 0 err=0.340 m | 568 plans, recent 217 ms/plan (4.6 Hz)
[123.68s] target 0 err=0.339 m | 574 plans, recent 208 ms/plan (4.6 Hz)
[124.88s] target 0 err=0.339 m | 579 plans, recent 215 ms/plan (4.6 Hz)
[126.09s] target 0 err=0.339 m | 586 plans, recent 198 ms/plan (4.6 Hz)
[127.17s] target 0 err=0.339 m | 591 plans, recent 201 ms/plan (4.6 Hz)
[128.21s] target 0 err=0.339 m | 596 plans, recent 203 ms/plan (4.6 Hz)
  reached_strict=False reached_5cm=False min_err=0.2382 violation=False safe_stall=True

=== [44/60] sqp_mpc seed=2 target=1 (0.55, 0.3, 0.2) ===
loaded=/home/home/mbd/koopman/mbd_koopman/out/franka/models/bk_seed2.pt
SQP-MPC: 3 SQP re-freezes, act_dist 999.0, whole_arm=True, 1 box(es), 62 keep-out rows/step (compiled once, DPP)
warm-up: 3 throwaway plans
[  1.01s] target 0 err=0.566 m | 5 plans, recent 239 ms/plan (4.9 Hz)
[  2.08s] target 0 err=0.485 m | 10 plans, recent 227 ms/plan (4.8 Hz)
[  3.22s] target 0 err=0.488 m | 15 plans, recent 232 ms/plan (4.7 Hz)
[  4.30s] target 0 err=0.508 m | 19 plans, recent 237 ms/plan (4.4 Hz)
[  5.48s] target 0 err=0.559 m | 24 plans, recent 233 ms/plan (4.4 Hz)
[  6.68s] target 0 err=0.623 m | 29 plans, recent 238 ms/plan (4.3 Hz)
[  7.92s] target 0 err=0.651 m | 35 plans, recent 234 ms/plan (4.4 Hz)
[  8.92s] target 0 err=0.687 m | 40 plans, recent 217 ms/plan (4.5 Hz)
[ 10.13s] target 0 err=0.673 m | 46 plans, recent 212 ms/plan (4.5 Hz)
[ 11.18s] target 0 err=0.695 m | 51 plans, recent 211 ms/plan (4.6 Hz)
[ 12.45s] target 0 err=0.718 m | 56 plans, recent 210 ms/plan (4.5 Hz)
[ 13.57s] target 0 err=0.634 m | 61 plans, recent 227 ms/plan (4.5 Hz)
[ 14.64s] target 0 err=0.612 m | 65 plans, recent 237 ms/plan (4.4 Hz)
[ 15.78s] target 0 err=0.819 m | 70 plans, recent 240 ms/plan (4.4 Hz)
[ 16.81s] target 0 err=0.899 m | 76 plans, recent 213 ms/plan (4.5 Hz)
[ 17.83s] target 0 err=0.895 m | 82 plans, recent 194 ms/plan (4.6 Hz)
[ 19.09s] target 0 err=0.932 m | 90 plans, recent 165 ms/plan (4.7 Hz)
[ 20.13s] target 0 err=0.799 m | 95 plans, recent 174 ms/plan (4.7 Hz)
[ 21.31s] target 0 err=0.631 m | 102 plans, recent 172 ms/plan (4.8 Hz)
[ 22.45s] target 0 err=0.745 m | 108 plans, recent 192 ms/plan (4.8 Hz)
[ 23.50s] target 0 err=0.791 m | 114 plans, recent 178 ms/plan (4.9 Hz)
[ 24.79s] target 0 err=0.608 m | 120 plans, recent 198 ms/plan (4.8 Hz)
[ 25.89s] target 0 err=0.587 m | 126 plans, recent 189 ms/plan (4.9 Hz)
[ 26.96s] target 0 err=0.581 m | 131 plans, recent 203 ms/plan (4.9 Hz)
[ 28.09s] target 0 err=0.454 m | 138 plans, recent 188 ms/plan (4.9 Hz)
[ 29.10s] target 0 err=0.428 m | 143 plans, recent 183 ms/plan (4.9 Hz)
[ 30.22s] target 0 err=0.419 m | 148 plans, recent 191 ms/plan (4.9 Hz)
[ 31.28s] target 0 err=0.417 m | 153 plans, recent 205 ms/plan (4.9 Hz)
[ 32.44s] target 0 err=0.410 m | 158 plans, recent 215 ms/plan (4.9 Hz)
[ 33.55s] target 0 err=0.409 m | 164 plans, recent 212 ms/plan (4.9 Hz)
[ 34.64s] target 0 err=0.408 m | 169 plans, recent 213 ms/plan (4.9 Hz)
[ 35.70s] target 0 err=0.407 m | 174 plans, recent 205 ms/plan (4.9 Hz)
[ 36.85s] target 0 err=0.407 m | 179 plans, recent 213 ms/plan (4.9 Hz)
[ 37.86s] target 0 err=0.406 m | 185 plans, recent 203 ms/plan (4.9 Hz)
[ 38.88s] target 0 err=0.402 m | 190 plans, recent 198 ms/plan (4.9 Hz)
[ 39.99s] target 0 err=0.396 m | 195 plans, recent 205 ms/plan (4.9 Hz)
[ 41.06s] target 0 err=0.390 m | 201 plans, recent 189 ms/plan (4.9 Hz)
[ 42.07s] target 0 err=0.386 m | 206 plans, recent 197 ms/plan (4.9 Hz)
[ 43.09s] target 0 err=0.383 m | 211 plans, recent 199 ms/plan (4.9 Hz)
[ 44.27s] target 0 err=0.381 m | 217 plans, recent 197 ms/plan (4.9 Hz)
[ 45.48s] target 0 err=0.378 m | 222 plans, recent 213 ms/plan (4.9 Hz)
[ 46.64s] target 0 err=0.380 m | 227 plans, recent 215 ms/plan (4.9 Hz)
[ 47.72s] target 0 err=0.393 m | 232 plans, recent 221 ms/plan (4.9 Hz)
[ 48.99s] target 0 err=0.375 m | 239 plans, recent 213 ms/plan (4.9 Hz)
[ 50.11s] target 0 err=0.372 m | 244 plans, recent 206 ms/plan (4.9 Hz)
[ 51.25s] target 0 err=0.374 m | 250 plans, recent 195 ms/plan (4.9 Hz)
[ 52.40s] target 0 err=0.346 m | 255 plans, recent 210 ms/plan (4.9 Hz)
[ 53.41s] target 0 err=0.337 m | 260 plans, recent 206 ms/plan (4.9 Hz)
[ 54.51s] target 0 err=0.337 m | 266 plans, recent 198 ms/plan (4.9 Hz)
[ 55.68s] target 0 err=0.350 m | 272 plans, recent 191 ms/plan (4.9 Hz)
[ 56.72s] target 0 err=0.335 m | 279 plans, recent 170 ms/plan (4.9 Hz)
[ 57.74s] target 0 err=0.327 m | 285 plans, recent 168 ms/plan (4.9 Hz)
[ 58.82s] target 0 err=0.327 m | 292 plans, recent 158 ms/plan (5.0 Hz)
[ 59.99s] target 0 err=0.329 m | 299 plans, recent 164 ms/plan (5.0 Hz)
[ 61.02s] target 0 err=0.331 m | 305 plans, recent 166 ms/plan (5.0 Hz)
[ 62.04s] target 0 err=0.332 m | 311 plans, recent 171 ms/plan (5.0 Hz)
[ 63.22s] target 0 err=0.333 m | 318 plans, recent 170 ms/plan (5.0 Hz)
[ 64.33s] target 0 err=0.335 m | 325 plans, recent 163 ms/plan (5.1 Hz)
[ 65.38s] target 0 err=0.338 m | 332 plans, recent 151 ms/plan (5.1 Hz)
[ 66.45s] target 0 err=0.340 m | 339 plans, recent 151 ms/plan (5.1 Hz)
[ 67.51s] target 0 err=0.340 m | 345 plans, recent 160 ms/plan (5.1 Hz)
[ 68.67s] target 0 err=0.340 m | 351 plans, recent 173 ms/plan (5.1 Hz)
[ 69.81s] target 0 err=0.340 m | 357 plans, recent 187 ms/plan (5.1 Hz)
[ 70.84s] target 0 err=0.341 m | 362 plans, recent 194 ms/plan (5.1 Hz)
[ 71.84s] target 0 err=0.344 m | 367 plans, recent 198 ms/plan (5.1 Hz)
[ 73.08s] target 0 err=0.352 m | 372 plans, recent 214 ms/plan (5.1 Hz)
[ 74.20s] target 0 err=0.366 m | 377 plans, recent 219 ms/plan (5.1 Hz)
[ 75.25s] target 0 err=0.376 m | 382 plans, recent 223 ms/plan (5.1 Hz)
[ 76.35s] target 0 err=0.376 m | 387 plans, recent 224 ms/plan (5.1 Hz)
[ 77.41s] target 0 err=0.368 m | 393 plans, recent 200 ms/plan (5.1 Hz)
[ 78.49s] target 0 err=0.359 m | 398 plans, recent 205 ms/plan (5.1 Hz)
[ 79.60s] target 0 err=0.361 m | 403 plans, recent 203 ms/plan (5.1 Hz)
[ 80.76s] target 0 err=0.360 m | 410 plans, recent 194 ms/plan (5.1 Hz)
[ 81.84s] target 0 err=0.356 m | 416 plans, recent 194 ms/plan (5.1 Hz)
[ 82.90s] target 0 err=0.356 m | 421 plans, recent 189 ms/plan (5.1 Hz)
[ 84.04s] target 0 err=0.358 m | 426 plans, recent 198 ms/plan (5.1 Hz)
[ 85.09s] target 0 err=0.359 m | 433 plans, recent 188 ms/plan (5.1 Hz)
[ 86.29s] target 0 err=0.360 m | 439 plans, recent 193 ms/plan (5.1 Hz)
[ 87.33s] target 0 err=0.361 m | 444 plans, recent 180 ms/plan (5.1 Hz)
[ 88.35s] target 0 err=0.365 m | 449 plans, recent 194 ms/plan (5.1 Hz)
[ 89.43s] target 0 err=0.369 m | 454 plans, recent 207 ms/plan (5.1 Hz)
[ 90.53s] target 0 err=0.368 m | 460 plans, recent 198 ms/plan (5.1 Hz)
[ 91.66s] target 0 err=0.361 m | 465 plans, recent 213 ms/plan (5.1 Hz)
[ 92.73s] target 0 err=0.357 m | 469 plans, recent 220 ms/plan (5.1 Hz)
[ 93.85s] target 0 err=0.357 m | 474 plans, recent 220 ms/plan (5.1 Hz)
[ 94.92s] target 0 err=0.358 m | 479 plans, recent 233 ms/plan (5.0 Hz)
[ 96.11s] target 0 err=0.361 m | 484 plans, recent 231 ms/plan (5.0 Hz)
[ 97.16s] target 0 err=0.362 m | 489 plans, recent 220 ms/plan (5.0 Hz)
[ 98.43s] target 0 err=0.365 m | 494 plans, recent 233 ms/plan (5.0 Hz)
[ 99.57s] target 0 err=0.367 m | 499 plans, recent 226 ms/plan (5.0 Hz)
[100.70s] target 0 err=0.359 m | 506 plans, recent 210 ms/plan (5.0 Hz)
[101.77s] target 0 err=0.352 m | 510 plans, recent 217 ms/plan (5.0 Hz)
[102.89s] target 0 err=0.351 m | 515 plans, recent 206 ms/plan (5.0 Hz)
[103.91s] target 0 err=0.353 m | 521 plans, recent 202 ms/plan (5.0 Hz)
[105.10s] target 0 err=0.360 m | 526 plans, recent 215 ms/plan (5.0 Hz)
[106.10s] target 0 err=0.366 m | 532 plans, recent 185 ms/plan (5.0 Hz)
[107.22s] target 0 err=0.368 m | 537 plans, recent 204 ms/plan (5.0 Hz)
[108.36s] target 0 err=0.366 m | 543 plans, recent 201 ms/plan (5.0 Hz)
[109.56s] target 0 err=0.367 m | 549 plans, recent 200 ms/plan (5.0 Hz)
[110.62s] target 0 err=0.367 m | 554 plans, recent 201 ms/plan (5.0 Hz)
[111.64s] target 0 err=0.357 m | 559 plans, recent 206 ms/plan (5.0 Hz)
[112.76s] target 0 err=0.348 m | 564 plans, recent 206 ms/plan (5.0 Hz)
[113.85s] target 0 err=0.349 m | 569 plans, recent 216 ms/plan (5.0 Hz)
[114.89s] target 0 err=0.352 m | 574 plans, recent 215 ms/plan (5.0 Hz)
[115.94s] target 0 err=0.356 m | 580 plans, recent 201 ms/plan (5.0 Hz)
[117.00s] target 0 err=0.356 m | 585 plans, recent 199 ms/plan (5.0 Hz)
[118.22s] target 0 err=0.354 m | 592 plans, recent 189 ms/plan (5.0 Hz)
[119.32s] target 0 err=0.347 m | 597 plans, recent 197 ms/plan (5.0 Hz)
  reached_strict=False reached_5cm=False min_err=0.3265 violation=False safe_stall=True

=== [45/60] sqp_mpc seed=2 target=2 (0.35, 0.32, 0.22) ===
loaded=/home/home/mbd/koopman/mbd_koopman/out/franka/models/bk_seed2.pt
SQP-MPC: 3 SQP re-freezes, act_dist 999.0, whole_arm=True, 1 box(es), 62 keep-out rows/step (compiled once, DPP)
warm-up: 3 throwaway plans
[  1.26s] target 0 err=0.557 m | 6 plans, recent 233 ms/plan (4.8 Hz)
[  2.30s] target 0 err=0.445 m | 12 plans, recent 214 ms/plan (5.2 Hz)
[  3.53s] target 0 err=0.457 m | 17 plans, recent 223 ms/plan (4.8 Hz)
[  4.77s] target 0 err=0.541 m | 22 plans, recent 223 ms/plan (4.6 Hz)
[  5.86s] target 0 err=0.454 m | 27 plans, recent 225 ms/plan (4.6 Hz)
[  6.95s] target 0 err=0.150 m | 34 plans, recent 200 ms/plan (4.9 Hz)
[  8.06s] target 0 err=0.079 m | 41 plans, recent 170 ms/plan (5.1 Hz)
[  2.20s] target 0 strict reach (22.9 mm) in 2.20 s
  reached_strict=True reached_5cm=True min_err=0.0046 violation=False safe_stall=False

=== [46/60] sqp_mpc seed=2 target=3 (0.5, 0.35, 0.18) ===
loaded=/home/home/mbd/koopman/mbd_koopman/out/franka/models/bk_seed2.pt
SQP-MPC: 3 SQP re-freezes, act_dist 999.0, whole_arm=True, 1 box(es), 62 keep-out rows/step (compiled once, DPP)
warm-up: 3 throwaway plans
[  1.19s] target 0 err=0.579 m | 7 plans, recent 199 ms/plan (5.9 Hz)
[  2.34s] target 0 err=0.467 m | 13 plans, recent 200 ms/plan (5.5 Hz)
[  3.41s] target 0 err=0.464 m | 17 plans, recent 215 ms/plan (5.0 Hz)
[  4.42s] target 0 err=0.599 m | 22 plans, recent 204 ms/plan (5.0 Hz)
[  5.54s] target 0 err=0.610 m | 28 plans, recent 207 ms/plan (5.1 Hz)
[  6.69s] target 0 err=0.564 m | 34 plans, recent 204 ms/plan (5.1 Hz)
[  7.69s] target 0 err=0.586 m | 38 plans, recent 202 ms/plan (4.9 Hz)
[  8.71s] target 0 err=0.585 m | 43 plans, recent 204 ms/plan (4.9 Hz)
[  9.74s] target 0 err=0.583 m | 48 plans, recent 209 ms/plan (4.9 Hz)
[ 10.83s] target 0 err=0.603 m | 53 plans, recent 216 ms/plan (4.9 Hz)
[ 11.93s] target 0 err=0.653 m | 58 plans, recent 213 ms/plan (4.9 Hz)
[ 13.04s] target 0 err=0.703 m | 63 plans, recent 219 ms/plan (4.8 Hz)
[ 14.21s] target 0 err=0.727 m | 68 plans, recent 223 ms/plan (4.8 Hz)
[ 15.34s] target 0 err=0.708 m | 75 plans, recent 200 ms/plan (4.9 Hz)
[ 16.54s] target 0 err=0.712 m | 81 plans, recent 195 ms/plan (4.9 Hz)
[ 17.57s] target 0 err=0.719 m | 86 plans, recent 186 ms/plan (4.9 Hz)
[ 18.73s] target 0 err=0.731 m | 92 plans, recent 195 ms/plan (4.9 Hz)
[ 19.76s] target 0 err=0.728 m | 97 plans, recent 191 ms/plan (4.9 Hz)
[ 20.90s] target 0 err=0.672 m | 103 plans, recent 198 ms/plan (4.9 Hz)
[ 22.03s] target 0 err=0.607 m | 108 plans, recent 207 ms/plan (4.9 Hz)
[ 23.26s] target 0 err=0.614 m | 113 plans, recent 219 ms/plan (4.9 Hz)
[ 24.43s] target 0 err=0.616 m | 118 plans, recent 225 ms/plan (4.8 Hz)
[ 25.55s] target 0 err=0.567 m | 124 plans, recent 217 ms/plan (4.9 Hz)
[ 26.63s] target 0 err=0.548 m | 130 plans, recent 205 ms/plan (4.9 Hz)
[ 27.82s] target 0 err=0.622 m | 136 plans, recent 195 ms/plan (4.9 Hz)
[ 28.90s] target 0 err=0.734 m | 141 plans, recent 186 ms/plan (4.9 Hz)
[ 29.95s] target 0 err=0.913 m | 148 plans, recent 185 ms/plan (4.9 Hz)
[ 31.05s] target 0 err=0.913 m | 154 plans, recent 180 ms/plan (5.0 Hz)
[ 32.09s] target 0 err=0.920 m | 162 plans, recent 151 ms/plan (5.0 Hz)
[ 33.20s] target 0 err=0.909 m | 168 plans, recent 160 ms/plan (5.1 Hz)
[ 34.20s] target 0 err=0.638 m | 175 plans, recent 146 ms/plan (5.1 Hz)
[ 35.26s] target 0 err=0.599 m | 181 plans, recent 165 ms/plan (5.1 Hz)
[ 36.52s] target 0 err=0.665 m | 186 plans, recent 187 ms/plan (5.1 Hz)
[ 37.79s] target 0 err=0.580 m | 191 plans, recent 214 ms/plan (5.1 Hz)
[ 38.98s] target 0 err=0.489 m | 196 plans, recent 235 ms/plan (5.0 Hz)
[ 40.12s] target 0 err=0.436 m | 203 plans, recent 218 ms/plan (5.1 Hz)
[ 41.23s] target 0 err=0.400 m | 210 plans, recent 181 ms/plan (5.1 Hz)
[ 42.30s] target 0 err=0.365 m | 215 plans, recent 172 ms/plan (5.1 Hz)
[ 43.42s] target 0 err=0.376 m | 222 plans, recent 171 ms/plan (5.1 Hz)
[ 44.54s] target 0 err=0.358 m | 229 plans, recent 174 ms/plan (5.1 Hz)
[ 45.65s] target 0 err=0.333 m | 234 plans, recent 175 ms/plan (5.1 Hz)
[ 46.65s] target 0 err=0.321 m | 239 plans, recent 183 ms/plan (5.1 Hz)
[ 47.66s] target 0 err=0.321 m | 244 plans, recent 200 ms/plan (5.1 Hz)
[ 48.92s] target 0 err=0.322 m | 249 plans, recent 219 ms/plan (5.1 Hz)
[ 50.09s] target 0 err=0.349 m | 254 plans, recent 224 ms/plan (5.1 Hz)
[ 51.20s] target 0 err=0.392 m | 259 plans, recent 230 ms/plan (5.1 Hz)
[ 52.36s] target 0 err=0.380 m | 264 plans, recent 234 ms/plan (5.0 Hz)
[ 53.59s] target 0 err=0.372 m | 269 plans, recent 234 ms/plan (5.0 Hz)
[ 54.84s] target 0 err=0.374 m | 275 plans, recent 225 ms/plan (5.0 Hz)
[ 55.87s] target 0 err=0.374 m | 280 plans, recent 217 ms/plan (5.0 Hz)
[ 57.01s] target 0 err=0.375 m | 285 plans, recent 223 ms/plan (5.0 Hz)
[ 58.03s] target 0 err=0.373 m | 290 plans, recent 209 ms/plan (5.0 Hz)
[ 59.05s] target 0 err=0.371 m | 296 plans, recent 198 ms/plan (5.0 Hz)
[ 60.20s] target 0 err=0.370 m | 302 plans, recent 186 ms/plan (5.0 Hz)
[ 61.25s] target 0 err=0.372 m | 308 plans, recent 176 ms/plan (5.0 Hz)
[ 62.32s] target 0 err=0.373 m | 315 plans, recent 168 ms/plan (5.1 Hz)
[ 63.43s] target 0 err=0.373 m | 321 plans, recent 167 ms/plan (5.1 Hz)
[ 64.48s] target 0 err=0.373 m | 328 plans, recent 162 ms/plan (5.1 Hz)
[ 65.53s] target 0 err=0.373 m | 334 plans, recent 166 ms/plan (5.1 Hz)
[ 66.58s] target 0 err=0.372 m | 341 plans, recent 159 ms/plan (5.1 Hz)
[ 67.66s] target 0 err=0.372 m | 348 plans, recent 154 ms/plan (5.1 Hz)
[ 68.69s] target 0 err=0.372 m | 355 plans, recent 156 ms/plan (5.2 Hz)
[ 69.78s] target 0 err=0.372 m | 360 plans, recent 166 ms/plan (5.2 Hz)
[ 70.88s] target 0 err=0.372 m | 366 plans, recent 174 ms/plan (5.2 Hz)
[ 71.98s] target 0 err=0.372 m | 372 plans, recent 192 ms/plan (5.2 Hz)
[ 73.02s] target 0 err=0.372 m | 377 plans, recent 188 ms/plan (5.2 Hz)
[ 74.04s] target 0 err=0.372 m | 383 plans, recent 184 ms/plan (5.2 Hz)
[ 75.09s] target 0 err=0.372 m | 390 plans, recent 172 ms/plan (5.2 Hz)
[ 76.13s] target 0 err=0.372 m | 396 plans, recent 163 ms/plan (5.2 Hz)
[ 77.33s] target 0 err=0.372 m | 403 plans, recent 166 ms/plan (5.2 Hz)
[ 78.33s] target 0 err=0.372 m | 408 plans, recent 178 ms/plan (5.2 Hz)
[ 79.41s] target 0 err=0.372 m | 414 plans, recent 181 ms/plan (5.2 Hz)
[ 80.55s] target 0 err=0.372 m | 420 plans, recent 186 ms/plan (5.2 Hz)
[ 81.67s] target 0 err=0.372 m | 427 plans, recent 176 ms/plan (5.2 Hz)
[ 82.85s] target 0 err=0.372 m | 434 plans, recent 171 ms/plan (5.2 Hz)
[ 83.96s] target 0 err=0.372 m | 440 plans, recent 173 ms/plan (5.2 Hz)
[ 85.02s] target 0 err=0.372 m | 446 plans, recent 174 ms/plan (5.2 Hz)
[ 86.17s] target 0 err=0.372 m | 454 plans, recent 167 ms/plan (5.3 Hz)
[ 87.22s] target 0 err=0.372 m | 460 plans, recent 163 ms/plan (5.3 Hz)
[ 88.24s] target 0 err=0.372 m | 465 plans, recent 167 ms/plan (5.3 Hz)
[ 89.27s] target 0 err=0.372 m | 471 plans, recent 176 ms/plan (5.3 Hz)
[ 90.37s] target 0 err=0.372 m | 477 plans, recent 180 ms/plan (5.3 Hz)
[ 91.53s] target 0 err=0.372 m | 484 plans, recent 172 ms/plan (5.3 Hz)
[ 92.70s] target 0 err=0.372 m | 491 plans, recent 173 ms/plan (5.3 Hz)
[ 93.80s] target 0 err=0.372 m | 496 plans, recent 179 ms/plan (5.3 Hz)
[ 94.99s] target 0 err=0.372 m | 502 plans, recent 188 ms/plan (5.3 Hz)
[ 96.01s] target 0 err=0.372 m | 508 plans, recent 191 ms/plan (5.3 Hz)
[ 97.14s] target 0 err=0.371 m | 515 plans, recent 176 ms/plan (5.3 Hz)
[ 98.24s] target 0 err=0.371 m | 521 plans, recent 169 ms/plan (5.3 Hz)
[ 99.32s] target 0 err=0.371 m | 527 plans, recent 172 ms/plan (5.3 Hz)
[100.33s] target 0 err=0.371 m | 533 plans, recent 178 ms/plan (5.3 Hz)
[101.35s] target 0 err=0.371 m | 538 plans, recent 182 ms/plan (5.3 Hz)
[102.36s] target 0 err=0.371 m | 543 plans, recent 188 ms/plan (5.3 Hz)
[103.45s] target 0 err=0.371 m | 550 plans, recent 175 ms/plan (5.3 Hz)
[104.47s] target 0 err=0.371 m | 556 plans, recent 168 ms/plan (5.3 Hz)
[105.51s] target 0 err=0.371 m | 562 plans, recent 166 ms/plan (5.3 Hz)
[106.56s] target 0 err=0.371 m | 568 plans, recent 167 ms/plan (5.3 Hz)
[107.57s] target 0 err=0.371 m | 574 plans, recent 176 ms/plan (5.3 Hz)
[108.61s] target 0 err=0.371 m | 580 plans, recent 170 ms/plan (5.3 Hz)
[109.72s] target 0 err=0.370 m | 588 plans, recent 161 ms/plan (5.4 Hz)
[110.79s] target 0 err=0.370 m | 595 plans, recent 154 ms/plan (5.4 Hz)
  reached_strict=False reached_5cm=False min_err=0.3156 violation=False safe_stall=True

=== [47/60] sqp_mpc seed=2 target=4 (0.4, 0.28, 0.22) ===
loaded=/home/home/mbd/koopman/mbd_koopman/out/franka/models/bk_seed2.pt
SQP-MPC: 3 SQP re-freezes, act_dist 999.0, whole_arm=True, 1 box(es), 62 keep-out rows/step (compiled once, DPP)
warm-up: 3 throwaway plans
[  1.24s] target 0 err=0.530 m | 6 plans, recent 255 ms/plan (4.8 Hz)
[  2.32s] target 0 err=0.448 m | 10 plans, recent 258 ms/plan (4.3 Hz)
[  3.41s] target 0 err=0.403 m | 14 plans, recent 260 ms/plan (4.1 Hz)
[  4.59s] target 0 err=0.405 m | 19 plans, recent 253 ms/plan (4.1 Hz)
[  5.63s] target 0 err=0.409 m | 23 plans, recent 258 ms/plan (4.1 Hz)
[  6.69s] target 0 err=0.424 m | 27 plans, recent 255 ms/plan (4.0 Hz)
[  7.77s] target 0 err=0.446 m | 31 plans, recent 252 ms/plan (4.0 Hz)
[  8.92s] target 0 err=0.491 m | 36 plans, recent 253 ms/plan (4.0 Hz)
[ 10.00s] target 0 err=0.546 m | 40 plans, recent 256 ms/plan (4.0 Hz)
[ 11.03s] target 0 err=0.580 m | 44 plans, recent 254 ms/plan (4.0 Hz)
[ 12.24s] target 0 err=0.572 m | 49 plans, recent 246 ms/plan (4.0 Hz)
[ 13.27s] target 0 err=0.573 m | 54 plans, recent 241 ms/plan (4.1 Hz)
[ 14.28s] target 0 err=0.602 m | 58 plans, recent 242 ms/plan (4.1 Hz)
[ 15.38s] target 0 err=0.639 m | 63 plans, recent 221 ms/plan (4.1 Hz)
[ 16.40s] target 0 err=0.560 m | 71 plans, recent 181 ms/plan (4.3 Hz)
[ 17.55s] target 0 err=0.649 m | 79 plans, recent 138 ms/plan (4.5 Hz)
[ 18.68s] target 0 err=0.816 m | 87 plans, recent 141 ms/plan (4.7 Hz)
[ 19.68s] target 0 err=0.808 m | 91 plans, recent 168 ms/plan (4.6 Hz)
[ 20.89s] target 0 err=0.752 m | 96 plans, recent 194 ms/plan (4.6 Hz)
[ 22.14s] target 0 err=0.596 m | 101 plans, recent 226 ms/plan (4.6 Hz)
[ 23.18s] target 0 err=0.560 m | 106 plans, recent 238 ms/plan (4.6 Hz)
[ 24.31s] target 0 err=0.528 m | 111 plans, recent 226 ms/plan (4.6 Hz)
[ 25.32s] target 0 err=0.470 m | 116 plans, recent 224 ms/plan (4.6 Hz)
[ 26.37s] target 0 err=0.413 m | 121 plans, recent 203 ms/plan (4.6 Hz)
[ 27.47s] target 0 err=0.364 m | 127 plans, recent 200 ms/plan (4.6 Hz)
[ 28.59s] target 0 err=0.332 m | 133 plans, recent 200 ms/plan (4.7 Hz)
[ 29.77s] target 0 err=0.323 m | 139 plans, recent 195 ms/plan (4.7 Hz)
[ 31.01s] target 0 err=0.317 m | 146 plans, recent 182 ms/plan (4.7 Hz)
[ 32.07s] target 0 err=0.317 m | 151 plans, recent 188 ms/plan (4.7 Hz)
[ 33.11s] target 0 err=0.318 m | 157 plans, recent 188 ms/plan (4.7 Hz)
[ 34.30s] target 0 err=0.318 m | 163 plans, recent 198 ms/plan (4.8 Hz)
[ 35.35s] target 0 err=0.318 m | 168 plans, recent 203 ms/plan (4.8 Hz)
[ 36.48s] target 0 err=0.318 m | 173 plans, recent 206 ms/plan (4.7 Hz)
[ 37.68s] target 0 err=0.317 m | 178 plans, recent 215 ms/plan (4.7 Hz)
[ 38.88s] target 0 err=0.317 m | 184 plans, recent 216 ms/plan (4.7 Hz)
[ 39.91s] target 0 err=0.315 m | 189 plans, recent 216 ms/plan (4.7 Hz)
[ 41.05s] target 0 err=0.313 m | 194 plans, recent 211 ms/plan (4.7 Hz)
[ 42.26s] target 0 err=0.311 m | 199 plans, recent 219 ms/plan (4.7 Hz)
[ 43.33s] target 0 err=0.310 m | 204 plans, recent 224 ms/plan (4.7 Hz)
[ 44.41s] target 0 err=0.302 m | 209 plans, recent 224 ms/plan (4.7 Hz)
[ 45.52s] target 0 err=0.296 m | 213 plans, recent 233 ms/plan (4.7 Hz)
[ 46.67s] target 0 err=0.287 m | 218 plans, recent 231 ms/plan (4.7 Hz)
[ 47.84s] target 0 err=0.283 m | 223 plans, recent 236 ms/plan (4.7 Hz)
[ 48.92s] target 0 err=0.283 m | 228 plans, recent 237 ms/plan (4.7 Hz)
[ 50.10s] target 0 err=0.302 m | 233 plans, recent 231 ms/plan (4.7 Hz)
[ 51.16s] target 0 err=0.309 m | 237 plans, recent 234 ms/plan (4.6 Hz)
[ 52.35s] target 0 err=0.272 m | 242 plans, recent 238 ms/plan (4.6 Hz)
[ 53.46s] target 0 err=0.271 m | 246 plans, recent 250 ms/plan (4.6 Hz)
[ 54.48s] target 0 err=0.280 m | 250 plans, recent 257 ms/plan (4.6 Hz)
[ 55.53s] target 0 err=0.293 m | 254 plans, recent 256 ms/plan (4.6 Hz)
[ 56.55s] target 0 err=0.347 m | 260 plans, recent 233 ms/plan (4.6 Hz)
[ 57.58s] target 0 err=0.394 m | 265 plans, recent 219 ms/plan (4.6 Hz)
[ 58.74s] target 0 err=0.460 m | 270 plans, recent 213 ms/plan (4.6 Hz)
[ 59.87s] target 0 err=0.466 m | 274 plans, recent 219 ms/plan (4.6 Hz)
[ 60.91s] target 0 err=0.394 m | 278 plans, recent 240 ms/plan (4.6 Hz)
[ 61.95s] target 0 err=0.276 m | 283 plans, recent 240 ms/plan (4.6 Hz)
[ 63.13s] target 0 err=0.371 m | 288 plans, recent 239 ms/plan (4.6 Hz)
[ 64.17s] target 0 err=0.434 m | 294 plans, recent 209 ms/plan (4.6 Hz)
[ 65.35s] target 0 err=0.365 m | 299 plans, recent 214 ms/plan (4.6 Hz)
[ 66.52s] target 0 err=0.297 m | 305 plans, recent 205 ms/plan (4.6 Hz)
[ 67.70s] target 0 err=0.370 m | 310 plans, recent 203 ms/plan (4.6 Hz)
[ 68.80s] target 0 err=0.395 m | 316 plans, recent 208 ms/plan (4.6 Hz)
[ 69.96s] target 0 err=0.341 m | 321 plans, recent 210 ms/plan (4.6 Hz)
[ 70.99s] target 0 err=0.301 m | 325 plans, recent 224 ms/plan (4.6 Hz)
[ 72.17s] target 0 err=0.344 m | 330 plans, recent 232 ms/plan (4.6 Hz)
[ 73.22s] target 0 err=0.327 m | 334 plans, recent 235 ms/plan (4.6 Hz)
[ 74.31s] target 0 err=0.334 m | 339 plans, recent 244 ms/plan (4.6 Hz)
[ 75.37s] target 0 err=0.343 m | 343 plans, recent 242 ms/plan (4.6 Hz)
[ 76.60s] target 0 err=0.338 m | 348 plans, recent 245 ms/plan (4.5 Hz)
[ 77.65s] target 0 err=0.241 m | 352 plans, recent 247 ms/plan (4.5 Hz)
[ 78.73s] target 0 err=0.188 m | 356 plans, recent 256 ms/plan (4.5 Hz)
[ 79.96s] target 0 err=0.153 m | 361 plans, recent 247 ms/plan (4.5 Hz)
[ 81.00s] target 0 err=0.175 m | 366 plans, recent 241 ms/plan (4.5 Hz)
[ 82.23s] target 0 err=0.199 m | 371 plans, recent 242 ms/plan (4.5 Hz)
[ 83.48s] target 0 err=0.208 m | 376 plans, recent 238 ms/plan (4.5 Hz)
[ 84.75s] target 0 err=0.232 m | 381 plans, recent 243 ms/plan (4.5 Hz)
[ 85.98s] target 0 err=0.312 m | 386 plans, recent 250 ms/plan (4.5 Hz)
[ 86.99s] target 0 err=0.300 m | 390 plans, recent 247 ms/plan (4.5 Hz)
[ 88.04s] target 0 err=0.335 m | 395 plans, recent 237 ms/plan (4.5 Hz)
[ 89.33s] target 0 err=0.349 m | 401 plans, recent 226 ms/plan (4.5 Hz)
[ 90.38s] target 0 err=0.340 m | 406 plans, recent 220 ms/plan (4.5 Hz)
[ 91.49s] target 0 err=0.323 m | 411 plans, recent 215 ms/plan (4.5 Hz)
[ 92.63s] target 0 err=0.304 m | 417 plans, recent 211 ms/plan (4.5 Hz)
[ 93.79s] target 0 err=0.290 m | 422 plans, recent 212 ms/plan (4.5 Hz)
[ 94.79s] target 0 err=0.280 m | 428 plans, recent 199 ms/plan (4.5 Hz)
[ 95.96s] target 0 err=0.272 m | 433 plans, recent 201 ms/plan (4.5 Hz)
[ 97.02s] target 0 err=0.267 m | 438 plans, recent 205 ms/plan (4.5 Hz)
[ 98.03s] target 0 err=0.265 m | 443 plans, recent 214 ms/plan (4.5 Hz)
[ 99.03s] target 0 err=0.268 m | 447 plans, recent 225 ms/plan (4.5 Hz)
[100.06s] target 0 err=0.277 m | 451 plans, recent 224 ms/plan (4.5 Hz)
[101.21s] target 0 err=0.296 m | 456 plans, recent 232 ms/plan (4.5 Hz)
[102.48s] target 0 err=0.309 m | 461 plans, recent 246 ms/plan (4.5 Hz)
[103.62s] target 0 err=0.313 m | 466 plans, recent 237 ms/plan (4.5 Hz)
[104.74s] target 0 err=0.316 m | 472 plans, recent 223 ms/plan (4.5 Hz)
[105.92s] target 0 err=0.309 m | 477 plans, recent 220 ms/plan (4.5 Hz)
[106.96s] target 0 err=0.298 m | 482 plans, recent 212 ms/plan (4.5 Hz)
[108.15s] target 0 err=0.294 m | 487 plans, recent 222 ms/plan (4.5 Hz)
[109.34s] target 0 err=0.283 m | 492 plans, recent 226 ms/plan (4.5 Hz)
[110.45s] target 0 err=0.281 m | 498 plans, recent 214 ms/plan (4.5 Hz)
[111.71s] target 0 err=0.268 m | 504 plans, recent 216 ms/plan (4.5 Hz)
[112.81s] target 0 err=0.268 m | 508 plans, recent 220 ms/plan (4.5 Hz)
[114.03s] target 0 err=0.270 m | 513 plans, recent 230 ms/plan (4.5 Hz)
[115.05s] target 0 err=0.281 m | 517 plans, recent 240 ms/plan (4.5 Hz)
[116.21s] target 0 err=0.299 m | 522 plans, recent 245 ms/plan (4.5 Hz)
[117.43s] target 0 err=0.308 m | 528 plans, recent 232 ms/plan (4.5 Hz)
[118.48s] target 0 err=0.319 m | 532 plans, recent 229 ms/plan (4.5 Hz)
[119.62s] target 0 err=0.317 m | 539 plans, recent 202 ms/plan (4.5 Hz)
[120.66s] target 0 err=0.304 m | 544 plans, recent 203 ms/plan (4.5 Hz)
[121.91s] target 0 err=0.292 m | 551 plans, recent 180 ms/plan (4.5 Hz)
[122.92s] target 0 err=0.286 m | 555 plans, recent 200 ms/plan (4.5 Hz)
[124.13s] target 0 err=0.290 m | 560 plans, recent 213 ms/plan (4.5 Hz)
[125.40s] target 0 err=0.284 m | 565 plans, recent 235 ms/plan (4.5 Hz)
[126.59s] target 0 err=0.265 m | 571 plans, recent 236 ms/plan (4.5 Hz)
[127.67s] target 0 err=0.270 m | 575 plans, recent 237 ms/plan (4.5 Hz)
[128.92s] target 0 err=0.271 m | 580 plans, recent 241 ms/plan (4.5 Hz)
[130.20s] target 0 err=0.278 m | 585 plans, recent 235 ms/plan (4.5 Hz)
[131.20s] target 0 err=0.287 m | 589 plans, recent 253 ms/plan (4.5 Hz)
[132.34s] target 0 err=0.300 m | 593 plans, recent 253 ms/plan (4.5 Hz)
[133.56s] target 0 err=0.312 m | 598 plans, recent 251 ms/plan (4.5 Hz)
  reached_strict=False reached_5cm=False min_err=0.1534 violation=False safe_stall=True

=== [48/60] sqp_mpc seed=2 target=5 (0.48, 0.33, 0.19) ===
loaded=/home/home/mbd/koopman/mbd_koopman/out/franka/models/bk_seed2.pt
SQP-MPC: 3 SQP re-freezes, act_dist 999.0, whole_arm=True, 1 box(es), 62 keep-out rows/step (compiled once, DPP)
warm-up: 3 throwaway plans
[  1.23s] target 0 err=0.533 m | 7 plans, recent 215 ms/plan (5.7 Hz)
[  2.42s] target 0 err=0.502 m | 11 plans, recent 233 ms/plan (4.6 Hz)
[  3.61s] target 0 err=0.472 m | 16 plans, recent 242 ms/plan (4.4 Hz)
[  4.66s] target 0 err=0.475 m | 20 plans, recent 246 ms/plan (4.3 Hz)
[  5.75s] target 0 err=0.490 m | 24 plans, recent 260 ms/plan (4.2 Hz)
[  6.84s] target 0 err=0.510 m | 28 plans, recent 261 ms/plan (4.1 Hz)
[  8.06s] target 0 err=0.547 m | 33 plans, recent 258 ms/plan (4.1 Hz)
[  9.13s] target 0 err=0.615 m | 38 plans, recent 248 ms/plan (4.2 Hz)
[ 10.30s] target 0 err=0.618 m | 43 plans, recent 240 ms/plan (4.2 Hz)
[ 11.31s] target 0 err=0.622 m | 47 plans, recent 235 ms/plan (4.2 Hz)
[ 12.35s] target 0 err=0.646 m | 51 plans, recent 242 ms/plan (4.1 Hz)
[ 13.40s] target 0 err=0.673 m | 55 plans, recent 242 ms/plan (4.1 Hz)
[ 14.46s] target 0 err=0.621 m | 60 plans, recent 243 ms/plan (4.1 Hz)
[ 15.63s] target 0 err=0.539 m | 65 plans, recent 237 ms/plan (4.2 Hz)
[ 16.70s] target 0 err=0.708 m | 71 plans, recent 206 ms/plan (4.3 Hz)
[ 17.71s] target 0 err=0.852 m | 78 plans, recent 184 ms/plan (4.4 Hz)
[ 18.73s] target 0 err=0.873 m | 83 plans, recent 175 ms/plan (4.4 Hz)
[ 19.88s] target 0 err=0.871 m | 88 plans, recent 183 ms/plan (4.4 Hz)
[ 21.13s] target 0 err=0.644 m | 94 plans, recent 210 ms/plan (4.4 Hz)
[ 22.27s] target 0 err=0.637 m | 99 plans, recent 209 ms/plan (4.4 Hz)
[ 23.50s] target 0 err=0.647 m | 105 plans, recent 209 ms/plan (4.5 Hz)
[ 24.59s] target 0 err=0.495 m | 111 plans, recent 202 ms/plan (4.5 Hz)
[ 25.76s] target 0 err=0.440 m | 118 plans, recent 179 ms/plan (4.6 Hz)
[ 26.86s] target 0 err=0.389 m | 124 plans, recent 181 ms/plan (4.6 Hz)
[ 28.07s] target 0 err=0.372 m | 129 plans, recent 195 ms/plan (4.6 Hz)
[ 29.22s] target 0 err=0.362 m | 136 plans, recent 189 ms/plan (4.7 Hz)
[ 30.39s] target 0 err=0.359 m | 141 plans, recent 213 ms/plan (4.6 Hz)
[ 31.56s] target 0 err=0.353 m | 146 plans, recent 205 ms/plan (4.6 Hz)
[ 32.62s] target 0 err=0.351 m | 151 plans, recent 219 ms/plan (4.6 Hz)
[ 33.76s] target 0 err=0.346 m | 156 plans, recent 233 ms/plan (4.6 Hz)
[ 34.81s] target 0 err=0.332 m | 160 plans, recent 233 ms/plan (4.6 Hz)
[ 35.84s] target 0 err=0.335 m | 164 plans, recent 235 ms/plan (4.6 Hz)
[ 37.12s] target 0 err=0.350 m | 169 plans, recent 246 ms/plan (4.6 Hz)
[ 38.22s] target 0 err=0.358 m | 174 plans, recent 243 ms/plan (4.6 Hz)
[ 39.36s] target 0 err=0.371 m | 179 plans, recent 241 ms/plan (4.5 Hz)
[ 40.59s] target 0 err=0.378 m | 184 plans, recent 236 ms/plan (4.5 Hz)
[ 41.72s] target 0 err=0.398 m | 190 plans, recent 214 ms/plan (4.6 Hz)
[ 42.77s] target 0 err=0.402 m | 196 plans, recent 196 ms/plan (4.6 Hz)
[ 43.91s] target 0 err=0.392 m | 202 plans, recent 189 ms/plan (4.6 Hz)
[ 44.91s] target 0 err=0.388 m | 206 plans, recent 198 ms/plan (4.6 Hz)
[ 46.12s] target 0 err=0.385 m | 211 plans, recent 209 ms/plan (4.6 Hz)
[ 47.31s] target 0 err=0.385 m | 216 plans, recent 233 ms/plan (4.6 Hz)
[ 48.45s] target 0 err=0.378 m | 221 plans, recent 236 ms/plan (4.6 Hz)
[ 49.58s] target 0 err=0.375 m | 226 plans, recent 229 ms/plan (4.6 Hz)
[ 50.66s] target 0 err=0.373 m | 231 plans, recent 232 ms/plan (4.6 Hz)
[ 51.76s] target 0 err=0.390 m | 236 plans, recent 215 ms/plan (4.6 Hz)
[ 52.92s] target 0 err=0.403 m | 244 plans, recent 184 ms/plan (4.6 Hz)
[ 53.94s] target 0 err=0.404 m | 252 plans, recent 141 ms/plan (4.7 Hz)
[ 55.04s] target 0 err=0.406 m | 260 plans, recent 137 ms/plan (4.7 Hz)
[ 56.17s] target 0 err=0.405 m | 265 plans, recent 156 ms/plan (4.7 Hz)
[ 57.39s] target 0 err=0.431 m | 271 plans, recent 181 ms/plan (4.7 Hz)
[ 58.59s] target 0 err=0.440 m | 276 plans, recent 213 ms/plan (4.7 Hz)
[ 59.60s] target 0 err=0.434 m | 280 plans, recent 228 ms/plan (4.7 Hz)
[ 60.60s] target 0 err=0.398 m | 285 plans, recent 221 ms/plan (4.7 Hz)
[ 61.71s] target 0 err=0.283 m | 290 plans, recent 229 ms/plan (4.7 Hz)
[ 62.94s] target 0 err=0.195 m | 295 plans, recent 231 ms/plan (4.7 Hz)
[ 64.00s] target 0 err=0.219 m | 299 plans, recent 231 ms/plan (4.7 Hz)
[ 65.25s] target 0 err=0.232 m | 304 plans, recent 245 ms/plan (4.7 Hz)
[ 66.33s] target 0 err=0.218 m | 308 plans, recent 257 ms/plan (4.6 Hz)
[ 67.54s] target 0 err=0.255 m | 314 plans, recent 240 ms/plan (4.6 Hz)
[ 68.65s] target 0 err=0.246 m | 319 plans, recent 228 ms/plan (4.6 Hz)
[ 69.73s] target 0 err=0.246 m | 325 plans, recent 204 ms/plan (4.7 Hz)
[ 70.74s] target 0 err=0.246 m | 332 plans, recent 180 ms/plan (4.7 Hz)
[ 71.80s] target 0 err=0.248 m | 338 plans, recent 163 ms/plan (4.7 Hz)
[ 72.85s] target 0 err=0.250 m | 345 plans, recent 156 ms/plan (4.7 Hz)
[ 73.85s] target 0 err=0.252 m | 352 plans, recent 151 ms/plan (4.8 Hz)
[ 74.95s] target 0 err=0.254 m | 360 plans, recent 147 ms/plan (4.8 Hz)
[ 76.07s] target 0 err=0.256 m | 366 plans, recent 153 ms/plan (4.8 Hz)
[ 77.18s] target 0 err=0.262 m | 373 plans, recent 161 ms/plan (4.8 Hz)
[ 78.36s] target 0 err=0.282 m | 380 plans, recent 168 ms/plan (4.8 Hz)
[ 79.47s] target 0 err=0.295 m | 387 plans, recent 165 ms/plan (4.9 Hz)
[ 80.64s] target 0 err=0.297 m | 392 plans, recent 181 ms/plan (4.9 Hz)
[ 81.78s] target 0 err=0.311 m | 398 plans, recent 187 ms/plan (4.9 Hz)
[ 82.85s] target 0 err=0.366 m | 406 plans, recent 176 ms/plan (4.9 Hz)
[ 83.96s] target 0 err=0.368 m | 414 plans, recent 138 ms/plan (4.9 Hz)
[ 85.02s] target 0 err=0.371 m | 421 plans, recent 141 ms/plan (5.0 Hz)
[ 86.19s] target 0 err=0.362 m | 428 plans, recent 154 ms/plan (5.0 Hz)
[ 87.39s] target 0 err=0.360 m | 434 plans, recent 175 ms/plan (5.0 Hz)
[ 88.40s] target 0 err=0.356 m | 439 plans, recent 181 ms/plan (5.0 Hz)
[ 89.43s] target 0 err=0.353 m | 445 plans, recent 187 ms/plan (5.0 Hz)
[ 90.49s] target 0 err=0.357 m | 451 plans, recent 185 ms/plan (5.0 Hz)
[ 91.54s] target 0 err=0.360 m | 456 plans, recent 183 ms/plan (5.0 Hz)
[ 92.62s] target 0 err=0.363 m | 461 plans, recent 196 ms/plan (5.0 Hz)
[ 93.67s] target 0 err=0.360 m | 466 plans, recent 205 ms/plan (5.0 Hz)
[ 94.77s] target 0 err=0.360 m | 470 plans, recent 226 ms/plan (5.0 Hz)
[ 95.90s] target 0 err=0.354 m | 475 plans, recent 231 ms/plan (5.0 Hz)
[ 97.17s] target 0 err=0.353 m | 480 plans, recent 239 ms/plan (4.9 Hz)
[ 98.24s] target 0 err=0.355 m | 485 plans, recent 242 ms/plan (4.9 Hz)
[ 99.28s] target 0 err=0.360 m | 489 plans, recent 235 ms/plan (4.9 Hz)
[100.31s] target 0 err=0.363 m | 493 plans, recent 241 ms/plan (4.9 Hz)
[101.43s] target 0 err=0.363 m | 498 plans, recent 237 ms/plan (4.9 Hz)
[102.63s] target 0 err=0.362 m | 504 plans, recent 230 ms/plan (4.9 Hz)
[103.82s] target 0 err=0.359 m | 509 plans, recent 229 ms/plan (4.9 Hz)
[104.86s] target 0 err=0.358 m | 513 plans, recent 223 ms/plan (4.9 Hz)
[105.89s] target 0 err=0.352 m | 518 plans, recent 220 ms/plan (4.9 Hz)
[107.09s] target 0 err=0.347 m | 523 plans, recent 233 ms/plan (4.9 Hz)
[108.24s] target 0 err=0.347 m | 528 plans, recent 234 ms/plan (4.9 Hz)
[109.37s] target 0 err=0.350 m | 533 plans, recent 231 ms/plan (4.9 Hz)
[110.37s] target 0 err=0.356 m | 537 plans, recent 230 ms/plan (4.9 Hz)
[111.40s] target 0 err=0.365 m | 542 plans, recent 226 ms/plan (4.9 Hz)
[112.61s] target 0 err=0.363 m | 547 plans, recent 231 ms/plan (4.9 Hz)
[113.65s] target 0 err=0.360 m | 551 plans, recent 234 ms/plan (4.8 Hz)
[114.67s] target 0 err=0.355 m | 555 plans, recent 240 ms/plan (4.8 Hz)
[115.84s] target 0 err=0.353 m | 560 plans, recent 248 ms/plan (4.8 Hz)
[116.92s] target 0 err=0.353 m | 565 plans, recent 239 ms/plan (4.8 Hz)
[118.13s] target 0 err=0.353 m | 571 plans, recent 223 ms/plan (4.8 Hz)
[119.17s] target 0 err=0.353 m | 576 plans, recent 206 ms/plan (4.8 Hz)
[120.24s] target 0 err=0.354 m | 581 plans, recent 204 ms/plan (4.8 Hz)
[121.28s] target 0 err=0.355 m | 586 plans, recent 216 ms/plan (4.8 Hz)
[122.37s] target 0 err=0.358 m | 590 plans, recent 223 ms/plan (4.8 Hz)
[123.62s] target 0 err=0.361 m | 595 plans, recent 229 ms/plan (4.8 Hz)
[124.73s] target 0 err=0.362 m | 600 plans, recent 235 ms/plan (4.8 Hz)
  reached_strict=False reached_5cm=False min_err=0.1876 violation=False safe_stall=True

=== [49/60] sqp_mpc seed=3 target=0 (0.45, 0.3, 0.2) ===
loaded=/home/home/mbd/koopman/mbd_koopman/out/franka/models/bk_seed3.pt
SQP-MPC: 3 SQP re-freezes, act_dist 999.0, whole_arm=True, 1 box(es), 62 keep-out rows/step (compiled once, DPP)
warm-up: 3 throwaway plans
[  1.13s] target 0 err=0.575 m | 7 plans, recent 183 ms/plan (6.2 Hz)
[  2.16s] target 0 err=0.528 m | 13 plans, recent 178 ms/plan (6.0 Hz)
[  3.17s] target 0 err=0.523 m | 20 plans, recent 165 ms/plan (6.3 Hz)
[  4.23s] target 0 err=0.508 m | 27 plans, recent 151 ms/plan (6.4 Hz)
[  5.44s] target 0 err=0.491 m | 35 plans, recent 148 ms/plan (6.4 Hz)
[  6.69s] target 0 err=0.448 m | 42 plans, recent 167 ms/plan (6.3 Hz)
[  7.83s] target 0 err=0.453 m | 48 plans, recent 174 ms/plan (6.1 Hz)
[  8.94s] target 0 err=0.459 m | 56 plans, recent 171 ms/plan (6.3 Hz)
[ 10.13s] target 0 err=0.463 m | 63 plans, recent 161 ms/plan (6.2 Hz)
[ 11.15s] target 0 err=0.467 m | 71 plans, recent 145 ms/plan (6.4 Hz)
[ 12.26s] target 0 err=0.470 m | 79 plans, recent 141 ms/plan (6.4 Hz)
[ 13.40s] target 0 err=0.472 m | 86 plans, recent 140 ms/plan (6.4 Hz)
[ 14.61s] target 0 err=0.472 m | 92 plans, recent 172 ms/plan (6.3 Hz)
[ 15.71s] target 0 err=0.467 m | 98 plans, recent 183 ms/plan (6.2 Hz)
[ 16.74s] target 0 err=0.470 m | 103 plans, recent 196 ms/plan (6.2 Hz)
[ 17.88s] target 0 err=0.478 m | 110 plans, recent 183 ms/plan (6.2 Hz)
[ 18.96s] target 0 err=0.479 m | 117 plans, recent 169 ms/plan (6.2 Hz)
[ 20.14s] target 0 err=0.478 m | 124 plans, recent 162 ms/plan (6.2 Hz)
[ 21.23s] target 0 err=0.477 m | 130 plans, recent 169 ms/plan (6.1 Hz)
[ 22.30s] target 0 err=0.483 m | 135 plans, recent 186 ms/plan (6.1 Hz)
[ 23.37s] target 0 err=0.522 m | 140 plans, recent 194 ms/plan (6.0 Hz)
[ 24.46s] target 0 err=0.567 m | 145 plans, recent 207 ms/plan (5.9 Hz)
[ 25.61s] target 0 err=0.580 m | 150 plans, recent 216 ms/plan (5.9 Hz)
[ 26.75s] target 0 err=0.466 m | 155 plans, recent 224 ms/plan (5.8 Hz)
[ 27.85s] target 0 err=0.416 m | 159 plans, recent 237 ms/plan (5.7 Hz)
[ 28.88s] target 0 err=0.394 m | 163 plans, recent 246 ms/plan (5.6 Hz)
[ 30.01s] target 0 err=0.411 m | 168 plans, recent 243 ms/plan (5.6 Hz)
[ 31.07s] target 0 err=0.439 m | 172 plans, recent 244 ms/plan (5.5 Hz)
[ 32.10s] target 0 err=0.455 m | 177 plans, recent 234 ms/plan (5.5 Hz)
[ 33.18s] target 0 err=0.441 m | 183 plans, recent 215 ms/plan (5.5 Hz)
[ 34.32s] target 0 err=0.447 m | 188 plans, recent 215 ms/plan (5.5 Hz)
[ 35.40s] target 0 err=0.431 m | 192 plans, recent 223 ms/plan (5.4 Hz)
[ 36.46s] target 0 err=0.349 m | 196 plans, recent 231 ms/plan (5.4 Hz)
[ 37.52s] target 0 err=0.232 m | 200 plans, recent 249 ms/plan (5.3 Hz)
[ 38.55s] target 0 err=0.156 m | 204 plans, recent 253 ms/plan (5.3 Hz)
[ 39.79s] target 0 err=0.197 m | 209 plans, recent 258 ms/plan (5.3 Hz)
[ 40.89s] target 0 err=0.191 m | 213 plans, recent 260 ms/plan (5.2 Hz)
[ 41.96s] target 0 err=0.210 m | 217 plans, recent 257 ms/plan (5.2 Hz)
[ 43.13s] target 0 err=0.232 m | 222 plans, recent 255 ms/plan (5.1 Hz)
[ 44.19s] target 0 err=0.228 m | 226 plans, recent 260 ms/plan (5.1 Hz)
[ 45.28s] target 0 err=0.198 m | 231 plans, recent 245 ms/plan (5.1 Hz)
[ 46.29s] target 0 err=0.170 m | 235 plans, recent 243 ms/plan (5.1 Hz)
[ 47.51s] target 0 err=0.139 m | 240 plans, recent 241 ms/plan (5.1 Hz)
[ 48.58s] target 0 err=0.127 m | 244 plans, recent 240 ms/plan (5.0 Hz)
[ 49.74s] target 0 err=0.121 m | 249 plans, recent 244 ms/plan (5.0 Hz)
[ 50.75s] target 0 err=0.122 m | 254 plans, recent 231 ms/plan (5.0 Hz)
[ 51.88s] target 0 err=0.124 m | 259 plans, recent 229 ms/plan (5.0 Hz)
[ 53.05s] target 0 err=0.125 m | 264 plans, recent 222 ms/plan (5.0 Hz)
[ 54.05s] target 0 err=0.125 m | 269 plans, recent 213 ms/plan (5.0 Hz)
[ 55.30s] target 0 err=0.148 m | 274 plans, recent 226 ms/plan (5.0 Hz)
[ 56.39s] target 0 err=0.069 m | 280 plans, recent 207 ms/plan (5.0 Hz)
[ 14.20s] target 0 strict reach (22.6 mm) in 14.20 s
  reached_strict=True reached_5cm=True min_err=0.0050 violation=False safe_stall=False

=== [50/60] sqp_mpc seed=3 target=1 (0.55, 0.3, 0.2) ===
loaded=/home/home/mbd/koopman/mbd_koopman/out/franka/models/bk_seed3.pt
SQP-MPC: 3 SQP re-freezes, act_dist 999.0, whole_arm=True, 1 box(es), 62 keep-out rows/step (compiled once, DPP)
warm-up: 3 throwaway plans
[  1.02s] target 0 err=0.577 m | 6 plans, recent 209 ms/plan (5.9 Hz)
[  2.12s] target 0 err=0.556 m | 12 plans, recent 190 ms/plan (5.7 Hz)
[  3.28s] target 0 err=0.538 m | 18 plans, recent 194 ms/plan (5.5 Hz)
[  4.41s] target 0 err=0.512 m | 23 plans, recent 198 ms/plan (5.2 Hz)
[  5.49s] target 0 err=0.482 m | 29 plans, recent 190 ms/plan (5.3 Hz)
[  6.60s] target 0 err=0.456 m | 36 plans, recent 183 ms/plan (5.5 Hz)
[  7.70s] target 0 err=0.460 m | 41 plans, recent 182 ms/plan (5.3 Hz)
[  8.85s] target 0 err=0.463 m | 47 plans, recent 187 ms/plan (5.3 Hz)
[  9.99s] target 0 err=0.463 m | 54 plans, recent 183 ms/plan (5.4 Hz)
[ 11.00s] target 0 err=0.484 m | 63 plans, recent 146 ms/plan (5.7 Hz)
[ 12.02s] target 0 err=0.486 m | 70 plans, recent 133 ms/plan (5.8 Hz)
[ 13.03s] target 0 err=0.485 m | 76 plans, recent 142 ms/plan (5.8 Hz)
[ 14.09s] target 0 err=0.478 m | 82 plans, recent 161 ms/plan (5.8 Hz)
[ 15.25s] target 0 err=0.468 m | 89 plans, recent 172 ms/plan (5.8 Hz)
[ 16.31s] target 0 err=0.467 m | 95 plans, recent 171 ms/plan (5.8 Hz)
[ 17.38s] target 0 err=0.474 m | 101 plans, recent 171 ms/plan (5.8 Hz)
[ 18.40s] target 0 err=0.526 m | 107 plans, recent 175 ms/plan (5.8 Hz)
[ 19.54s] target 0 err=0.559 m | 113 plans, recent 175 ms/plan (5.8 Hz)
[ 20.64s] target 0 err=0.494 m | 118 plans, recent 195 ms/plan (5.7 Hz)
[ 21.66s] target 0 err=0.451 m | 123 plans, recent 198 ms/plan (5.7 Hz)
[ 22.69s] target 0 err=0.412 m | 128 plans, recent 203 ms/plan (5.6 Hz)
[ 23.74s] target 0 err=0.477 m | 136 plans, recent 177 ms/plan (5.7 Hz)
[ 24.82s] target 0 err=0.477 m | 141 plans, recent 176 ms/plan (5.7 Hz)
[ 25.98s] target 0 err=0.445 m | 146 plans, recent 184 ms/plan (5.6 Hz)
[ 27.18s] target 0 err=0.368 m | 151 plans, recent 203 ms/plan (5.6 Hz)
[ 28.32s] target 0 err=0.245 m | 156 plans, recent 230 ms/plan (5.5 Hz)
[ 29.37s] target 0 err=0.158 m | 162 plans, recent 219 ms/plan (5.5 Hz)
[ 30.55s] target 0 err=0.165 m | 167 plans, recent 218 ms/plan (5.5 Hz)
[ 31.57s] target 0 err=0.170 m | 171 plans, recent 223 ms/plan (5.4 Hz)
[ 32.65s] target 0 err=0.179 m | 176 plans, recent 218 ms/plan (5.4 Hz)
[ 33.71s] target 0 err=0.197 m | 181 plans, recent 228 ms/plan (5.4 Hz)
[ 34.73s] target 0 err=0.210 m | 185 plans, recent 233 ms/plan (5.3 Hz)
[ 35.73s] target 0 err=0.213 m | 189 plans, recent 229 ms/plan (5.3 Hz)
[ 36.83s] target 0 err=0.205 m | 194 plans, recent 231 ms/plan (5.3 Hz)
[ 37.87s] target 0 err=0.193 m | 199 plans, recent 226 ms/plan (5.3 Hz)
[ 38.90s] target 0 err=0.184 m | 204 plans, recent 217 ms/plan (5.2 Hz)
[ 40.01s] target 0 err=0.176 m | 209 plans, recent 217 ms/plan (5.2 Hz)
[ 41.23s] target 0 err=0.170 m | 214 plans, recent 218 ms/plan (5.2 Hz)
[ 42.44s] target 0 err=0.164 m | 219 plans, recent 222 ms/plan (5.2 Hz)
[ 43.60s] target 0 err=0.162 m | 225 plans, recent 222 ms/plan (5.2 Hz)
[ 44.67s] target 0 err=0.161 m | 230 plans, recent 219 ms/plan (5.1 Hz)
[ 45.83s] target 0 err=0.159 m | 236 plans, recent 204 ms/plan (5.1 Hz)
[ 46.87s] target 0 err=0.176 m | 241 plans, recent 199 ms/plan (5.1 Hz)
[ 47.90s] target 0 err=0.131 m | 246 plans, recent 201 ms/plan (5.1 Hz)
[ 48.95s] target 0 err=0.080 m | 251 plans, recent 202 ms/plan (5.1 Hz)
[ 12.85s] target 0 strict reach (24.2 mm) in 12.85 s
[ 49.97s] target 0 err=0.024 m | 258 plans, recent 178 ms/plan (5.2 Hz)
  reached_strict=True reached_5cm=True min_err=0.0051 violation=False safe_stall=False

=== [51/60] sqp_mpc seed=3 target=2 (0.35, 0.32, 0.22) ===
loaded=/home/home/mbd/koopman/mbd_koopman/out/franka/models/bk_seed3.pt
SQP-MPC: 3 SQP re-freezes, act_dist 999.0, whole_arm=True, 1 box(es), 62 keep-out rows/step (compiled once, DPP)
warm-up: 3 throwaway plans
[  1.08s] target 0 err=0.610 m | 6 plans, recent 205 ms/plan (5.6 Hz)
[  2.29s] target 0 err=0.599 m | 12 plans, recent 213 ms/plan (5.2 Hz)
[  3.36s] target 0 err=0.595 m | 17 plans, recent 206 ms/plan (5.1 Hz)
[  4.60s] target 0 err=0.612 m | 23 plans, recent 202 ms/plan (5.0 Hz)
[  5.81s] target 0 err=0.661 m | 30 plans, recent 196 ms/plan (5.2 Hz)
[  6.85s] target 0 err=0.707 m | 35 plans, recent 194 ms/plan (5.1 Hz)
[  8.06s] target 0 err=0.727 m | 41 plans, recent 190 ms/plan (5.1 Hz)
[  9.21s] target 0 err=0.759 m | 48 plans, recent 191 ms/plan (5.2 Hz)
[ 10.31s] target 0 err=0.765 m | 54 plans, recent 179 ms/plan (5.2 Hz)
[ 11.43s] target 0 err=0.774 m | 61 plans, recent 172 ms/plan (5.3 Hz)
[ 12.49s] target 0 err=0.773 m | 69 plans, recent 154 ms/plan (5.5 Hz)
[ 13.60s] target 0 err=0.714 m | 74 plans, recent 163 ms/plan (5.4 Hz)
[ 14.73s] target 0 err=0.666 m | 80 plans, recent 171 ms/plan (5.4 Hz)
[ 15.79s] target 0 err=0.660 m | 85 plans, recent 190 ms/plan (5.4 Hz)
[ 16.81s] target 0 err=0.661 m | 91 plans, recent 185 ms/plan (5.4 Hz)
[ 18.02s] target 0 err=0.661 m | 97 plans, recent 194 ms/plan (5.4 Hz)
[ 19.10s] target 0 err=0.658 m | 102 plans, recent 200 ms/plan (5.3 Hz)
[ 20.18s] target 0 err=0.656 m | 108 plans, recent 196 ms/plan (5.4 Hz)
[ 21.25s] target 0 err=0.655 m | 114 plans, recent 192 ms/plan (5.4 Hz)
[ 22.43s] target 0 err=0.654 m | 120 plans, recent 192 ms/plan (5.3 Hz)
[ 23.57s] target 0 err=0.653 m | 125 plans, recent 194 ms/plan (5.3 Hz)
[ 24.62s] target 0 err=0.653 m | 131 plans, recent 191 ms/plan (5.3 Hz)
[ 25.74s] target 0 err=0.652 m | 137 plans, recent 196 ms/plan (5.3 Hz)
[ 26.74s] target 0 err=0.652 m | 142 plans, recent 189 ms/plan (5.3 Hz)
[ 27.86s] target 0 err=0.652 m | 148 plans, recent 189 ms/plan (5.3 Hz)
[ 28.94s] target 0 err=0.651 m | 155 plans, recent 178 ms/plan (5.4 Hz)
[ 30.12s] target 0 err=0.647 m | 162 plans, recent 171 ms/plan (5.4 Hz)
[ 31.14s] target 0 err=0.643 m | 167 plans, recent 171 ms/plan (5.4 Hz)
[ 32.14s] target 0 err=0.651 m | 172 plans, recent 182 ms/plan (5.4 Hz)
[ 33.29s] target 0 err=0.653 m | 179 plans, recent 184 ms/plan (5.4 Hz)
[ 34.47s] target 0 err=0.669 m | 185 plans, recent 186 ms/plan (5.4 Hz)
[ 35.58s] target 0 err=0.695 m | 191 plans, recent 178 ms/plan (5.4 Hz)
[ 36.74s] target 0 err=0.722 m | 197 plans, recent 187 ms/plan (5.4 Hz)
[ 37.78s] target 0 err=0.742 m | 202 plans, recent 198 ms/plan (5.3 Hz)
[ 38.95s] target 0 err=0.752 m | 207 plans, recent 204 ms/plan (5.3 Hz)
[ 40.07s] target 0 err=0.747 m | 212 plans, recent 216 ms/plan (5.3 Hz)
[ 41.14s] target 0 err=0.730 m | 217 plans, recent 221 ms/plan (5.3 Hz)
[ 42.36s] target 0 err=0.697 m | 224 plans, recent 205 ms/plan (5.3 Hz)
[ 43.39s] target 0 err=0.672 m | 229 plans, recent 197 ms/plan (5.3 Hz)
[ 44.51s] target 0 err=0.657 m | 236 plans, recent 176 ms/plan (5.3 Hz)
[ 45.60s] target 0 err=0.654 m | 243 plans, recent 171 ms/plan (5.3 Hz)
[ 46.64s] target 0 err=0.652 m | 249 plans, recent 163 ms/plan (5.3 Hz)
[ 47.67s] target 0 err=0.651 m | 254 plans, recent 171 ms/plan (5.3 Hz)
[ 48.80s] target 0 err=0.656 m | 261 plans, recent 177 ms/plan (5.3 Hz)
[ 49.83s] target 0 err=0.661 m | 267 plans, recent 172 ms/plan (5.4 Hz)
[ 50.93s] target 0 err=0.666 m | 274 plans, recent 162 ms/plan (5.4 Hz)
[ 51.93s] target 0 err=0.670 m | 280 plans, recent 166 ms/plan (5.4 Hz)
[ 52.96s] target 0 err=0.672 m | 286 plans, recent 166 ms/plan (5.4 Hz)
[ 54.07s] target 0 err=0.675 m | 293 plans, recent 164 ms/plan (5.4 Hz)
[ 55.12s] target 0 err=0.676 m | 299 plans, recent 167 ms/plan (5.4 Hz)
[ 56.25s] target 0 err=0.674 m | 306 plans, recent 158 ms/plan (5.4 Hz)
[ 57.37s] target 0 err=0.668 m | 315 plans, recent 146 ms/plan (5.5 Hz)
[ 58.41s] target 0 err=0.663 m | 321 plans, recent 145 ms/plan (5.5 Hz)
[ 59.59s] target 0 err=0.662 m | 328 plans, recent 157 ms/plan (5.5 Hz)
[ 60.77s] target 0 err=0.683 m | 334 plans, recent 178 ms/plan (5.5 Hz)
[ 61.97s] target 0 err=0.700 m | 341 plans, recent 179 ms/plan (5.5 Hz)
[ 62.99s] target 0 err=0.707 m | 348 plans, recent 168 ms/plan (5.5 Hz)
[ 64.02s] target 0 err=0.711 m | 354 plans, recent 161 ms/plan (5.5 Hz)
[ 65.14s] target 0 err=0.710 m | 362 plans, recent 155 ms/plan (5.6 Hz)
[ 66.17s] target 0 err=0.700 m | 368 plans, recent 163 ms/plan (5.6 Hz)
[ 67.22s] target 0 err=0.675 m | 374 plans, recent 163 ms/plan (5.6 Hz)
[ 68.27s] target 0 err=0.675 m | 380 plans, recent 170 ms/plan (5.6 Hz)
[ 69.36s] target 0 err=0.676 m | 388 plans, recent 153 ms/plan (5.6 Hz)
[ 70.44s] target 0 err=0.676 m | 395 plans, recent 147 ms/plan (5.6 Hz)
[ 71.48s] target 0 err=0.674 m | 401 plans, recent 154 ms/plan (5.6 Hz)
[ 72.55s] target 0 err=0.669 m | 408 plans, recent 164 ms/plan (5.6 Hz)
[ 73.63s] target 0 err=0.664 m | 415 plans, recent 160 ms/plan (5.6 Hz)
[ 74.64s] target 0 err=0.661 m | 421 plans, recent 155 ms/plan (5.6 Hz)
[ 75.64s] target 0 err=0.665 m | 427 plans, recent 166 ms/plan (5.6 Hz)
[ 76.78s] target 0 err=0.673 m | 433 plans, recent 174 ms/plan (5.6 Hz)
[ 77.92s] target 0 err=0.680 m | 441 plans, recent 167 ms/plan (5.7 Hz)
[ 79.11s] target 0 err=0.686 m | 448 plans, recent 162 ms/plan (5.7 Hz)
[ 80.22s] target 0 err=0.694 m | 454 plans, recent 161 ms/plan (5.7 Hz)
[ 81.43s] target 0 err=0.707 m | 461 plans, recent 170 ms/plan (5.7 Hz)
[ 82.49s] target 0 err=0.720 m | 467 plans, recent 177 ms/plan (5.7 Hz)
[ 83.58s] target 0 err=0.716 m | 472 plans, recent 182 ms/plan (5.6 Hz)
[ 84.76s] target 0 err=0.704 m | 479 plans, recent 188 ms/plan (5.7 Hz)
[ 85.92s] target 0 err=0.694 m | 485 plans, recent 192 ms/plan (5.6 Hz)
[ 86.93s] target 0 err=0.682 m | 491 plans, recent 177 ms/plan (5.6 Hz)
[ 88.04s] target 0 err=0.672 m | 498 plans, recent 169 ms/plan (5.7 Hz)
[ 89.08s] target 0 err=0.673 m | 505 plans, recent 159 ms/plan (5.7 Hz)
[ 90.11s] target 0 err=0.676 m | 512 plans, recent 148 ms/plan (5.7 Hz)
[ 91.27s] target 0 err=0.677 m | 520 plans, recent 149 ms/plan (5.7 Hz)
[ 92.45s] target 0 err=0.674 m | 527 plans, recent 150 ms/plan (5.7 Hz)
[ 93.57s] target 0 err=0.680 m | 534 plans, recent 160 ms/plan (5.7 Hz)
[ 94.73s] target 0 err=0.691 m | 540 plans, recent 173 ms/plan (5.7 Hz)
[ 95.76s] target 0 err=0.701 m | 546 plans, recent 172 ms/plan (5.7 Hz)
[ 96.86s] target 0 err=0.709 m | 552 plans, recent 180 ms/plan (5.7 Hz)
[ 97.88s] target 0 err=0.712 m | 558 plans, recent 177 ms/plan (5.7 Hz)
[ 98.89s] target 0 err=0.706 m | 563 plans, recent 174 ms/plan (5.7 Hz)
[ 99.99s] target 0 err=0.685 m | 570 plans, recent 177 ms/plan (5.7 Hz)
[101.09s] target 0 err=0.674 m | 577 plans, recent 167 ms/plan (5.7 Hz)
[102.13s] target 0 err=0.676 m | 584 plans, recent 157 ms/plan (5.7 Hz)
[103.14s] target 0 err=0.677 m | 592 plans, recent 142 ms/plan (5.7 Hz)
[104.18s] target 0 err=0.672 m | 599 plans, recent 139 ms/plan (5.7 Hz)
  reached_strict=False reached_5cm=False min_err=0.5815 violation=False safe_stall=True

=== [52/60] sqp_mpc seed=3 target=3 (0.5, 0.35, 0.18) ===
loaded=/home/home/mbd/koopman/mbd_koopman/out/franka/models/bk_seed3.pt
SQP-MPC: 3 SQP re-freezes, act_dist 999.0, whole_arm=True, 1 box(es), 62 keep-out rows/step (compiled once, DPP)
warm-up: 3 throwaway plans
[  1.17s] target 0 err=0.614 m | 6 plans, recent 224 ms/plan (5.1 Hz)
[  2.29s] target 0 err=0.605 m | 12 plans, recent 199 ms/plan (5.2 Hz)
[  3.35s] target 0 err=0.591 m | 17 plans, recent 213 ms/plan (5.1 Hz)
[  4.40s] target 0 err=0.617 m | 23 plans, recent 194 ms/plan (5.2 Hz)
[  5.51s] target 0 err=0.505 m | 33 plans, recent 148 ms/plan (6.0 Hz)
[  6.65s] target 0 err=0.506 m | 44 plans, recent 103 ms/plan (6.6 Hz)
[  7.79s] target 0 err=0.527 m | 53 plans, recent 115 ms/plan (6.8 Hz)
[  8.95s] target 0 err=0.564 m | 60 plans, recent 141 ms/plan (6.7 Hz)
[  9.98s] target 0 err=0.592 m | 64 plans, recent 172 ms/plan (6.4 Hz)
[ 10.98s] target 0 err=0.626 m | 68 plans, recent 199 ms/plan (6.2 Hz)
[ 12.18s] target 0 err=0.626 m | 73 plans, recent 223 ms/plan (6.0 Hz)
[ 13.33s] target 0 err=0.599 m | 78 plans, recent 238 ms/plan (5.8 Hz)
[ 14.49s] target 0 err=0.564 m | 83 plans, recent 237 ms/plan (5.7 Hz)
[ 15.56s] target 0 err=0.518 m | 88 plans, recent 228 ms/plan (5.7 Hz)
[ 16.63s] target 0 err=0.463 m | 92 plans, recent 235 ms/plan (5.5 Hz)
[ 17.85s] target 0 err=0.433 m | 97 plans, recent 235 ms/plan (5.4 Hz)
[ 18.92s] target 0 err=0.441 m | 102 plans, recent 229 ms/plan (5.4 Hz)
[ 19.98s] target 0 err=0.491 m | 107 plans, recent 230 ms/plan (5.4 Hz)
[ 21.07s] target 0 err=0.585 m | 113 plans, recent 205 ms/plan (5.4 Hz)
[ 22.10s] target 0 err=0.604 m | 119 plans, recent 185 ms/plan (5.4 Hz)
[ 23.13s] target 0 err=0.558 m | 126 plans, recent 164 ms/plan (5.4 Hz)
[ 24.35s] target 0 err=0.642 m | 133 plans, recent 166 ms/plan (5.5 Hz)
[ 25.47s] target 0 err=0.610 m | 138 plans, recent 177 ms/plan (5.4 Hz)
[ 26.51s] target 0 err=0.570 m | 143 plans, recent 199 ms/plan (5.4 Hz)
[ 27.68s] target 0 err=0.529 m | 149 plans, recent 204 ms/plan (5.4 Hz)
[ 28.74s] target 0 err=0.559 m | 153 plans, recent 220 ms/plan (5.3 Hz)
[ 29.92s] target 0 err=0.591 m | 159 plans, recent 212 ms/plan (5.3 Hz)
[ 30.94s] target 0 err=0.611 m | 164 plans, recent 214 ms/plan (5.3 Hz)
[ 31.99s] target 0 err=0.612 m | 169 plans, recent 215 ms/plan (5.3 Hz)
[ 33.18s] target 0 err=0.611 m | 175 plans, recent 200 ms/plan (5.3 Hz)
[ 34.31s] target 0 err=0.709 m | 180 plans, recent 211 ms/plan (5.2 Hz)
[ 35.34s] target 0 err=0.809 m | 186 plans, recent 197 ms/plan (5.3 Hz)
[ 36.34s] target 0 err=0.847 m | 191 plans, recent 192 ms/plan (5.3 Hz)
[ 37.40s] target 0 err=0.890 m | 199 plans, recent 161 ms/plan (5.3 Hz)
[ 38.47s] target 0 err=0.895 m | 205 plans, recent 163 ms/plan (5.3 Hz)
[ 39.51s] target 0 err=0.797 m | 212 plans, recent 157 ms/plan (5.4 Hz)
[ 40.63s] target 0 err=0.735 m | 217 plans, recent 173 ms/plan (5.3 Hz)
[ 41.71s] target 0 err=0.752 m | 223 plans, recent 181 ms/plan (5.3 Hz)
[ 42.92s] target 0 err=0.743 m | 228 plans, recent 198 ms/plan (5.3 Hz)
[ 44.03s] target 0 err=0.784 m | 235 plans, recent 189 ms/plan (5.3 Hz)
[ 45.13s] target 0 err=0.850 m | 241 plans, recent 188 ms/plan (5.3 Hz)
[ 46.18s] target 0 err=0.886 m | 247 plans, recent 169 ms/plan (5.3 Hz)
[ 47.24s] target 0 err=0.924 m | 254 plans, recent 169 ms/plan (5.4 Hz)
[ 48.42s] target 0 err=0.944 m | 261 plans, recent 165 ms/plan (5.4 Hz)
[ 49.49s] target 0 err=0.962 m | 267 plans, recent 167 ms/plan (5.4 Hz)
[ 50.58s] target 0 err=0.967 m | 273 plans, recent 175 ms/plan (5.4 Hz)
[ 51.61s] target 0 err=0.974 m | 278 plans, recent 191 ms/plan (5.4 Hz)
[ 52.68s] target 0 err=0.974 m | 284 plans, recent 184 ms/plan (5.4 Hz)
[ 53.69s] target 0 err=0.950 m | 290 plans, recent 181 ms/plan (5.4 Hz)
[ 54.77s] target 0 err=0.903 m | 296 plans, recent 178 ms/plan (5.4 Hz)
[ 55.78s] target 0 err=0.835 m | 301 plans, recent 180 ms/plan (5.4 Hz)
[ 57.02s] target 0 err=0.680 m | 307 plans, recent 190 ms/plan (5.4 Hz)
[ 58.12s] target 0 err=0.579 m | 312 plans, recent 202 ms/plan (5.4 Hz)
[ 59.34s] target 0 err=0.540 m | 317 plans, recent 223 ms/plan (5.3 Hz)
[ 60.41s] target 0 err=0.600 m | 322 plans, recent 222 ms/plan (5.3 Hz)
[ 61.43s] target 0 err=0.640 m | 327 plans, recent 223 ms/plan (5.3 Hz)
[ 62.46s] target 0 err=0.630 m | 332 plans, recent 213 ms/plan (5.3 Hz)
[ 63.66s] target 0 err=0.611 m | 338 plans, recent 202 ms/plan (5.3 Hz)
[ 64.82s] target 0 err=0.560 m | 344 plans, recent 199 ms/plan (5.3 Hz)
[ 66.05s] target 0 err=0.454 m | 350 plans, recent 194 ms/plan (5.3 Hz)
[ 67.21s] target 0 err=0.420 m | 355 plans, recent 211 ms/plan (5.3 Hz)
[ 68.40s] target 0 err=0.426 m | 361 plans, recent 209 ms/plan (5.3 Hz)
[ 69.55s] target 0 err=0.437 m | 367 plans, recent 206 ms/plan (5.3 Hz)
[ 70.66s] target 0 err=0.433 m | 372 plans, recent 210 ms/plan (5.3 Hz)
[ 71.67s] target 0 err=0.460 m | 376 plans, recent 215 ms/plan (5.2 Hz)
[ 72.69s] target 0 err=0.484 m | 380 plans, recent 222 ms/plan (5.2 Hz)
[ 73.79s] target 0 err=0.579 m | 386 plans, recent 225 ms/plan (5.2 Hz)
[ 74.95s] target 0 err=0.593 m | 392 plans, recent 205 ms/plan (5.2 Hz)
[ 76.03s] target 0 err=0.641 m | 399 plans, recent 174 ms/plan (5.2 Hz)
[ 77.21s] target 0 err=0.783 m | 405 plans, recent 179 ms/plan (5.2 Hz)
[ 78.24s] target 0 err=0.923 m | 413 plans, recent 155 ms/plan (5.3 Hz)
[ 79.30s] target 0 err=0.961 m | 422 plans, recent 126 ms/plan (5.3 Hz)
[ 80.32s] target 0 err=0.971 m | 431 plans, recent 113 ms/plan (5.4 Hz)
[ 81.42s] target 0 err=0.950 m | 440 plans, recent 116 ms/plan (5.4 Hz)
[ 82.57s] target 0 err=0.964 m | 449 plans, recent 124 ms/plan (5.4 Hz)
[ 83.73s] target 0 err=0.945 m | 457 plans, recent 133 ms/plan (5.5 Hz)
[ 84.78s] target 0 err=0.845 m | 463 plans, recent 152 ms/plan (5.5 Hz)
[ 85.97s] target 0 err=0.672 m | 469 plans, recent 173 ms/plan (5.5 Hz)
[ 87.02s] target 0 err=0.589 m | 473 plans, recent 201 ms/plan (5.4 Hz)
[ 88.29s] target 0 err=0.567 m | 478 plans, recent 220 ms/plan (5.4 Hz)
[ 89.36s] target 0 err=0.636 m | 484 plans, recent 214 ms/plan (5.4 Hz)
[ 90.54s] target 0 err=0.637 m | 490 plans, recent 208 ms/plan (5.4 Hz)
[ 91.59s] target 0 err=0.621 m | 497 plans, recent 172 ms/plan (5.4 Hz)
[ 92.75s] target 0 err=0.599 m | 502 plans, recent 190 ms/plan (5.4 Hz)
[ 93.75s] target 0 err=0.529 m | 506 plans, recent 201 ms/plan (5.4 Hz)
[ 94.94s] target 0 err=0.438 m | 513 plans, recent 198 ms/plan (5.4 Hz)
[ 96.03s] target 0 err=0.432 m | 518 plans, recent 211 ms/plan (5.4 Hz)
[ 97.21s] target 0 err=0.422 m | 524 plans, recent 192 ms/plan (5.4 Hz)
[ 98.34s] target 0 err=0.420 m | 530 plans, recent 202 ms/plan (5.4 Hz)
[ 99.54s] target 0 err=0.458 m | 536 plans, recent 199 ms/plan (5.4 Hz)
[100.58s] target 0 err=0.468 m | 541 plans, recent 196 ms/plan (5.4 Hz)
[101.73s] target 0 err=0.501 m | 547 plans, recent 201 ms/plan (5.4 Hz)
[102.74s] target 0 err=0.524 m | 554 plans, recent 177 ms/plan (5.4 Hz)
[103.85s] target 0 err=0.542 m | 561 plans, recent 161 ms/plan (5.4 Hz)
[104.92s] target 0 err=0.602 m | 567 plans, recent 157 ms/plan (5.4 Hz)
[106.03s] target 0 err=0.760 m | 573 plans, recent 171 ms/plan (5.4 Hz)
[107.04s] target 0 err=0.891 m | 579 plans, recent 178 ms/plan (5.4 Hz)
[108.17s] target 0 err=0.937 m | 585 plans, recent 179 ms/plan (5.4 Hz)
[109.18s] target 0 err=0.971 m | 590 plans, recent 191 ms/plan (5.4 Hz)
[110.28s] target 0 err=0.958 m | 597 plans, recent 172 ms/plan (5.4 Hz)
  reached_strict=False reached_5cm=False min_err=0.4177 violation=False safe_stall=True

=== [53/60] sqp_mpc seed=3 target=4 (0.4, 0.28, 0.22) ===
loaded=/home/home/mbd/koopman/mbd_koopman/out/franka/models/bk_seed3.pt
SQP-MPC: 3 SQP re-freezes, act_dist 999.0, whole_arm=True, 1 box(es), 62 keep-out rows/step (compiled once, DPP)
warm-up: 3 throwaway plans
[  1.21s] target 0 err=0.560 m | 6 plans, recent 247 ms/plan (5.0 Hz)
[  2.24s] target 0 err=0.522 m | 10 plans, recent 251 ms/plan (4.5 Hz)
[  3.46s] target 0 err=0.529 m | 15 plans, recent 248 ms/plan (4.3 Hz)
[  4.59s] target 0 err=0.534 m | 20 plans, recent 240 ms/plan (4.4 Hz)
[  5.77s] target 0 err=0.547 m | 26 plans, recent 224 ms/plan (4.5 Hz)
[  6.81s] target 0 err=0.582 m | 32 plans, recent 205 ms/plan (4.7 Hz)
[  7.98s] target 0 err=0.533 m | 38 plans, recent 189 ms/plan (4.8 Hz)
[  9.07s] target 0 err=0.510 m | 45 plans, recent 171 ms/plan (5.0 Hz)
[ 10.20s] target 0 err=0.512 m | 53 plans, recent 153 ms/plan (5.2 Hz)
[ 11.26s] target 0 err=0.523 m | 62 plans, recent 132 ms/plan (5.5 Hz)
[ 12.36s] target 0 err=0.531 m | 70 plans, recent 130 ms/plan (5.7 Hz)
[ 13.45s] target 0 err=0.535 m | 77 plans, recent 135 ms/plan (5.7 Hz)
[ 14.48s] target 0 err=0.539 m | 84 plans, recent 151 ms/plan (5.8 Hz)
[ 15.53s] target 0 err=0.544 m | 90 plans, recent 159 ms/plan (5.8 Hz)
[ 16.56s] target 0 err=0.554 m | 98 plans, recent 145 ms/plan (5.9 Hz)
[ 17.58s] target 0 err=0.565 m | 106 plans, recent 130 ms/plan (6.0 Hz)
[ 18.73s] target 0 err=0.579 m | 114 plans, recent 134 ms/plan (6.1 Hz)
[ 19.74s] target 0 err=0.594 m | 121 plans, recent 137 ms/plan (6.1 Hz)
[ 20.77s] target 0 err=0.603 m | 129 plans, recent 139 ms/plan (6.2 Hz)
[ 21.85s] target 0 err=0.606 m | 137 plans, recent 134 ms/plan (6.3 Hz)
[ 22.99s] target 0 err=0.605 m | 146 plans, recent 130 ms/plan (6.3 Hz)
[ 24.08s] target 0 err=0.603 m | 153 plans, recent 134 ms/plan (6.4 Hz)
[ 25.15s] target 0 err=0.604 m | 160 plans, recent 145 ms/plan (6.4 Hz)
[ 26.21s] target 0 err=0.607 m | 168 plans, recent 147 ms/plan (6.4 Hz)
[ 27.31s] target 0 err=0.612 m | 175 plans, recent 146 ms/plan (6.4 Hz)
[ 28.34s] target 0 err=0.619 m | 182 plans, recent 149 ms/plan (6.4 Hz)
[ 29.42s] target 0 err=0.631 m | 189 plans, recent 153 ms/plan (6.4 Hz)
[ 30.53s] target 0 err=0.638 m | 195 plans, recent 162 ms/plan (6.4 Hz)
[ 31.59s] target 0 err=0.639 m | 203 plans, recent 153 ms/plan (6.4 Hz)
[ 32.73s] target 0 err=0.639 m | 211 plans, recent 148 ms/plan (6.4 Hz)
[ 33.78s] target 0 err=0.639 m | 218 plans, recent 145 ms/plan (6.5 Hz)
[ 34.82s] target 0 err=0.636 m | 224 plans, recent 155 ms/plan (6.4 Hz)
[ 35.88s] target 0 err=0.634 m | 232 plans, recent 153 ms/plan (6.5 Hz)
[ 37.09s] target 0 err=0.633 m | 238 plans, recent 166 ms/plan (6.4 Hz)
[ 38.23s] target 0 err=0.633 m | 245 plans, recent 168 ms/plan (6.4 Hz)
[ 39.30s] target 0 err=0.633 m | 251 plans, recent 181 ms/plan (6.4 Hz)
[ 40.32s] target 0 err=0.632 m | 257 plans, recent 170 ms/plan (6.4 Hz)
[ 41.41s] target 0 err=0.630 m | 263 plans, recent 177 ms/plan (6.4 Hz)
[ 42.43s] target 0 err=0.628 m | 269 plans, recent 179 ms/plan (6.3 Hz)
[ 43.52s] target 0 err=0.628 m | 275 plans, recent 175 ms/plan (6.3 Hz)
[ 44.54s] target 0 err=0.624 m | 283 plans, recent 155 ms/plan (6.4 Hz)
[ 45.67s] target 0 err=0.621 m | 291 plans, recent 140 ms/plan (6.4 Hz)
[ 46.75s] target 0 err=0.621 m | 297 plans, recent 147 ms/plan (6.4 Hz)
[ 47.94s] target 0 err=0.627 m | 304 plans, recent 162 ms/plan (6.3 Hz)
[ 49.10s] target 0 err=0.633 m | 310 plans, recent 178 ms/plan (6.3 Hz)
[ 50.11s] target 0 err=0.639 m | 316 plans, recent 177 ms/plan (6.3 Hz)
[ 51.13s] target 0 err=0.642 m | 322 plans, recent 178 ms/plan (6.3 Hz)
[ 52.17s] target 0 err=0.645 m | 328 plans, recent 174 ms/plan (6.3 Hz)
[ 53.24s] target 0 err=0.648 m | 334 plans, recent 171 ms/plan (6.3 Hz)
[ 54.34s] target 0 err=0.652 m | 341 plans, recent 168 ms/plan (6.3 Hz)
[ 55.35s] target 0 err=0.655 m | 347 plans, recent 163 ms/plan (6.3 Hz)
[ 56.51s] target 0 err=0.659 m | 355 plans, recent 155 ms/plan (6.3 Hz)
[ 57.68s] target 0 err=0.661 m | 362 plans, recent 155 ms/plan (6.3 Hz)
[ 58.81s] target 0 err=0.663 m | 370 plans, recent 152 ms/plan (6.3 Hz)
[ 59.89s] target 0 err=0.663 m | 377 plans, recent 153 ms/plan (6.3 Hz)
[ 60.94s] target 0 err=0.661 m | 385 plans, recent 146 ms/plan (6.3 Hz)
[ 61.97s] target 0 err=0.658 m | 392 plans, recent 141 ms/plan (6.3 Hz)
[ 63.06s] target 0 err=0.654 m | 400 plans, recent 135 ms/plan (6.3 Hz)
[ 64.12s] target 0 err=0.650 m | 409 plans, recent 131 ms/plan (6.4 Hz)
[ 65.32s] target 0 err=0.650 m | 417 plans, recent 132 ms/plan (6.4 Hz)
[ 66.35s] target 0 err=0.650 m | 424 plans, recent 137 ms/plan (6.4 Hz)
[ 67.48s] target 0 err=0.650 m | 433 plans, recent 137 ms/plan (6.4 Hz)
[ 68.61s] target 0 err=0.650 m | 442 plans, recent 123 ms/plan (6.4 Hz)
[ 69.70s] target 0 err=0.649 m | 451 plans, recent 123 ms/plan (6.5 Hz)
[ 70.75s] target 0 err=0.648 m | 459 plans, recent 125 ms/plan (6.5 Hz)
[ 71.79s] target 0 err=0.647 m | 468 plans, recent 122 ms/plan (6.5 Hz)
[ 72.91s] target 0 err=0.646 m | 477 plans, recent 123 ms/plan (6.5 Hz)
[ 73.95s] target 0 err=0.645 m | 484 plans, recent 136 ms/plan (6.5 Hz)
[ 75.07s] target 0 err=0.644 m | 491 plans, recent 145 ms/plan (6.5 Hz)
[ 76.13s] target 0 err=0.643 m | 499 plans, recent 146 ms/plan (6.6 Hz)
[ 77.18s] target 0 err=0.643 m | 507 plans, recent 134 ms/plan (6.6 Hz)
[ 78.20s] target 0 err=0.642 m | 517 plans, recent 115 ms/plan (6.6 Hz)
[ 79.21s] target 0 err=0.641 m | 525 plans, recent 112 ms/plan (6.6 Hz)
[ 80.25s] target 0 err=0.641 m | 533 plans, recent 126 ms/plan (6.6 Hz)
[ 81.33s] target 0 err=0.640 m | 541 plans, recent 132 ms/plan (6.7 Hz)
[ 82.37s] target 0 err=0.639 m | 549 plans, recent 132 ms/plan (6.7 Hz)
[ 83.48s] target 0 err=0.639 m | 558 plans, recent 128 ms/plan (6.7 Hz)
[ 84.53s] target 0 err=0.638 m | 566 plans, recent 133 ms/plan (6.7 Hz)
[ 85.66s] target 0 err=0.637 m | 574 plans, recent 134 ms/plan (6.7 Hz)
[ 86.74s] target 0 err=0.636 m | 582 plans, recent 137 ms/plan (6.7 Hz)
[ 87.86s] target 0 err=0.635 m | 590 plans, recent 136 ms/plan (6.7 Hz)
[ 88.88s] target 0 err=0.633 m | 598 plans, recent 138 ms/plan (6.7 Hz)
  reached_strict=False reached_5cm=False min_err=0.5062 violation=False safe_stall=True

=== [54/60] sqp_mpc seed=3 target=5 (0.48, 0.33, 0.19) ===
loaded=/home/home/mbd/koopman/mbd_koopman/out/franka/models/bk_seed3.pt
SQP-MPC: 3 SQP re-freezes, act_dist 999.0, whole_arm=True, 1 box(es), 62 keep-out rows/step (compiled once, DPP)
warm-up: 3 throwaway plans
[  1.05s] target 0 err=0.635 m | 6 plans, recent 206 ms/plan (5.7 Hz)
[  2.24s] target 0 err=0.589 m | 12 plans, recent 204 ms/plan (5.4 Hz)
[  3.32s] target 0 err=0.558 m | 17 plans, recent 208 ms/plan (5.1 Hz)
[  4.40s] target 0 err=0.550 m | 22 plans, recent 207 ms/plan (5.0 Hz)
[  5.57s] target 0 err=0.540 m | 27 plans, recent 220 ms/plan (4.8 Hz)
[  6.58s] target 0 err=0.530 m | 32 plans, recent 212 ms/plan (4.9 Hz)
[  7.65s] target 0 err=0.515 m | 38 plans, recent 205 ms/plan (5.0 Hz)
[  8.66s] target 0 err=0.498 m | 44 plans, recent 183 ms/plan (5.1 Hz)
[  9.76s] target 0 err=0.486 m | 50 plans, recent 174 ms/plan (5.1 Hz)
[ 10.91s] target 0 err=0.488 m | 57 plans, recent 169 ms/plan (5.2 Hz)
[ 11.94s] target 0 err=0.498 m | 64 plans, recent 163 ms/plan (5.4 Hz)
[ 13.02s] target 0 err=0.513 m | 71 plans, recent 149 ms/plan (5.5 Hz)
[ 14.07s] target 0 err=0.525 m | 77 plans, recent 155 ms/plan (5.5 Hz)
[ 15.09s] target 0 err=0.532 m | 84 plans, recent 156 ms/plan (5.6 Hz)
[ 16.22s] target 0 err=0.535 m | 91 plans, recent 158 ms/plan (5.6 Hz)
[ 17.26s] target 0 err=0.531 m | 97 plans, recent 161 ms/plan (5.6 Hz)
[ 18.40s] target 0 err=0.517 m | 103 plans, recent 172 ms/plan (5.6 Hz)
[ 19.54s] target 0 err=0.536 m | 109 plans, recent 188 ms/plan (5.6 Hz)
[ 20.68s] target 0 err=0.562 m | 113 plans, recent 216 ms/plan (5.5 Hz)
[ 21.74s] target 0 err=0.574 m | 117 plans, recent 226 ms/plan (5.4 Hz)
[ 22.94s] target 0 err=0.619 m | 122 plans, recent 238 ms/plan (5.3 Hz)
[ 23.96s] target 0 err=0.617 m | 126 plans, recent 254 ms/plan (5.3 Hz)
[ 25.19s] target 0 err=0.567 m | 131 plans, recent 250 ms/plan (5.2 Hz)
[ 26.29s] target 0 err=0.525 m | 135 plans, recent 248 ms/plan (5.1 Hz)
[ 27.50s] target 0 err=0.465 m | 140 plans, recent 254 ms/plan (5.1 Hz)
[ 28.54s] target 0 err=0.431 m | 144 plans, recent 250 ms/plan (5.0 Hz)
[ 29.73s] target 0 err=0.443 m | 149 plans, recent 255 ms/plan (5.0 Hz)
[ 30.88s] target 0 err=0.488 m | 154 plans, recent 241 ms/plan (5.0 Hz)
[ 32.08s] target 0 err=0.538 m | 160 plans, recent 224 ms/plan (5.0 Hz)
[ 33.13s] target 0 err=0.502 m | 167 plans, recent 195 ms/plan (5.0 Hz)
[ 34.21s] target 0 err=0.509 m | 171 plans, recent 198 ms/plan (5.0 Hz)
[ 35.23s] target 0 err=0.489 m | 175 plans, recent 205 ms/plan (5.0 Hz)
[ 36.29s] target 0 err=0.411 m | 179 plans, recent 223 ms/plan (4.9 Hz)
[ 37.34s] target 0 err=0.286 m | 183 plans, recent 243 ms/plan (4.9 Hz)
[ 38.52s] target 0 err=0.237 m | 188 plans, recent 248 ms/plan (4.9 Hz)
[ 39.55s] target 0 err=0.243 m | 194 plans, recent 223 ms/plan (4.9 Hz)
[ 40.61s] target 0 err=0.242 m | 200 plans, recent 197 ms/plan (4.9 Hz)
[ 41.65s] target 0 err=0.233 m | 206 plans, recent 174 ms/plan (4.9 Hz)
[ 42.77s] target 0 err=0.183 m | 213 plans, recent 169 ms/plan (5.0 Hz)
[ 43.87s] target 0 err=0.149 m | 219 plans, recent 170 ms/plan (5.0 Hz)
[ 44.95s] target 0 err=0.151 m | 225 plans, recent 174 ms/plan (5.0 Hz)
[ 46.03s] target 0 err=0.154 m | 230 plans, recent 190 ms/plan (5.0 Hz)
[ 47.24s] target 0 err=0.189 m | 235 plans, recent 205 ms/plan (5.0 Hz)
[ 48.28s] target 0 err=0.111 m | 240 plans, recent 215 ms/plan (5.0 Hz)
[ 49.36s] target 0 err=0.044 m | 247 plans, recent 194 ms/plan (5.0 Hz)
[ 12.45s] target 0 strict reach (21.2 mm) in 12.45 s
  reached_strict=True reached_5cm=True min_err=0.0051 violation=False safe_stall=False

=== [55/60] sqp_mpc seed=4 target=0 (0.45, 0.3, 0.2) ===
loaded=/home/home/mbd/koopman/mbd_koopman/out/franka/models/bk_seed4.pt
SQP-MPC: 3 SQP re-freezes, act_dist 999.0, whole_arm=True, 1 box(es), 62 keep-out rows/step (compiled once, DPP)
warm-up: 3 throwaway plans
[  1.09s] target 0 err=0.574 m | 6 plans, recent 226 ms/plan (5.5 Hz)
[  2.13s] target 0 err=0.540 m | 10 plans, recent 235 ms/plan (4.7 Hz)
[  3.29s] target 0 err=0.621 m | 15 plans, recent 231 ms/plan (4.6 Hz)
[  4.42s] target 0 err=0.588 m | 21 plans, recent 220 ms/plan (4.7 Hz)
[  5.43s] target 0 err=0.549 m | 26 plans, recent 215 ms/plan (4.8 Hz)
[  6.65s] target 0 err=0.545 m | 33 plans, recent 187 ms/plan (5.0 Hz)
[  7.75s] target 0 err=0.540 m | 39 plans, recent 185 ms/plan (5.0 Hz)
[  8.77s] target 0 err=0.528 m | 44 plans, recent 189 ms/plan (5.0 Hz)
[  9.88s] target 0 err=0.516 m | 50 plans, recent 192 ms/plan (5.1 Hz)
[ 10.98s] target 0 err=0.516 m | 55 plans, recent 200 ms/plan (5.0 Hz)
[ 12.02s] target 0 err=0.517 m | 61 plans, recent 188 ms/plan (5.1 Hz)
[ 13.15s] target 0 err=0.516 m | 67 plans, recent 193 ms/plan (5.1 Hz)
[ 14.29s] target 0 err=0.511 m | 72 plans, recent 200 ms/plan (5.0 Hz)
[ 15.48s] target 0 err=0.506 m | 78 plans, recent 198 ms/plan (5.0 Hz)
[ 16.65s] target 0 err=0.499 m | 84 plans, recent 203 ms/plan (5.0 Hz)
[ 17.66s] target 0 err=0.494 m | 89 plans, recent 197 ms/plan (5.0 Hz)
[ 18.70s] target 0 err=0.501 m | 94 plans, recent 205 ms/plan (5.0 Hz)
[ 19.76s] target 0 err=0.500 m | 99 plans, recent 200 ms/plan (5.0 Hz)
[ 20.93s] target 0 err=0.500 m | 105 plans, recent 202 ms/plan (5.0 Hz)
[ 21.95s] target 0 err=0.500 m | 111 plans, recent 191 ms/plan (5.1 Hz)
[ 23.02s] target 0 err=0.504 m | 118 plans, recent 171 ms/plan (5.1 Hz)
[ 24.05s] target 0 err=0.504 m | 124 plans, recent 163 ms/plan (5.2 Hz)
[ 25.14s] target 0 err=0.503 m | 130 plans, recent 167 ms/plan (5.2 Hz)
[ 26.25s] target 0 err=0.501 m | 136 plans, recent 177 ms/plan (5.2 Hz)
[ 27.39s] target 0 err=0.505 m | 142 plans, recent 182 ms/plan (5.2 Hz)
[ 28.58s] target 0 err=0.509 m | 149 plans, recent 181 ms/plan (5.2 Hz)
[ 29.63s] target 0 err=0.510 m | 155 plans, recent 180 ms/plan (5.2 Hz)
[ 30.68s] target 0 err=0.511 m | 161 plans, recent 172 ms/plan (5.2 Hz)
[ 31.83s] target 0 err=0.512 m | 168 plans, recent 170 ms/plan (5.3 Hz)
[ 32.84s] target 0 err=0.513 m | 175 plans, recent 155 ms/plan (5.3 Hz)
[ 33.91s] target 0 err=0.514 m | 182 plans, recent 150 ms/plan (5.4 Hz)
[ 35.09s] target 0 err=0.517 m | 189 plans, recent 158 ms/plan (5.4 Hz)
[ 36.14s] target 0 err=0.518 m | 195 plans, recent 163 ms/plan (5.4 Hz)
[ 37.26s] target 0 err=0.522 m | 201 plans, recent 177 ms/plan (5.4 Hz)
[ 38.45s] target 0 err=0.523 m | 208 plans, recent 176 ms/plan (5.4 Hz)
[ 39.58s] target 0 err=0.523 m | 214 plans, recent 180 ms/plan (5.4 Hz)
[ 40.74s] target 0 err=0.530 m | 221 plans, recent 171 ms/plan (5.4 Hz)
[ 41.87s] target 0 err=0.536 m | 227 plans, recent 182 ms/plan (5.4 Hz)
[ 42.88s] target 0 err=0.542 m | 232 plans, recent 184 ms/plan (5.4 Hz)
[ 43.96s] target 0 err=0.569 m | 239 plans, recent 177 ms/plan (5.4 Hz)
[ 45.07s] target 0 err=0.558 m | 245 plans, recent 177 ms/plan (5.4 Hz)
[ 46.21s] target 0 err=0.563 m | 252 plans, recent 166 ms/plan (5.5 Hz)
[ 47.34s] target 0 err=0.561 m | 259 plans, recent 170 ms/plan (5.5 Hz)
[ 48.41s] target 0 err=0.558 m | 266 plans, recent 162 ms/plan (5.5 Hz)
[ 49.49s] target 0 err=0.560 m | 272 plans, recent 161 ms/plan (5.5 Hz)
[ 50.54s] target 0 err=0.591 m | 279 plans, recent 154 ms/plan (5.5 Hz)
[ 51.63s] target 0 err=0.573 m | 287 plans, recent 151 ms/plan (5.6 Hz)
[ 52.74s] target 0 err=0.574 m | 294 plans, recent 145 ms/plan (5.6 Hz)
[ 53.87s] target 0 err=0.575 m | 301 plans, recent 158 ms/plan (5.6 Hz)
[ 54.97s] target 0 err=0.575 m | 307 plans, recent 164 ms/plan (5.6 Hz)
[ 56.08s] target 0 err=0.572 m | 314 plans, recent 167 ms/plan (5.6 Hz)
[ 57.10s] target 0 err=0.565 m | 320 plans, recent 166 ms/plan (5.6 Hz)
[ 58.13s] target 0 err=0.575 m | 326 plans, recent 168 ms/plan (5.6 Hz)
[ 59.15s] target 0 err=0.586 m | 333 plans, recent 161 ms/plan (5.6 Hz)
[ 60.26s] target 0 err=0.569 m | 341 plans, recent 150 ms/plan (5.7 Hz)
[ 61.35s] target 0 err=0.562 m | 348 plans, recent 139 ms/plan (5.7 Hz)
[ 62.40s] target 0 err=0.583 m | 355 plans, recent 151 ms/plan (5.7 Hz)
[ 63.44s] target 0 err=0.571 m | 362 plans, recent 152 ms/plan (5.7 Hz)
[ 64.60s] target 0 err=0.567 m | 369 plans, recent 160 ms/plan (5.7 Hz)
[ 65.69s] target 0 err=0.562 m | 376 plans, recent 157 ms/plan (5.7 Hz)
[ 66.81s] target 0 err=0.559 m | 383 plans, recent 159 ms/plan (5.7 Hz)
[ 67.93s] target 0 err=0.560 m | 390 plans, recent 156 ms/plan (5.7 Hz)
[ 68.97s] target 0 err=0.561 m | 396 plans, recent 167 ms/plan (5.7 Hz)
[ 70.04s] target 0 err=0.561 m | 404 plans, recent 153 ms/plan (5.8 Hz)
[ 71.05s] target 0 err=0.562 m | 410 plans, recent 158 ms/plan (5.8 Hz)
[ 72.14s] target 0 err=0.562 m | 416 plans, recent 158 ms/plan (5.8 Hz)
[ 73.26s] target 0 err=0.563 m | 422 plans, recent 177 ms/plan (5.8 Hz)
[ 74.41s] target 0 err=0.563 m | 428 plans, recent 184 ms/plan (5.8 Hz)
[ 75.50s] target 0 err=0.572 m | 435 plans, recent 176 ms/plan (5.8 Hz)
[ 76.62s] target 0 err=0.573 m | 442 plans, recent 164 ms/plan (5.8 Hz)
[ 77.71s] target 0 err=0.574 m | 450 plans, recent 145 ms/plan (5.8 Hz)
[ 78.76s] target 0 err=0.574 m | 457 plans, recent 146 ms/plan (5.8 Hz)
[ 79.85s] target 0 err=0.574 m | 465 plans, recent 143 ms/plan (5.8 Hz)
[ 80.96s] target 0 err=0.574 m | 472 plans, recent 153 ms/plan (5.8 Hz)
[ 82.00s] target 0 err=0.574 m | 478 plans, recent 153 ms/plan (5.8 Hz)
[ 83.06s] target 0 err=0.574 m | 486 plans, recent 151 ms/plan (5.9 Hz)
[ 84.08s] target 0 err=0.575 m | 493 plans, recent 143 ms/plan (5.9 Hz)
[ 85.15s] target 0 err=0.574 m | 501 plans, recent 136 ms/plan (5.9 Hz)
[ 86.18s] target 0 err=0.573 m | 508 plans, recent 140 ms/plan (5.9 Hz)
[ 87.25s] target 0 err=0.568 m | 514 plans, recent 154 ms/plan (5.9 Hz)
[ 88.28s] target 0 err=0.562 m | 520 plans, recent 165 ms/plan (5.9 Hz)
[ 89.38s] target 0 err=0.556 m | 527 plans, recent 167 ms/plan (5.9 Hz)
[ 90.40s] target 0 err=0.557 m | 533 plans, recent 164 ms/plan (5.9 Hz)
[ 91.46s] target 0 err=0.559 m | 539 plans, recent 166 ms/plan (5.9 Hz)
[ 92.55s] target 0 err=0.561 m | 546 plans, recent 166 ms/plan (5.9 Hz)
[ 93.65s] target 0 err=0.562 m | 553 plans, recent 162 ms/plan (5.9 Hz)
[ 94.78s] target 0 err=0.564 m | 560 plans, recent 156 ms/plan (5.9 Hz)
[ 95.85s] target 0 err=0.601 m | 567 plans, recent 157 ms/plan (5.9 Hz)
[ 96.93s] target 0 err=0.565 m | 573 plans, recent 165 ms/plan (5.9 Hz)
[ 98.02s] target 0 err=0.571 m | 579 plans, recent 167 ms/plan (5.9 Hz)
[ 99.14s] target 0 err=0.572 m | 586 plans, recent 171 ms/plan (5.9 Hz)
[100.31s] target 0 err=0.573 m | 592 plans, recent 175 ms/plan (5.9 Hz)
[101.46s] target 0 err=0.574 m | 598 plans, recent 178 ms/plan (5.9 Hz)
  reached_strict=False reached_5cm=False min_err=0.4930 violation=False safe_stall=True

=== [56/60] sqp_mpc seed=4 target=1 (0.55, 0.3, 0.2) ===
loaded=/home/home/mbd/koopman/mbd_koopman/out/franka/models/bk_seed4.pt
SQP-MPC: 3 SQP re-freezes, act_dist 999.0, whole_arm=True, 1 box(es), 62 keep-out rows/step (compiled once, DPP)
warm-up: 3 throwaway plans
[  1.17s] target 0 err=0.539 m | 6 plans, recent 239 ms/plan (5.1 Hz)
[  2.42s] target 0 err=0.549 m | 11 plans, recent 230 ms/plan (4.6 Hz)
[  3.51s] target 0 err=0.539 m | 16 plans, recent 231 ms/plan (4.6 Hz)
[  4.54s] target 0 err=0.534 m | 20 plans, recent 237 ms/plan (4.4 Hz)
[  5.59s] target 0 err=0.579 m | 24 plans, recent 244 ms/plan (4.3 Hz)
[  6.59s] target 0 err=0.608 m | 28 plans, recent 239 ms/plan (4.2 Hz)
[  7.73s] target 0 err=0.545 m | 33 plans, recent 251 ms/plan (4.3 Hz)
[  8.81s] target 0 err=0.392 m | 37 plans, recent 250 ms/plan (4.2 Hz)
[  9.88s] target 0 err=0.167 m | 41 plans, recent 255 ms/plan (4.2 Hz)
[ 11.00s] target 0 err=0.144 m | 46 plans, recent 239 ms/plan (4.2 Hz)
[ 12.14s] target 0 err=0.070 m | 51 plans, recent 244 ms/plan (4.2 Hz)
[ 13.24s] target 0 err=0.026 m | 55 plans, recent 240 ms/plan (4.2 Hz)
[ 14.39s] target 0 err=0.029 m | 62 plans, recent 212 ms/plan (4.3 Hz)
[  3.15s] target 0 strict reach (22.9 mm) in 3.15 s
[ 15.46s] target 0 err=0.016 m | 68 plans, recent 191 ms/plan (4.4 Hz)
  reached_strict=True reached_5cm=True min_err=0.0142 violation=False safe_stall=False

=== [57/60] sqp_mpc seed=4 target=2 (0.35, 0.32, 0.22) ===
loaded=/home/home/mbd/koopman/mbd_koopman/out/franka/models/bk_seed4.pt
SQP-MPC: 3 SQP re-freezes, act_dist 999.0, whole_arm=True, 1 box(es), 62 keep-out rows/step (compiled once, DPP)
warm-up: 3 throwaway plans
[  1.08s] target 0 err=0.624 m | 6 plans, recent 220 ms/plan (5.6 Hz)
[  2.32s] target 0 err=0.657 m | 11 plans, recent 226 ms/plan (4.7 Hz)
[  3.42s] target 0 err=0.660 m | 17 plans, recent 210 ms/plan (5.0 Hz)
[  4.49s] target 0 err=0.631 m | 22 plans, recent 211 ms/plan (4.9 Hz)
[  5.52s] target 0 err=0.592 m | 28 plans, recent 194 ms/plan (5.1 Hz)
[  6.64s] target 0 err=0.586 m | 33 plans, recent 203 ms/plan (5.0 Hz)
[  7.84s] target 0 err=0.629 m | 38 plans, recent 218 ms/plan (4.8 Hz)
[  9.10s] target 0 err=0.626 m | 43 plans, recent 227 ms/plan (4.7 Hz)
[ 10.31s] target 0 err=0.628 m | 48 plans, recent 238 ms/plan (4.7 Hz)
[ 11.42s] target 0 err=0.522 m | 53 plans, recent 230 ms/plan (4.6 Hz)
[ 12.54s] target 0 err=0.386 m | 60 plans, recent 210 ms/plan (4.8 Hz)
[ 13.60s] target 0 err=0.348 m | 65 plans, recent 198 ms/plan (4.8 Hz)
[ 14.60s] target 0 err=0.321 m | 70 plans, recent 192 ms/plan (4.8 Hz)
[ 15.66s] target 0 err=0.319 m | 75 plans, recent 192 ms/plan (4.8 Hz)
[ 16.89s] target 0 err=0.462 m | 81 plans, recent 202 ms/plan (4.8 Hz)
[ 17.97s] target 0 err=0.564 m | 86 plans, recent 208 ms/plan (4.8 Hz)
[ 19.08s] target 0 err=0.663 m | 92 plans, recent 204 ms/plan (4.8 Hz)
[ 20.14s] target 0 err=0.656 m | 97 plans, recent 207 ms/plan (4.8 Hz)
[ 21.25s] target 0 err=0.641 m | 102 plans, recent 211 ms/plan (4.8 Hz)
[ 22.28s] target 0 err=0.585 m | 106 plans, recent 217 ms/plan (4.8 Hz)
[ 23.43s] target 0 err=0.501 m | 112 plans, recent 215 ms/plan (4.8 Hz)
[ 24.44s] target 0 err=0.477 m | 118 plans, recent 201 ms/plan (4.8 Hz)
[ 25.55s] target 0 err=0.483 m | 124 plans, recent 183 ms/plan (4.9 Hz)
[ 26.59s] target 0 err=0.490 m | 128 plans, recent 195 ms/plan (4.8 Hz)
[ 27.78s] target 0 err=0.505 m | 134 plans, recent 206 ms/plan (4.8 Hz)
[ 28.82s] target 0 err=0.518 m | 139 plans, recent 210 ms/plan (4.8 Hz)
[ 29.90s] target 0 err=0.535 m | 145 plans, recent 200 ms/plan (4.8 Hz)
[ 30.93s] target 0 err=0.555 m | 151 plans, recent 185 ms/plan (4.9 Hz)
[ 32.02s] target 0 err=0.577 m | 158 plans, recent 165 ms/plan (4.9 Hz)
[ 33.16s] target 0 err=0.589 m | 166 plans, recent 150 ms/plan (5.0 Hz)
[ 34.39s] target 0 err=0.589 m | 173 plans, recent 160 ms/plan (5.0 Hz)
[ 35.55s] target 0 err=0.520 m | 178 plans, recent 178 ms/plan (5.0 Hz)
[ 36.70s] target 0 err=0.505 m | 183 plans, recent 203 ms/plan (5.0 Hz)
[ 37.70s] target 0 err=0.503 m | 187 plans, recent 225 ms/plan (5.0 Hz)
[ 38.78s] target 0 err=0.505 m | 192 plans, recent 228 ms/plan (5.0 Hz)
[ 39.86s] target 0 err=0.507 m | 197 plans, recent 224 ms/plan (4.9 Hz)
[ 41.08s] target 0 err=0.504 m | 203 plans, recent 220 ms/plan (4.9 Hz)
[ 42.29s] target 0 err=0.500 m | 211 plans, recent 179 ms/plan (5.0 Hz)
[ 43.36s] target 0 err=0.499 m | 219 plans, recent 150 ms/plan (5.1 Hz)
[ 44.40s] target 0 err=0.512 m | 226 plans, recent 138 ms/plan (5.1 Hz)
[ 45.55s] target 0 err=0.532 m | 233 plans, recent 153 ms/plan (5.1 Hz)
[ 46.61s] target 0 err=0.552 m | 240 plans, recent 157 ms/plan (5.1 Hz)
[ 47.70s] target 0 err=0.569 m | 248 plans, recent 150 ms/plan (5.2 Hz)
[ 48.83s] target 0 err=0.579 m | 255 plans, recent 146 ms/plan (5.2 Hz)
[ 49.95s] target 0 err=0.586 m | 262 plans, recent 149 ms/plan (5.2 Hz)
[ 51.04s] target 0 err=0.594 m | 270 plans, recent 152 ms/plan (5.3 Hz)
[ 52.09s] target 0 err=0.597 m | 278 plans, recent 139 ms/plan (5.3 Hz)
[ 53.16s] target 0 err=0.594 m | 287 plans, recent 124 ms/plan (5.4 Hz)
[ 54.18s] target 0 err=0.584 m | 295 plans, recent 120 ms/plan (5.4 Hz)
[ 55.37s] target 0 err=0.571 m | 305 plans, recent 119 ms/plan (5.5 Hz)
[ 56.38s] target 0 err=0.554 m | 314 plans, recent 114 ms/plan (5.6 Hz)
[ 57.52s] target 0 err=0.542 m | 323 plans, recent 121 ms/plan (5.6 Hz)
[ 58.53s] target 0 err=0.540 m | 329 plans, recent 130 ms/plan (5.6 Hz)
[ 59.67s] target 0 err=0.538 m | 337 plans, recent 143 ms/plan (5.6 Hz)
[ 60.80s] target 0 err=0.542 m | 346 plans, recent 133 ms/plan (5.7 Hz)
[ 61.85s] target 0 err=0.549 m | 355 plans, recent 125 ms/plan (5.7 Hz)
[ 63.03s] target 0 err=0.562 m | 364 plans, recent 126 ms/plan (5.8 Hz)
[ 64.17s] target 0 err=0.576 m | 372 plans, recent 130 ms/plan (5.8 Hz)
[ 65.22s] target 0 err=0.587 m | 380 plans, recent 138 ms/plan (5.8 Hz)
[ 66.22s] target 0 err=0.591 m | 387 plans, recent 132 ms/plan (5.8 Hz)
[ 67.24s] target 0 err=0.592 m | 395 plans, recent 135 ms/plan (5.9 Hz)
[ 68.30s] target 0 err=0.594 m | 402 plans, recent 141 ms/plan (5.9 Hz)
[ 69.35s] target 0 err=0.597 m | 410 plans, recent 135 ms/plan (5.9 Hz)
[ 70.44s] target 0 err=0.599 m | 419 plans, recent 126 ms/plan (5.9 Hz)
[ 71.51s] target 0 err=0.598 m | 427 plans, recent 129 ms/plan (6.0 Hz)
[ 72.55s] target 0 err=0.593 m | 435 plans, recent 126 ms/plan (6.0 Hz)
[ 73.61s] target 0 err=0.584 m | 444 plans, recent 118 ms/plan (6.0 Hz)
[ 74.69s] target 0 err=0.575 m | 454 plans, recent 114 ms/plan (6.1 Hz)
[ 75.82s] target 0 err=0.565 m | 462 plans, recent 120 ms/plan (6.1 Hz)
[ 76.98s] target 0 err=0.553 m | 472 plans, recent 126 ms/plan (6.1 Hz)
[ 78.12s] target 0 err=0.539 m | 482 plans, recent 114 ms/plan (6.2 Hz)
[ 79.17s] target 0 err=0.536 m | 489 plans, recent 128 ms/plan (6.2 Hz)
[ 80.17s] target 0 err=0.533 m | 496 plans, recent 143 ms/plan (6.2 Hz)
[ 81.24s] target 0 err=0.532 m | 502 plans, recent 156 ms/plan (6.2 Hz)
[ 82.33s] target 0 err=0.534 m | 510 plans, recent 152 ms/plan (6.2 Hz)
[ 83.42s] target 0 err=0.543 m | 518 plans, recent 142 ms/plan (6.2 Hz)
[ 84.50s] target 0 err=0.558 m | 525 plans, recent 147 ms/plan (6.2 Hz)
[ 85.59s] target 0 err=0.574 m | 532 plans, recent 148 ms/plan (6.2 Hz)
[ 86.65s] target 0 err=0.589 m | 540 plans, recent 138 ms/plan (6.2 Hz)
[ 87.82s] target 0 err=0.594 m | 549 plans, recent 131 ms/plan (6.3 Hz)
[ 89.01s] target 0 err=0.594 m | 556 plans, recent 151 ms/plan (6.2 Hz)
[ 90.15s] target 0 err=0.596 m | 564 plans, recent 158 ms/plan (6.3 Hz)
[ 91.29s] target 0 err=0.597 m | 571 plans, recent 156 ms/plan (6.3 Hz)
[ 92.42s] target 0 err=0.589 m | 579 plans, recent 145 ms/plan (6.3 Hz)
[ 93.48s] target 0 err=0.576 m | 587 plans, recent 144 ms/plan (6.3 Hz)
[ 94.55s] target 0 err=0.561 m | 597 plans, recent 121 ms/plan (6.3 Hz)
  reached_strict=False reached_5cm=False min_err=0.3100 violation=False safe_stall=True

=== [58/60] sqp_mpc seed=4 target=3 (0.5, 0.35, 0.18) ===
loaded=/home/home/mbd/koopman/mbd_koopman/out/franka/models/bk_seed4.pt
SQP-MPC: 3 SQP re-freezes, act_dist 999.0, whole_arm=True, 1 box(es), 62 keep-out rows/step (compiled once, DPP)
warm-up: 3 throwaway plans
[  1.02s] target 0 err=0.609 m | 6 plans, recent 199 ms/plan (5.9 Hz)
[  2.03s] target 0 err=0.669 m | 12 plans, recent 187 ms/plan (5.9 Hz)
[  3.15s] target 0 err=0.623 m | 17 plans, recent 191 ms/plan (5.4 Hz)
[  4.19s] target 0 err=0.592 m | 23 plans, recent 183 ms/plan (5.5 Hz)
[  5.30s] target 0 err=0.576 m | 29 plans, recent 187 ms/plan (5.5 Hz)
[  6.47s] target 0 err=0.577 m | 36 plans, recent 175 ms/plan (5.6 Hz)
[  7.57s] target 0 err=0.593 m | 42 plans, recent 175 ms/plan (5.5 Hz)
[  8.72s] target 0 err=0.595 m | 48 plans, recent 179 ms/plan (5.5 Hz)
[  9.80s] target 0 err=0.586 m | 54 plans, recent 181 ms/plan (5.5 Hz)
[ 10.93s] target 0 err=0.573 m | 61 plans, recent 179 ms/plan (5.6 Hz)
[ 12.11s] target 0 err=0.557 m | 67 plans, recent 179 ms/plan (5.5 Hz)
[ 13.23s] target 0 err=0.546 m | 72 plans, recent 187 ms/plan (5.4 Hz)
[ 14.50s] target 0 err=0.547 m | 77 plans, recent 210 ms/plan (5.3 Hz)
[ 15.69s] target 0 err=0.562 m | 83 plans, recent 213 ms/plan (5.3 Hz)
[ 16.81s] target 0 err=0.558 m | 88 plans, recent 219 ms/plan (5.2 Hz)
[ 18.00s] target 0 err=0.517 m | 93 plans, recent 224 ms/plan (5.2 Hz)
[ 19.28s] target 0 err=0.480 m | 98 plans, recent 235 ms/plan (5.1 Hz)
[ 20.31s] target 0 err=0.465 m | 102 plans, recent 244 ms/plan (5.0 Hz)
[ 21.39s] target 0 err=0.464 m | 106 plans, recent 252 ms/plan (5.0 Hz)
[ 22.56s] target 0 err=0.491 m | 111 plans, recent 251 ms/plan (4.9 Hz)
[ 23.70s] target 0 err=0.545 m | 116 plans, recent 246 ms/plan (4.9 Hz)
[ 24.98s] target 0 err=0.588 m | 122 plans, recent 226 ms/plan (4.9 Hz)
[ 25.99s] target 0 err=0.591 m | 127 plans, recent 221 ms/plan (4.9 Hz)
[ 27.19s] target 0 err=0.567 m | 132 plans, recent 214 ms/plan (4.9 Hz)
[ 28.29s] target 0 err=0.522 m | 137 plans, recent 221 ms/plan (4.8 Hz)
[ 29.35s] target 0 err=0.484 m | 141 plans, recent 230 ms/plan (4.8 Hz)
[ 30.36s] target 0 err=0.461 m | 145 plans, recent 242 ms/plan (4.8 Hz)
[ 31.53s] target 0 err=0.461 m | 150 plans, recent 239 ms/plan (4.8 Hz)
[ 32.65s] target 0 err=0.463 m | 155 plans, recent 246 ms/plan (4.7 Hz)
[ 33.71s] target 0 err=0.478 m | 159 plans, recent 246 ms/plan (4.7 Hz)
[ 34.85s] target 0 err=0.552 m | 164 plans, recent 232 ms/plan (4.7 Hz)
[ 36.01s] target 0 err=0.611 m | 169 plans, recent 231 ms/plan (4.7 Hz)
[ 37.14s] target 0 err=0.648 m | 175 plans, recent 219 ms/plan (4.7 Hz)
[ 38.32s] target 0 err=0.611 m | 180 plans, recent 215 ms/plan (4.7 Hz)
[ 39.33s] target 0 err=0.554 m | 185 plans, recent 215 ms/plan (4.7 Hz)
[ 40.41s] target 0 err=0.518 m | 189 plans, recent 226 ms/plan (4.7 Hz)
[ 41.45s] target 0 err=0.474 m | 193 plans, recent 239 ms/plan (4.7 Hz)
[ 42.57s] target 0 err=0.462 m | 197 plans, recent 244 ms/plan (4.6 Hz)
[ 43.73s] target 0 err=0.461 m | 202 plans, recent 252 ms/plan (4.6 Hz)
[ 44.75s] target 0 err=0.467 m | 206 plans, recent 258 ms/plan (4.6 Hz)
[ 45.79s] target 0 err=0.508 m | 210 plans, recent 252 ms/plan (4.6 Hz)
[ 46.94s] target 0 err=0.573 m | 215 plans, recent 243 ms/plan (4.6 Hz)
[ 48.19s] target 0 err=0.614 m | 220 plans, recent 247 ms/plan (4.6 Hz)
[ 49.26s] target 0 err=0.613 m | 225 plans, recent 235 ms/plan (4.6 Hz)
[ 50.32s] target 0 err=0.573 m | 230 plans, recent 227 ms/plan (4.6 Hz)
[ 51.34s] target 0 err=0.540 m | 234 plans, recent 233 ms/plan (4.6 Hz)
[ 52.37s] target 0 err=0.501 m | 238 plans, recent 237 ms/plan (4.5 Hz)
[ 53.62s] target 0 err=0.462 m | 243 plans, recent 238 ms/plan (4.5 Hz)
[ 54.70s] target 0 err=0.461 m | 247 plans, recent 256 ms/plan (4.5 Hz)
[ 55.76s] target 0 err=0.464 m | 251 plans, recent 258 ms/plan (4.5 Hz)
[ 56.79s] target 0 err=0.487 m | 255 plans, recent 254 ms/plan (4.5 Hz)
[ 57.84s] target 0 err=0.543 m | 259 plans, recent 262 ms/plan (4.5 Hz)
[ 58.98s] target 0 err=0.603 m | 264 plans, recent 253 ms/plan (4.5 Hz)
[ 60.12s] target 0 err=0.625 m | 270 plans, recent 228 ms/plan (4.5 Hz)
[ 61.23s] target 0 err=0.586 m | 275 plans, recent 219 ms/plan (4.5 Hz)
[ 62.39s] target 0 err=0.561 m | 282 plans, recent 187 ms/plan (4.5 Hz)
[ 63.61s] target 0 err=0.530 m | 289 plans, recent 183 ms/plan (4.5 Hz)
[ 64.75s] target 0 err=0.488 m | 294 plans, recent 189 ms/plan (4.5 Hz)
[ 65.82s] target 0 err=0.462 m | 298 plans, recent 208 ms/plan (4.5 Hz)
[ 67.02s] target 0 err=0.465 m | 303 plans, recent 226 ms/plan (4.5 Hz)
[ 68.21s] target 0 err=0.466 m | 308 plans, recent 243 ms/plan (4.5 Hz)
[ 69.27s] target 0 err=0.463 m | 312 plans, recent 251 ms/plan (4.5 Hz)
[ 70.28s] target 0 err=0.477 m | 316 plans, recent 251 ms/plan (4.5 Hz)
[ 71.42s] target 0 err=0.530 m | 320 plans, recent 253 ms/plan (4.5 Hz)
[ 72.48s] target 0 err=0.588 m | 325 plans, recent 252 ms/plan (4.5 Hz)
[ 73.62s] target 0 err=0.628 m | 330 plans, recent 243 ms/plan (4.5 Hz)
[ 74.72s] target 0 err=0.631 m | 335 plans, recent 233 ms/plan (4.5 Hz)
[ 75.83s] target 0 err=0.576 m | 341 plans, recent 204 ms/plan (4.5 Hz)
[ 76.87s] target 0 err=0.559 m | 347 plans, recent 189 ms/plan (4.5 Hz)
[ 77.99s] target 0 err=0.540 m | 352 plans, recent 196 ms/plan (4.5 Hz)
[ 79.25s] target 0 err=0.497 m | 357 plans, recent 210 ms/plan (4.5 Hz)
[ 80.31s] target 0 err=0.464 m | 361 plans, recent 227 ms/plan (4.5 Hz)
[ 81.33s] target 0 err=0.466 m | 365 plans, recent 244 ms/plan (4.5 Hz)
[ 82.54s] target 0 err=0.464 m | 370 plans, recent 255 ms/plan (4.5 Hz)
[ 83.66s] target 0 err=0.463 m | 374 plans, recent 257 ms/plan (4.5 Hz)
[ 84.73s] target 0 err=0.498 m | 378 plans, recent 258 ms/plan (4.5 Hz)
[ 85.89s] target 0 err=0.558 m | 383 plans, recent 255 ms/plan (4.5 Hz)
[ 87.01s] target 0 err=0.605 m | 388 plans, recent 243 ms/plan (4.5 Hz)
[ 88.01s] target 0 err=0.628 m | 393 plans, recent 231 ms/plan (4.5 Hz)
[ 89.16s] target 0 err=0.587 m | 398 plans, recent 223 ms/plan (4.5 Hz)
[ 90.17s] target 0 err=0.548 m | 403 plans, recent 212 ms/plan (4.5 Hz)
[ 91.36s] target 0 err=0.501 m | 408 plans, recent 222 ms/plan (4.5 Hz)
[ 92.40s] target 0 err=0.462 m | 412 plans, recent 232 ms/plan (4.5 Hz)
[ 93.53s] target 0 err=0.461 m | 416 plans, recent 239 ms/plan (4.4 Hz)
[ 94.58s] target 0 err=0.460 m | 420 plans, recent 248 ms/plan (4.4 Hz)
[ 95.76s] target 0 err=0.470 m | 425 plans, recent 253 ms/plan (4.4 Hz)
[ 96.90s] target 0 err=0.525 m | 430 plans, recent 250 ms/plan (4.4 Hz)
[ 98.00s] target 0 err=0.578 m | 434 plans, recent 249 ms/plan (4.4 Hz)
[ 99.19s] target 0 err=0.626 m | 439 plans, recent 241 ms/plan (4.4 Hz)
[100.42s] target 0 err=0.622 m | 445 plans, recent 226 ms/plan (4.4 Hz)
[101.62s] target 0 err=0.572 m | 451 plans, recent 215 ms/plan (4.4 Hz)
[102.77s] target 0 err=0.528 m | 456 plans, recent 217 ms/plan (4.4 Hz)
[103.98s] target 0 err=0.475 m | 461 plans, recent 217 ms/plan (4.4 Hz)
[105.03s] target 0 err=0.463 m | 465 plans, recent 236 ms/plan (4.4 Hz)
[106.09s] target 0 err=0.460 m | 469 plans, recent 246 ms/plan (4.4 Hz)
[107.24s] target 0 err=0.465 m | 474 plans, recent 249 ms/plan (4.4 Hz)
[108.29s] target 0 err=0.494 m | 478 plans, recent 249 ms/plan (4.4 Hz)
[109.31s] target 0 err=0.548 m | 482 plans, recent 255 ms/plan (4.4 Hz)
[110.35s] target 0 err=0.597 m | 486 plans, recent 248 ms/plan (4.4 Hz)
[111.38s] target 0 err=0.626 m | 491 plans, recent 237 ms/plan (4.4 Hz)
[112.53s] target 0 err=0.598 m | 496 plans, recent 235 ms/plan (4.4 Hz)
[113.63s] target 0 err=0.560 m | 501 plans, recent 229 ms/plan (4.4 Hz)
[114.78s] target 0 err=0.515 m | 506 plans, recent 224 ms/plan (4.4 Hz)
[115.91s] target 0 err=0.464 m | 511 plans, recent 230 ms/plan (4.4 Hz)
[117.14s] target 0 err=0.461 m | 516 plans, recent 230 ms/plan (4.4 Hz)
[118.32s] target 0 err=0.461 m | 521 plans, recent 229 ms/plan (4.4 Hz)
[119.50s] target 0 err=0.468 m | 526 plans, recent 236 ms/plan (4.4 Hz)
[120.63s] target 0 err=0.518 m | 530 plans, recent 247 ms/plan (4.4 Hz)
[121.80s] target 0 err=0.588 m | 535 plans, recent 244 ms/plan (4.4 Hz)
[122.89s] target 0 err=0.628 m | 540 plans, recent 239 ms/plan (4.4 Hz)
[123.97s] target 0 err=0.623 m | 545 plans, recent 232 ms/plan (4.4 Hz)
[125.09s] target 0 err=0.570 m | 550 plans, recent 222 ms/plan (4.4 Hz)
[126.36s] target 0 err=0.529 m | 555 plans, recent 230 ms/plan (4.4 Hz)
[127.44s] target 0 err=0.488 m | 559 plans, recent 234 ms/plan (4.4 Hz)
[128.66s] target 0 err=0.463 m | 564 plans, recent 242 ms/plan (4.4 Hz)
[129.90s] target 0 err=0.460 m | 569 plans, recent 252 ms/plan (4.4 Hz)
[131.00s] target 0 err=0.466 m | 573 plans, recent 259 ms/plan (4.4 Hz)
[132.16s] target 0 err=0.511 m | 578 plans, recent 249 ms/plan (4.4 Hz)
[133.19s] target 0 err=0.563 m | 582 plans, recent 248 ms/plan (4.4 Hz)
[134.25s] target 0 err=0.612 m | 587 plans, recent 241 ms/plan (4.4 Hz)
[135.27s] target 0 err=0.624 m | 592 plans, recent 223 ms/plan (4.4 Hz)
[136.32s] target 0 err=0.583 m | 597 plans, recent 222 ms/plan (4.4 Hz)
  reached_strict=False reached_5cm=False min_err=0.4598 violation=False safe_stall=True

=== [59/60] sqp_mpc seed=4 target=4 (0.4, 0.28, 0.22) ===
loaded=/home/home/mbd/koopman/mbd_koopman/out/franka/models/bk_seed4.pt
SQP-MPC: 3 SQP re-freezes, act_dist 999.0, whole_arm=True, 1 box(es), 62 keep-out rows/step (compiled once, DPP)
warm-up: 3 throwaway plans
[  1.02s] target 0 err=0.583 m | 5 plans, recent 250 ms/plan (4.9 Hz)
[  2.10s] target 0 err=0.558 m | 10 plans, recent 233 ms/plan (4.8 Hz)
[  3.22s] target 0 err=0.614 m | 15 plans, recent 225 ms/plan (4.7 Hz)
[  4.33s] target 0 err=0.589 m | 20 plans, recent 226 ms/plan (4.6 Hz)
[  5.36s] target 0 err=0.558 m | 25 plans, recent 212 ms/plan (4.7 Hz)
[  6.46s] target 0 err=0.504 m | 32 plans, recent 187 ms/plan (5.0 Hz)
[  7.48s] target 0 err=0.509 m | 38 plans, recent 182 ms/plan (5.1 Hz)
[  8.59s] target 0 err=0.508 m | 43 plans, recent 179 ms/plan (5.0 Hz)
[  9.74s] target 0 err=0.528 m | 49 plans, recent 185 ms/plan (5.0 Hz)
[ 10.79s] target 0 err=0.528 m | 54 plans, recent 204 ms/plan (5.0 Hz)
[ 11.87s] target 0 err=0.541 m | 59 plans, recent 214 ms/plan (5.0 Hz)
[ 12.88s] target 0 err=0.564 m | 63 plans, recent 216 ms/plan (4.9 Hz)
[ 14.10s] target 0 err=0.524 m | 68 plans, recent 223 ms/plan (4.8 Hz)
[ 15.25s] target 0 err=0.514 m | 74 plans, recent 220 ms/plan (4.9 Hz)
[ 16.27s] target 0 err=0.516 m | 79 plans, recent 216 ms/plan (4.9 Hz)
[ 17.46s] target 0 err=0.550 m | 85 plans, recent 199 ms/plan (4.9 Hz)
[ 18.52s] target 0 err=0.585 m | 93 plans, recent 170 ms/plan (5.0 Hz)
[ 19.53s] target 0 err=0.595 m | 99 plans, recent 161 ms/plan (5.1 Hz)
[ 20.55s] target 0 err=0.535 m | 104 plans, recent 165 ms/plan (5.1 Hz)
[ 21.62s] target 0 err=0.486 m | 110 plans, recent 176 ms/plan (5.1 Hz)
[ 22.76s] target 0 err=0.484 m | 116 plans, recent 184 ms/plan (5.1 Hz)
[ 23.86s] target 0 err=0.488 m | 121 plans, recent 197 ms/plan (5.1 Hz)
[ 24.96s] target 0 err=0.492 m | 126 plans, recent 197 ms/plan (5.0 Hz)
[ 26.01s] target 0 err=0.494 m | 132 plans, recent 196 ms/plan (5.1 Hz)
[ 27.14s] target 0 err=0.494 m | 139 plans, recent 183 ms/plan (5.1 Hz)
[ 28.19s] target 0 err=0.493 m | 146 plans, recent 160 ms/plan (5.2 Hz)
[ 29.21s] target 0 err=0.493 m | 152 plans, recent 159 ms/plan (5.2 Hz)
[ 30.36s] target 0 err=0.497 m | 159 plans, recent 162 ms/plan (5.2 Hz)
[ 31.54s] target 0 err=0.502 m | 166 plans, recent 169 ms/plan (5.3 Hz)
[ 32.68s] target 0 err=0.502 m | 171 plans, recent 183 ms/plan (5.2 Hz)
[ 33.86s] target 0 err=0.493 m | 177 plans, recent 191 ms/plan (5.2 Hz)
[ 34.98s] target 0 err=0.483 m | 182 plans, recent 208 ms/plan (5.2 Hz)
[ 36.11s] target 0 err=0.476 m | 187 plans, recent 214 ms/plan (5.2 Hz)
[ 37.27s] target 0 err=0.473 m | 193 plans, recent 213 ms/plan (5.2 Hz)
[ 38.50s] target 0 err=0.469 m | 199 plans, recent 205 ms/plan (5.2 Hz)
[ 39.56s] target 0 err=0.469 m | 204 plans, recent 207 ms/plan (5.2 Hz)
[ 40.66s] target 0 err=0.473 m | 209 plans, recent 210 ms/plan (5.1 Hz)
[ 41.84s] target 0 err=0.483 m | 215 plans, recent 203 ms/plan (5.1 Hz)
[ 42.95s] target 0 err=0.485 m | 221 plans, recent 200 ms/plan (5.1 Hz)
[ 44.08s] target 0 err=0.487 m | 226 plans, recent 195 ms/plan (5.1 Hz)
[ 45.17s] target 0 err=0.493 m | 232 plans, recent 198 ms/plan (5.1 Hz)
[ 46.20s] target 0 err=0.503 m | 238 plans, recent 196 ms/plan (5.2 Hz)
[ 47.27s] target 0 err=0.513 m | 243 plans, recent 196 ms/plan (5.1 Hz)
[ 48.37s] target 0 err=0.523 m | 249 plans, recent 189 ms/plan (5.1 Hz)
[ 49.41s] target 0 err=0.531 m | 255 plans, recent 191 ms/plan (5.2 Hz)
[ 50.53s] target 0 err=0.552 m | 262 plans, recent 174 ms/plan (5.2 Hz)
[ 51.58s] target 0 err=0.588 m | 268 plans, recent 167 ms/plan (5.2 Hz)
[ 52.59s] target 0 err=0.578 m | 273 plans, recent 179 ms/plan (5.2 Hz)
[ 53.62s] target 0 err=0.556 m | 278 plans, recent 184 ms/plan (5.2 Hz)
[ 54.77s] target 0 err=0.510 m | 284 plans, recent 199 ms/plan (5.2 Hz)
[ 55.90s] target 0 err=0.494 m | 289 plans, recent 206 ms/plan (5.2 Hz)
[ 57.09s] target 0 err=0.484 m | 295 plans, recent 203 ms/plan (5.2 Hz)
[ 58.12s] target 0 err=0.474 m | 301 plans, recent 193 ms/plan (5.2 Hz)
[ 59.23s] target 0 err=0.471 m | 307 plans, recent 178 ms/plan (5.2 Hz)
[ 60.25s] target 0 err=0.460 m | 314 plans, recent 162 ms/plan (5.2 Hz)
[ 61.42s] target 0 err=0.455 m | 321 plans, recent 160 ms/plan (5.2 Hz)
[ 62.43s] target 0 err=0.445 m | 329 plans, recent 149 ms/plan (5.3 Hz)
[ 63.52s] target 0 err=0.431 m | 336 plans, recent 156 ms/plan (5.3 Hz)
[ 64.64s] target 0 err=0.415 m | 342 plans, recent 151 ms/plan (5.3 Hz)
[ 65.71s] target 0 err=0.395 m | 350 plans, recent 158 ms/plan (5.3 Hz)
[ 66.74s] target 0 err=0.392 m | 356 plans, recent 154 ms/plan (5.3 Hz)
[ 67.75s] target 0 err=0.397 m | 362 plans, recent 157 ms/plan (5.3 Hz)
[ 68.75s] target 0 err=0.405 m | 369 plans, recent 160 ms/plan (5.4 Hz)
[ 69.84s] target 0 err=0.408 m | 376 plans, recent 154 ms/plan (5.4 Hz)
[ 70.84s] target 0 err=0.406 m | 382 plans, recent 155 ms/plan (5.4 Hz)
[ 71.93s] target 0 err=0.406 m | 389 plans, recent 160 ms/plan (5.4 Hz)
[ 72.93s] target 0 err=0.407 m | 395 plans, recent 161 ms/plan (5.4 Hz)
[ 73.97s] target 0 err=0.409 m | 403 plans, recent 149 ms/plan (5.4 Hz)
[ 74.98s] target 0 err=0.413 m | 410 plans, recent 140 ms/plan (5.5 Hz)
[ 76.09s] target 0 err=0.420 m | 418 plans, recent 138 ms/plan (5.5 Hz)
[ 77.15s] target 0 err=0.428 m | 425 plans, recent 148 ms/plan (5.5 Hz)
[ 78.27s] target 0 err=0.438 m | 432 plans, recent 149 ms/plan (5.5 Hz)
[ 79.28s] target 0 err=0.446 m | 439 plans, recent 153 ms/plan (5.5 Hz)
[ 80.38s] target 0 err=0.453 m | 447 plans, recent 139 ms/plan (5.6 Hz)
[ 81.42s] target 0 err=0.453 m | 454 plans, recent 141 ms/plan (5.6 Hz)
[ 82.53s] target 0 err=0.452 m | 462 plans, recent 140 ms/plan (5.6 Hz)
[ 83.59s] target 0 err=0.452 m | 470 plans, recent 129 ms/plan (5.6 Hz)
[ 84.73s] target 0 err=0.451 m | 477 plans, recent 145 ms/plan (5.6 Hz)
[ 85.74s] target 0 err=0.451 m | 485 plans, recent 140 ms/plan (5.7 Hz)
[ 86.84s] target 0 err=0.452 m | 492 plans, recent 148 ms/plan (5.7 Hz)
[ 87.90s] target 0 err=0.455 m | 500 plans, recent 139 ms/plan (5.7 Hz)
[ 88.94s] target 0 err=0.458 m | 506 plans, recent 153 ms/plan (5.7 Hz)
[ 90.00s] target 0 err=0.462 m | 514 plans, recent 145 ms/plan (5.7 Hz)
[ 91.10s] target 0 err=0.464 m | 523 plans, recent 128 ms/plan (5.7 Hz)
[ 92.18s] target 0 err=0.464 m | 530 plans, recent 133 ms/plan (5.7 Hz)
[ 93.29s] target 0 err=0.465 m | 539 plans, recent 135 ms/plan (5.8 Hz)
[ 94.29s] target 0 err=0.465 m | 546 plans, recent 137 ms/plan (5.8 Hz)
[ 95.35s] target 0 err=0.470 m | 554 plans, recent 136 ms/plan (5.8 Hz)
[ 96.45s] target 0 err=0.473 m | 563 plans, recent 125 ms/plan (5.8 Hz)
[ 97.50s] target 0 err=0.472 m | 571 plans, recent 126 ms/plan (5.9 Hz)
[ 98.54s] target 0 err=0.467 m | 579 plans, recent 129 ms/plan (5.9 Hz)
[ 99.63s] target 0 err=0.463 m | 587 plans, recent 134 ms/plan (5.9 Hz)
[100.73s] target 0 err=0.464 m | 594 plans, recent 146 ms/plan (5.9 Hz)
[101.83s] target 0 err=0.482 m | 599 plans, recent 164 ms/plan (5.9 Hz)
  reached_strict=False reached_5cm=False min_err=0.3922 violation=False safe_stall=True

=== [60/60] sqp_mpc seed=4 target=5 (0.48, 0.33, 0.19) ===
loaded=/home/home/mbd/koopman/mbd_koopman/out/franka/models/bk_seed4.pt
SQP-MPC: 3 SQP re-freezes, act_dist 999.0, whole_arm=True, 1 box(es), 62 keep-out rows/step (compiled once, DPP)
warm-up: 3 throwaway plans
[  1.12s] target 0 err=0.585 m | 6 plans, recent 224 ms/plan (5.3 Hz)
[  2.34s] target 0 err=0.578 m | 11 plans, recent 227 ms/plan (4.7 Hz)
[  3.48s] target 0 err=0.684 m | 17 plans, recent 209 ms/plan (4.9 Hz)
[  4.62s] target 0 err=0.605 m | 23 plans, recent 206 ms/plan (5.0 Hz)
[  5.69s] target 0 err=0.601 m | 28 plans, recent 201 ms/plan (4.9 Hz)
[  6.89s] target 0 err=0.599 m | 35 plans, recent 191 ms/plan (5.1 Hz)
[  7.98s] target 0 err=0.583 m | 42 plans, recent 178 ms/plan (5.3 Hz)
[  9.01s] target 0 err=0.562 m | 47 plans, recent 175 ms/plan (5.2 Hz)
[ 10.19s] target 0 err=0.554 m | 52 plans, recent 195 ms/plan (5.1 Hz)
[ 11.30s] target 0 err=0.545 m | 57 plans, recent 201 ms/plan (5.0 Hz)
[ 12.49s] target 0 err=0.531 m | 63 plans, recent 211 ms/plan (5.0 Hz)
[ 13.72s] target 0 err=0.523 m | 69 plans, recent 208 ms/plan (5.0 Hz)
[ 14.72s] target 0 err=0.514 m | 74 plans, recent 203 ms/plan (5.0 Hz)
[ 15.76s] target 0 err=0.509 m | 80 plans, recent 191 ms/plan (5.1 Hz)
[ 16.84s] target 0 err=0.513 m | 86 plans, recent 186 ms/plan (5.1 Hz)
[ 18.03s] target 0 err=0.516 m | 92 plans, recent 185 ms/plan (5.1 Hz)
[ 19.22s] target 0 err=0.516 m | 99 plans, recent 180 ms/plan (5.2 Hz)
[ 20.23s] target 0 err=0.519 m | 104 plans, recent 189 ms/plan (5.1 Hz)
[ 21.42s] target 0 err=0.521 m | 110 plans, recent 192 ms/plan (5.1 Hz)
[ 22.64s] target 0 err=0.522 m | 116 plans, recent 196 ms/plan (5.1 Hz)
[ 23.71s] target 0 err=0.519 m | 122 plans, recent 198 ms/plan (5.1 Hz)
[ 24.83s] target 0 err=0.517 m | 127 plans, recent 199 ms/plan (5.1 Hz)
[ 26.07s] target 0 err=0.515 m | 134 plans, recent 191 ms/plan (5.1 Hz)
[ 27.21s] target 0 err=0.513 m | 139 plans, recent 204 ms/plan (5.1 Hz)
[ 28.30s] target 0 err=0.508 m | 145 plans, recent 191 ms/plan (5.1 Hz)
[ 29.37s] target 0 err=0.504 m | 152 plans, recent 185 ms/plan (5.2 Hz)
[ 30.39s] target 0 err=0.508 m | 159 plans, recent 156 ms/plan (5.2 Hz)
[ 31.46s] target 0 err=0.512 m | 166 plans, recent 149 ms/plan (5.3 Hz)
[ 32.53s] target 0 err=0.517 m | 173 plans, recent 152 ms/plan (5.3 Hz)
[ 33.58s] target 0 err=0.522 m | 179 plans, recent 159 ms/plan (5.3 Hz)
[ 34.58s] target 0 err=0.529 m | 185 plans, recent 164 ms/plan (5.3 Hz)
[ 35.77s] target 0 err=0.537 m | 192 plans, recent 168 ms/plan (5.4 Hz)
[ 36.78s] target 0 err=0.542 m | 198 plans, recent 172 ms/plan (5.4 Hz)
[ 37.93s] target 0 err=0.549 m | 204 plans, recent 173 ms/plan (5.4 Hz)
[ 39.16s] target 0 err=0.559 m | 212 plans, recent 171 ms/plan (5.4 Hz)
[ 40.33s] target 0 err=0.568 m | 219 plans, recent 163 ms/plan (5.4 Hz)
[ 41.46s] target 0 err=0.576 m | 226 plans, recent 163 ms/plan (5.5 Hz)
[ 42.55s] target 0 err=0.584 m | 232 plans, recent 167 ms/plan (5.5 Hz)
[ 43.68s] target 0 err=0.591 m | 238 plans, recent 175 ms/plan (5.4 Hz)
[ 44.72s] target 0 err=0.595 m | 244 plans, recent 180 ms/plan (5.5 Hz)
[ 45.82s] target 0 err=0.599 m | 251 plans, recent 175 ms/plan (5.5 Hz)
[ 46.94s] target 0 err=0.599 m | 257 plans, recent 166 ms/plan (5.5 Hz)
[ 48.08s] target 0 err=0.601 m | 264 plans, recent 165 ms/plan (5.5 Hz)
[ 49.18s] target 0 err=0.603 m | 271 plans, recent 165 ms/plan (5.5 Hz)
[ 50.23s] target 0 err=0.603 m | 277 plans, recent 166 ms/plan (5.5 Hz)
[ 51.34s] target 0 err=0.597 m | 283 plans, recent 168 ms/plan (5.5 Hz)
[ 52.46s] target 0 err=0.597 m | 290 plans, recent 173 ms/plan (5.5 Hz)
[ 53.46s] target 0 err=0.596 m | 296 plans, recent 166 ms/plan (5.5 Hz)
[ 54.49s] target 0 err=0.596 m | 302 plans, recent 169 ms/plan (5.5 Hz)
[ 55.51s] target 0 err=0.595 m | 307 plans, recent 174 ms/plan (5.5 Hz)
[ 56.54s] target 0 err=0.595 m | 314 plans, recent 172 ms/plan (5.6 Hz)
[ 57.66s] target 0 err=0.595 m | 320 plans, recent 175 ms/plan (5.6 Hz)
[ 58.66s] target 0 err=0.596 m | 327 plans, recent 162 ms/plan (5.6 Hz)
[ 59.78s] target 0 err=0.585 m | 332 plans, recent 177 ms/plan (5.6 Hz)
[ 60.88s] target 0 err=0.583 m | 338 plans, recent 179 ms/plan (5.6 Hz)
[ 61.95s] target 0 err=0.584 m | 345 plans, recent 176 ms/plan (5.6 Hz)
[ 62.98s] target 0 err=0.584 m | 352 plans, recent 160 ms/plan (5.6 Hz)
[ 64.04s] target 0 err=0.583 m | 358 plans, recent 156 ms/plan (5.6 Hz)
[ 65.08s] target 0 err=0.584 m | 364 plans, recent 164 ms/plan (5.6 Hz)
[ 66.15s] target 0 err=0.585 m | 372 plans, recent 154 ms/plan (5.6 Hz)
[ 67.23s] target 0 err=0.585 m | 379 plans, recent 147 ms/plan (5.6 Hz)
[ 68.30s] target 0 err=0.587 m | 386 plans, recent 146 ms/plan (5.7 Hz)
[ 69.40s] target 0 err=0.588 m | 393 plans, recent 155 ms/plan (5.7 Hz)
[ 70.50s] target 0 err=0.603 m | 401 plans, recent 149 ms/plan (5.7 Hz)
[ 71.58s] target 0 err=0.593 m | 407 plans, recent 159 ms/plan (5.7 Hz)
[ 72.80s] target 0 err=0.595 m | 413 plans, recent 171 ms/plan (5.7 Hz)
[ 73.83s] target 0 err=0.598 m | 419 plans, recent 185 ms/plan (5.7 Hz)
[ 74.93s] target 0 err=0.598 m | 425 plans, recent 181 ms/plan (5.7 Hz)
[ 76.01s] target 0 err=0.597 m | 431 plans, recent 183 ms/plan (5.7 Hz)
[ 77.15s] target 0 err=0.593 m | 438 plans, recent 175 ms/plan (5.7 Hz)
[ 78.24s] target 0 err=0.576 m | 444 plans, recent 170 ms/plan (5.7 Hz)
[ 79.27s] target 0 err=0.587 m | 452 plans, recent 154 ms/plan (5.7 Hz)
[ 80.28s] target 0 err=0.586 m | 458 plans, recent 152 ms/plan (5.7 Hz)
[ 81.29s] target 0 err=0.584 m | 465 plans, recent 145 ms/plan (5.7 Hz)
[ 82.36s] target 0 err=0.585 m | 472 plans, recent 151 ms/plan (5.7 Hz)
[ 83.39s] target 0 err=0.586 m | 478 plans, recent 156 ms/plan (5.7 Hz)
[ 84.49s] target 0 err=0.589 m | 484 plans, recent 168 ms/plan (5.7 Hz)
[ 85.53s] target 0 err=0.585 m | 490 plans, recent 175 ms/plan (5.7 Hz)
[ 86.64s] target 0 err=0.596 m | 497 plans, recent 169 ms/plan (5.7 Hz)
[ 87.66s] target 0 err=0.598 m | 504 plans, recent 158 ms/plan (5.7 Hz)
[ 88.75s] target 0 err=0.600 m | 511 plans, recent 152 ms/plan (5.8 Hz)
[ 89.91s] target 0 err=0.600 m | 519 plans, recent 149 ms/plan (5.8 Hz)
[ 91.01s] target 0 err=0.590 m | 526 plans, recent 151 ms/plan (5.8 Hz)
[ 92.13s] target 0 err=0.585 m | 533 plans, recent 160 ms/plan (5.8 Hz)
[ 93.23s] target 0 err=0.615 m | 540 plans, recent 162 ms/plan (5.8 Hz)
[ 94.39s] target 0 err=0.597 m | 546 plans, recent 172 ms/plan (5.8 Hz)
[ 95.47s] target 0 err=0.595 m | 553 plans, recent 163 ms/plan (5.8 Hz)
[ 96.49s] target 0 err=0.595 m | 561 plans, recent 150 ms/plan (5.8 Hz)
[ 97.50s] target 0 err=0.596 m | 568 plans, recent 138 ms/plan (5.8 Hz)
[ 98.62s] target 0 err=0.598 m | 577 plans, recent 132 ms/plan (5.9 Hz)
[ 99.71s] target 0 err=0.598 m | 584 plans, recent 134 ms/plan (5.9 Hz)
[100.85s] target 0 err=0.599 m | 592 plans, recent 142 ms/plan (5.9 Hz)
[101.92s] target 0 err=0.599 m | 600 plans, recent 135 ms/plan (5.9 Hz)
  reached_strict=False reached_5cm=False min_err=0.5040 violation=False safe_stall=True

exp_c done: 60 trials in 58.3 min
