exp_c: model=bk_seed0, 35 targets, 70 trials to run (0 done, 70 total) -> /home/home/mbd/koopman/mbd_koopman/out/exp_c/trials.jsonl

=== [1/70] bk_mbd target=0 (0.38, 0.359, 0.174) ===
loaded=/home/home/mbd/koopman/mbd_koopman/out/franka/models/bk_seed0.pt
tube disabled (tube_mode none): plain bilinear rollout, no penalty
adaptive noise: ON (full schedule at err >= 0.4 m, floor 0.05)
warm-up: 3 throwaway plans
[  1.00s] target 0 err=0.578 m | 21 plans, recent 49 ms/plan (20.9 Hz)
[  2.03s] target 0 err=0.664 m | 42 plans, recent 48 ms/plan (20.6 Hz)
[  3.07s] target 0 err=0.762 m | 63 plans, recent 48 ms/plan (20.5 Hz)
[  4.09s] target 0 err=0.759 m | 84 plans, recent 48 ms/plan (20.5 Hz)
[  5.13s] target 0 err=0.839 m | 105 plans, recent 48 ms/plan (20.5 Hz)
[  6.16s] target 0 err=0.665 m | 126 plans, recent 48 ms/plan (20.5 Hz)
[  7.19s] target 0 err=0.825 m | 147 plans, recent 48 ms/plan (20.4 Hz)
[  8.22s] target 0 err=0.810 m | 168 plans, recent 48 ms/plan (20.4 Hz)
[  9.26s] target 0 err=0.806 m | 189 plans, recent 48 ms/plan (20.4 Hz)
[ 10.29s] target 0 err=0.840 m | 210 plans, recent 49 ms/plan (20.4 Hz)
[ 11.32s] target 0 err=0.707 m | 231 plans, recent 48 ms/plan (20.4 Hz)
[ 12.35s] target 0 err=0.578 m | 252 plans, recent 48 ms/plan (20.4 Hz)
[ 13.38s] target 0 err=0.523 m | 273 plans, recent 48 ms/plan (20.4 Hz)
[ 14.40s] target 0 err=0.494 m | 293 plans, recent 50 ms/plan (20.3 Hz)
[ 15.42s] target 0 err=0.301 m | 313 plans, recent 50 ms/plan (20.3 Hz)
[ 16.43s] target 0 err=0.366 m | 333 plans, recent 49 ms/plan (20.3 Hz)
[ 17.43s] target 0 err=0.447 m | 353 plans, recent 49 ms/plan (20.2 Hz)
[ 18.45s] target 0 err=0.426 m | 373 plans, recent 50 ms/plan (20.2 Hz)
[ 19.46s] target 0 err=0.466 m | 393 plans, recent 49 ms/plan (20.2 Hz)
[ 20.49s] target 0 err=0.407 m | 413 plans, recent 50 ms/plan (20.2 Hz)
[ 21.50s] target 0 err=0.398 m | 433 plans, recent 50 ms/plan (20.1 Hz)
[ 22.55s] target 0 err=0.370 m | 453 plans, recent 51 ms/plan (20.1 Hz)
[ 23.59s] target 0 err=0.388 m | 473 plans, recent 51 ms/plan (20.1 Hz)
[ 24.61s] target 0 err=0.447 m | 492 plans, recent 53 ms/plan (20.0 Hz)
[ 25.64s] target 0 err=0.342 m | 512 plans, recent 50 ms/plan (20.0 Hz)
[ 26.66s] target 0 err=0.414 m | 533 plans, recent 47 ms/plan (20.0 Hz)
[ 27.67s] target 0 err=0.438 m | 554 plans, recent 47 ms/plan (20.0 Hz)
[ 28.71s] target 0 err=0.382 m | 575 plans, recent 49 ms/plan (20.0 Hz)
[ 29.72s] target 0 err=0.444 m | 595 plans, recent 49 ms/plan (20.0 Hz)
  reached_strict=False reached_5cm=False min_err=0.2694 violation=False safe_stall=True

=== [2/70] bk_mbd target=1 (0.547, 0.284, 0.179) ===
loaded=/home/home/mbd/koopman/mbd_koopman/out/franka/models/bk_seed0.pt
tube disabled (tube_mode none): plain bilinear rollout, no penalty
adaptive noise: ON (full schedule at err >= 0.4 m, floor 0.05)
warm-up: 3 throwaway plans
[  1.00s] target 0 err=0.508 m | 21 plans, recent 49 ms/plan (20.9 Hz)
[  2.01s] target 0 err=0.510 m | 41 plans, recent 49 ms/plan (20.4 Hz)
[  3.03s] target 0 err=0.608 m | 61 plans, recent 50 ms/plan (20.2 Hz)
[  4.04s] target 0 err=0.534 m | 81 plans, recent 50 ms/plan (20.0 Hz)
[  5.09s] target 0 err=0.698 m | 101 plans, recent 51 ms/plan (19.8 Hz)
[  6.11s] target 0 err=0.603 m | 121 plans, recent 50 ms/plan (19.8 Hz)
[  7.13s] target 0 err=0.480 m | 141 plans, recent 50 ms/plan (19.8 Hz)
[  8.15s] target 0 err=0.442 m | 161 plans, recent 50 ms/plan (19.8 Hz)
[  9.16s] target 0 err=0.390 m | 181 plans, recent 49 ms/plan (19.8 Hz)
[ 10.17s] target 0 err=0.465 m | 201 plans, recent 50 ms/plan (19.8 Hz)
[ 11.18s] target 0 err=0.551 m | 221 plans, recent 49 ms/plan (19.8 Hz)
[ 12.19s] target 0 err=0.473 m | 241 plans, recent 49 ms/plan (19.8 Hz)
[ 13.21s] target 0 err=0.568 m | 261 plans, recent 50 ms/plan (19.8 Hz)
[ 14.22s] target 0 err=0.456 m | 281 plans, recent 50 ms/plan (19.8 Hz)
[ 15.23s] target 0 err=0.429 m | 301 plans, recent 49 ms/plan (19.8 Hz)
[ 16.23s] target 0 err=0.513 m | 321 plans, recent 49 ms/plan (19.8 Hz)
[ 17.23s] target 0 err=0.535 m | 341 plans, recent 49 ms/plan (19.8 Hz)
[ 18.24s] target 0 err=0.425 m | 361 plans, recent 49 ms/plan (19.8 Hz)
[ 19.28s] target 0 err=0.561 m | 382 plans, recent 49 ms/plan (19.8 Hz)
[ 20.32s] target 0 err=0.493 m | 403 plans, recent 48 ms/plan (19.8 Hz)
[ 21.35s] target 0 err=0.548 m | 424 plans, recent 48 ms/plan (19.9 Hz)
[ 22.40s] target 0 err=0.440 m | 445 plans, recent 48 ms/plan (19.9 Hz)
[ 23.44s] target 0 err=0.512 m | 466 plans, recent 49 ms/plan (19.9 Hz)
[ 24.48s] target 0 err=0.560 m | 487 plans, recent 49 ms/plan (19.9 Hz)
[ 25.51s] target 0 err=0.522 m | 507 plans, recent 50 ms/plan (19.9 Hz)
[ 26.56s] target 0 err=0.510 m | 528 plans, recent 49 ms/plan (19.9 Hz)
[ 27.60s] target 0 err=0.528 m | 549 plans, recent 48 ms/plan (19.9 Hz)
[ 28.64s] target 0 err=0.557 m | 570 plans, recent 48 ms/plan (19.9 Hz)
[ 29.67s] target 0 err=0.470 m | 591 plans, recent 48 ms/plan (19.9 Hz)
  reached_strict=False reached_5cm=False min_err=0.2857 violation=False safe_stall=True

=== [3/70] bk_mbd target=2 (0.518, 0.348, 0.199) ===
loaded=/home/home/mbd/koopman/mbd_koopman/out/franka/models/bk_seed0.pt
tube disabled (tube_mode none): plain bilinear rollout, no penalty
adaptive noise: ON (full schedule at err >= 0.4 m, floor 0.05)
warm-up: 3 throwaway plans
[  1.03s] target 0 err=0.579 m | 21 plans, recent 51 ms/plan (20.3 Hz)
[  2.05s] target 0 err=0.600 m | 41 plans, recent 50 ms/plan (20.0 Hz)
[  3.07s] target 0 err=0.660 m | 61 plans, recent 50 ms/plan (19.9 Hz)
[  4.09s] target 0 err=0.251 m | 81 plans, recent 50 ms/plan (19.8 Hz)
[  5.11s] target 0 err=0.326 m | 101 plans, recent 50 ms/plan (19.8 Hz)
[  6.12s] target 0 err=0.598 m | 121 plans, recent 50 ms/plan (19.8 Hz)
[  7.14s] target 0 err=0.570 m | 141 plans, recent 50 ms/plan (19.8 Hz)
[  8.16s] target 0 err=0.359 m | 161 plans, recent 50 ms/plan (19.7 Hz)
[  9.19s] target 0 err=0.496 m | 181 plans, recent 50 ms/plan (19.7 Hz)
[ 10.21s] target 0 err=0.528 m | 201 plans, recent 50 ms/plan (19.7 Hz)
[ 11.24s] target 0 err=0.458 m | 221 plans, recent 50 ms/plan (19.7 Hz)
[ 12.26s] target 0 err=0.536 m | 241 plans, recent 50 ms/plan (19.7 Hz)
[ 13.28s] target 0 err=0.550 m | 261 plans, recent 50 ms/plan (19.6 Hz)
[ 14.31s] target 0 err=0.527 m | 281 plans, recent 50 ms/plan (19.6 Hz)
[ 15.34s] target 0 err=0.653 m | 301 plans, recent 50 ms/plan (19.6 Hz)
[ 16.36s] target 0 err=0.501 m | 321 plans, recent 50 ms/plan (19.6 Hz)
[ 17.39s] target 0 err=0.519 m | 341 plans, recent 50 ms/plan (19.6 Hz)
[ 18.41s] target 0 err=0.589 m | 361 plans, recent 50 ms/plan (19.6 Hz)
[ 19.43s] target 0 err=0.578 m | 381 plans, recent 50 ms/plan (19.6 Hz)
[ 20.45s] target 0 err=0.536 m | 401 plans, recent 50 ms/plan (19.6 Hz)
[ 21.47s] target 0 err=0.501 m | 421 plans, recent 50 ms/plan (19.6 Hz)
[ 22.49s] target 0 err=0.549 m | 441 plans, recent 50 ms/plan (19.6 Hz)
[ 23.51s] target 0 err=0.520 m | 461 plans, recent 50 ms/plan (19.6 Hz)
[ 24.54s] target 0 err=0.641 m | 481 plans, recent 50 ms/plan (19.6 Hz)
[ 25.57s] target 0 err=0.616 m | 501 plans, recent 50 ms/plan (19.6 Hz)
[ 26.59s] target 0 err=0.549 m | 521 plans, recent 50 ms/plan (19.6 Hz)
[ 27.62s] target 0 err=0.649 m | 541 plans, recent 50 ms/plan (19.6 Hz)
[ 28.65s] target 0 err=0.530 m | 561 plans, recent 50 ms/plan (19.6 Hz)
[ 29.68s] target 0 err=0.441 m | 581 plans, recent 50 ms/plan (19.6 Hz)
  reached_strict=False reached_5cm=False min_err=0.2188 violation=False safe_stall=True

=== [4/70] bk_mbd target=3 (0.446, 0.324, 0.218) ===
loaded=/home/home/mbd/koopman/mbd_koopman/out/franka/models/bk_seed0.pt
tube disabled (tube_mode none): plain bilinear rollout, no penalty
adaptive noise: ON (full schedule at err >= 0.4 m, floor 0.05)
warm-up: 3 throwaway plans
[  1.04s] target 0 err=0.596 m | 21 plans, recent 51 ms/plan (20.2 Hz)
[  1.85s] target 0 strict reach (21.6 mm) in 1.85 s
[  2.05s] target 0 err=0.023 m | 41 plans, recent 49 ms/plan (20.0 Hz)
  reached_strict=True reached_5cm=True min_err=0.0180 violation=False safe_stall=False

=== [5/70] bk_mbd target=4 (0.43, 0.315, 0.174) ===
loaded=/home/home/mbd/koopman/mbd_koopman/out/franka/models/bk_seed0.pt
tube disabled (tube_mode none): plain bilinear rollout, no penalty
adaptive noise: ON (full schedule at err >= 0.4 m, floor 0.05)
warm-up: 3 throwaway plans
[  1.01s] target 0 err=0.589 m | 21 plans, recent 49 ms/plan (20.9 Hz)
[  2.01s] target 0 err=0.644 m | 41 plans, recent 49 ms/plan (20.4 Hz)
[  3.02s] target 0 err=0.725 m | 61 plans, recent 49 ms/plan (20.2 Hz)
[  4.03s] target 0 err=0.734 m | 81 plans, recent 50 ms/plan (20.1 Hz)
[  5.04s] target 0 err=0.730 m | 101 plans, recent 49 ms/plan (20.1 Hz)
[  6.04s] target 0 err=0.595 m | 121 plans, recent 49 ms/plan (20.0 Hz)
[  7.09s] target 0 err=0.708 m | 142 plans, recent 49 ms/plan (20.0 Hz)
[  8.10s] target 0 err=0.792 m | 162 plans, recent 49 ms/plan (20.0 Hz)
[  9.10s] target 0 err=0.627 m | 182 plans, recent 49 ms/plan (20.0 Hz)
[ 10.11s] target 0 err=0.583 m | 202 plans, recent 49 ms/plan (20.0 Hz)
[ 11.12s] target 0 err=0.469 m | 222 plans, recent 49 ms/plan (20.0 Hz)
[ 12.13s] target 0 err=0.331 m | 242 plans, recent 49 ms/plan (20.0 Hz)
[ 13.14s] target 0 err=0.420 m | 262 plans, recent 50 ms/plan (19.9 Hz)
[ 14.15s] target 0 err=0.405 m | 282 plans, recent 49 ms/plan (19.9 Hz)
[ 15.19s] target 0 err=0.407 m | 303 plans, recent 49 ms/plan (19.9 Hz)
[ 16.23s] target 0 err=0.468 m | 324 plans, recent 48 ms/plan (20.0 Hz)
[ 17.27s] target 0 err=0.469 m | 345 plans, recent 48 ms/plan (20.0 Hz)
[ 18.30s] target 0 err=0.391 m | 365 plans, recent 51 ms/plan (19.9 Hz)
[ 19.30s] target 0 err=0.417 m | 385 plans, recent 49 ms/plan (19.9 Hz)
[ 20.34s] target 0 err=0.407 m | 406 plans, recent 48 ms/plan (20.0 Hz)
[ 21.38s] target 0 err=0.408 m | 427 plans, recent 48 ms/plan (20.0 Hz)
[ 22.42s] target 0 err=0.443 m | 448 plans, recent 48 ms/plan (20.0 Hz)
[ 23.43s] target 0 err=0.471 m | 468 plans, recent 49 ms/plan (20.0 Hz)
[ 24.47s] target 0 err=0.498 m | 489 plans, recent 48 ms/plan (20.0 Hz)
[ 25.51s] target 0 err=0.434 m | 510 plans, recent 49 ms/plan (20.0 Hz)
[ 26.55s] target 0 err=0.469 m | 531 plans, recent 48 ms/plan (20.0 Hz)
[ 27.59s] target 0 err=0.515 m | 552 plans, recent 48 ms/plan (20.0 Hz)
[ 28.63s] target 0 err=0.521 m | 573 plans, recent 48 ms/plan (20.0 Hz)
[ 29.68s] target 0 err=0.462 m | 594 plans, recent 48 ms/plan (20.0 Hz)
  reached_strict=False reached_5cm=False min_err=0.2812 violation=False safe_stall=True

=== [6/70] bk_mbd target=5 (0.419, 0.357, 0.213) ===
loaded=/home/home/mbd/koopman/mbd_koopman/out/franka/models/bk_seed0.pt
tube disabled (tube_mode none): plain bilinear rollout, no penalty
adaptive noise: ON (full schedule at err >= 0.4 m, floor 0.05)
warm-up: 3 throwaway plans
[  1.04s] target 0 err=0.625 m | 22 plans, recent 48 ms/plan (21.2 Hz)
[  2.08s] target 0 err=0.681 m | 43 plans, recent 49 ms/plan (20.7 Hz)
[  3.12s] target 0 err=0.102 m | 64 plans, recent 49 ms/plan (20.5 Hz)
[  4.16s] target 0 err=0.048 m | 85 plans, recent 48 ms/plan (20.4 Hz)
[  4.80s] target 0 strict reach (23.0 mm) in 4.80 s
  reached_strict=True reached_5cm=True min_err=0.0152 violation=False safe_stall=False

=== [7/70] bk_mbd target=6 (0.484, 0.325, 0.168) ===
loaded=/home/home/mbd/koopman/mbd_koopman/out/franka/models/bk_seed0.pt
tube disabled (tube_mode none): plain bilinear rollout, no penalty
adaptive noise: ON (full schedule at err >= 0.4 m, floor 0.05)
warm-up: 3 throwaway plans
[  1.04s] target 0 err=0.609 m | 20 plans, recent 53 ms/plan (19.3 Hz)
[  2.06s] target 0 err=0.640 m | 40 plans, recent 50 ms/plan (19.4 Hz)
[  3.09s] target 0 err=0.684 m | 60 plans, recent 51 ms/plan (19.4 Hz)
[  4.12s] target 0 err=0.236 m | 80 plans, recent 50 ms/plan (19.4 Hz)
[  5.13s] target 0 err=0.059 m | 100 plans, recent 50 ms/plan (19.5 Hz)
[  6.16s] target 0 err=0.233 m | 120 plans, recent 50 ms/plan (19.5 Hz)
[  7.17s] target 0 err=0.478 m | 140 plans, recent 50 ms/plan (19.5 Hz)
[  8.22s] target 0 err=0.612 m | 160 plans, recent 51 ms/plan (19.5 Hz)
[  9.25s] target 0 err=0.413 m | 180 plans, recent 51 ms/plan (19.4 Hz)
[ 10.28s] target 0 err=0.264 m | 200 plans, recent 50 ms/plan (19.5 Hz)
[ 11.31s] target 0 err=0.455 m | 220 plans, recent 50 ms/plan (19.5 Hz)
[ 12.33s] target 0 err=0.412 m | 240 plans, recent 50 ms/plan (19.5 Hz)
[ 13.35s] target 0 err=0.446 m | 260 plans, recent 50 ms/plan (19.5 Hz)
[ 14.37s] target 0 err=0.513 m | 280 plans, recent 50 ms/plan (19.5 Hz)
[ 15.39s] target 0 err=0.388 m | 300 plans, recent 50 ms/plan (19.5 Hz)
[ 16.41s] target 0 err=0.482 m | 320 plans, recent 49 ms/plan (19.5 Hz)
[ 17.41s] target 0 err=0.439 m | 340 plans, recent 49 ms/plan (19.5 Hz)
[ 18.41s] target 0 err=0.443 m | 360 plans, recent 49 ms/plan (19.6 Hz)
[ 19.46s] target 0 err=0.515 m | 381 plans, recent 49 ms/plan (19.6 Hz)
[ 20.50s] target 0 err=0.488 m | 402 plans, recent 49 ms/plan (19.6 Hz)
[ 21.55s] target 0 err=0.491 m | 423 plans, recent 49 ms/plan (19.6 Hz)
[ 22.58s] target 0 err=0.498 m | 443 plans, recent 51 ms/plan (19.6 Hz)
[ 23.59s] target 0 err=0.517 m | 463 plans, recent 50 ms/plan (19.6 Hz)
[ 24.61s] target 0 err=0.547 m | 483 plans, recent 50 ms/plan (19.6 Hz)
[ 25.64s] target 0 err=0.587 m | 503 plans, recent 50 ms/plan (19.6 Hz)
[ 26.66s] target 0 err=0.522 m | 523 plans, recent 50 ms/plan (19.6 Hz)
[ 27.68s] target 0 err=0.555 m | 543 plans, recent 50 ms/plan (19.6 Hz)
[ 28.68s] target 0 err=0.536 m | 563 plans, recent 49 ms/plan (19.6 Hz)
[ 29.71s] target 0 err=0.450 m | 583 plans, recent 50 ms/plan (19.6 Hz)
  reached_strict=False reached_5cm=False min_err=0.0585 violation=False safe_stall=True

=== [8/70] bk_mbd target=7 (0.428, 0.353, 0.214) ===
loaded=/home/home/mbd/koopman/mbd_koopman/out/franka/models/bk_seed0.pt
tube disabled (tube_mode none): plain bilinear rollout, no penalty
adaptive noise: ON (full schedule at err >= 0.4 m, floor 0.05)
warm-up: 3 throwaway plans
[  1.05s] target 0 err=0.676 m | 22 plans, recent 49 ms/plan (21.0 Hz)
[  2.10s] target 0 err=0.649 m | 43 plans, recent 49 ms/plan (20.5 Hz)
[  3.10s] target 0 err=0.683 m | 63 plans, recent 49 ms/plan (20.3 Hz)
[  4.15s] target 0 err=0.721 m | 84 plans, recent 49 ms/plan (20.3 Hz)
[  5.15s] target 0 err=0.730 m | 104 plans, recent 49 ms/plan (20.2 Hz)
[  6.17s] target 0 err=0.564 m | 124 plans, recent 50 ms/plan (20.1 Hz)
[  7.18s] target 0 err=0.734 m | 144 plans, recent 50 ms/plan (20.0 Hz)
[  8.19s] target 0 err=0.629 m | 164 plans, recent 49 ms/plan (20.0 Hz)
[  9.20s] target 0 err=0.683 m | 184 plans, recent 49 ms/plan (20.0 Hz)
[ 10.20s] target 0 err=0.542 m | 204 plans, recent 49 ms/plan (20.0 Hz)
[ 11.21s] target 0 err=0.606 m | 224 plans, recent 49 ms/plan (20.0 Hz)
[ 12.22s] target 0 err=0.373 m | 244 plans, recent 49 ms/plan (20.0 Hz)
[ 13.23s] target 0 err=0.475 m | 264 plans, recent 49 ms/plan (20.0 Hz)
[ 14.23s] target 0 err=0.512 m | 284 plans, recent 49 ms/plan (20.0 Hz)
[ 15.23s] target 0 err=0.544 m | 304 plans, recent 49 ms/plan (20.0 Hz)
[ 16.24s] target 0 err=0.484 m | 324 plans, recent 50 ms/plan (19.9 Hz)
[ 17.26s] target 0 err=0.452 m | 344 plans, recent 49 ms/plan (19.9 Hz)
[ 18.26s] target 0 err=0.487 m | 364 plans, recent 49 ms/plan (19.9 Hz)
[ 19.30s] target 0 err=0.447 m | 385 plans, recent 48 ms/plan (19.9 Hz)
[ 20.31s] target 0 err=0.475 m | 405 plans, recent 49 ms/plan (19.9 Hz)
[ 21.35s] target 0 err=0.434 m | 426 plans, recent 49 ms/plan (19.9 Hz)
[ 22.36s] target 0 err=0.463 m | 446 plans, recent 49 ms/plan (19.9 Hz)
[ 23.37s] target 0 err=0.457 m | 466 plans, recent 49 ms/plan (19.9 Hz)
[ 24.41s] target 0 err=0.372 m | 487 plans, recent 49 ms/plan (20.0 Hz)
[ 25.41s] target 0 err=0.396 m | 507 plans, recent 49 ms/plan (20.0 Hz)
[ 26.41s] target 0 err=0.371 m | 527 plans, recent 49 ms/plan (20.0 Hz)
[ 27.46s] target 0 err=0.418 m | 547 plans, recent 51 ms/plan (19.9 Hz)
[ 28.46s] target 0 err=0.401 m | 567 plans, recent 49 ms/plan (19.9 Hz)
[ 29.51s] target 0 err=0.371 m | 588 plans, recent 49 ms/plan (19.9 Hz)
  reached_strict=False reached_5cm=False min_err=0.3055 violation=False safe_stall=True

=== [9/70] bk_mbd target=8 (0.545, 0.335, 0.209) ===
loaded=/home/home/mbd/koopman/mbd_koopman/out/franka/models/bk_seed0.pt
tube disabled (tube_mode none): plain bilinear rollout, no penalty
adaptive noise: ON (full schedule at err >= 0.4 m, floor 0.05)
warm-up: 3 throwaway plans
[  1.04s] target 0 err=0.626 m | 22 plans, recent 49 ms/plan (21.1 Hz)
[  2.09s] target 0 err=0.618 m | 43 plans, recent 49 ms/plan (20.5 Hz)
[  3.09s] target 0 err=0.626 m | 63 plans, recent 49 ms/plan (20.4 Hz)
[  4.10s] target 0 err=0.067 m | 83 plans, recent 50 ms/plan (20.2 Hz)
[  4.55s] target 0 strict reach (23.4 mm) in 4.55 s
  reached_strict=True reached_5cm=True min_err=0.0234 violation=False safe_stall=False

=== [10/70] bk_mbd target=9 (0.502, 0.331, 0.158) ===
loaded=/home/home/mbd/koopman/mbd_koopman/out/franka/models/bk_seed0.pt
tube disabled (tube_mode none): plain bilinear rollout, no penalty
adaptive noise: ON (full schedule at err >= 0.4 m, floor 0.05)
warm-up: 3 throwaway plans
[  1.04s] target 0 err=0.630 m | 22 plans, recent 48 ms/plan (21.1 Hz)
[  2.08s] target 0 err=0.101 m | 43 plans, recent 49 ms/plan (20.7 Hz)
[  2.85s] target 0 strict reach (22.5 mm) in 2.85 s
[  3.12s] target 0 err=0.027 m | 64 plans, recent 48 ms/plan (20.5 Hz)
  reached_strict=True reached_5cm=True min_err=0.0105 violation=False safe_stall=False

=== [11/70] bk_mbd target=10 (0.45, 0.307, 0.178) ===
loaded=/home/home/mbd/koopman/mbd_koopman/out/franka/models/bk_seed0.pt
tube disabled (tube_mode none): plain bilinear rollout, no penalty
adaptive noise: ON (full schedule at err >= 0.4 m, floor 0.05)
warm-up: 3 throwaway plans
[  1.05s] target 0 err=0.559 m | 22 plans, recent 49 ms/plan (21.0 Hz)
[  2.05s] target 0 err=0.675 m | 42 plans, recent 49 ms/plan (20.5 Hz)
[  3.06s] target 0 err=0.556 m | 62 plans, recent 49 ms/plan (20.2 Hz)
[  4.07s] target 0 err=0.051 m | 82 plans, recent 49 ms/plan (20.2 Hz)
[  4.30s] target 0 strict reach (19.5 mm) in 4.30 s
  reached_strict=True reached_5cm=True min_err=0.0182 violation=False safe_stall=False

=== [12/70] bk_mbd target=11 (0.426, 0.292, 0.179) ===
loaded=/home/home/mbd/koopman/mbd_koopman/out/franka/models/bk_seed0.pt
tube disabled (tube_mode none): plain bilinear rollout, no penalty
adaptive noise: ON (full schedule at err >= 0.4 m, floor 0.05)
warm-up: 3 throwaway plans
[  1.00s] target 0 err=0.543 m | 21 plans, recent 49 ms/plan (20.9 Hz)
[  2.05s] target 0 err=0.556 m | 42 plans, recent 49 ms/plan (20.5 Hz)
[  3.07s] target 0 err=0.546 m | 62 plans, recent 50 ms/plan (20.2 Hz)
[  4.08s] target 0 err=0.636 m | 82 plans, recent 50 ms/plan (20.1 Hz)
[  5.11s] target 0 err=0.331 m | 102 plans, recent 50 ms/plan (19.9 Hz)
[  6.14s] target 0 err=0.505 m | 122 plans, recent 50 ms/plan (19.9 Hz)
[  7.16s] target 0 err=0.705 m | 142 plans, recent 50 ms/plan (19.8 Hz)
[  8.18s] target 0 err=0.645 m | 162 plans, recent 50 ms/plan (19.8 Hz)
[  9.23s] target 0 err=0.667 m | 182 plans, recent 51 ms/plan (19.7 Hz)
[ 10.25s] target 0 err=0.567 m | 202 plans, recent 50 ms/plan (19.7 Hz)
[ 11.26s] target 0 err=0.557 m | 222 plans, recent 50 ms/plan (19.7 Hz)
[ 12.28s] target 0 err=0.381 m | 242 plans, recent 50 ms/plan (19.7 Hz)
[ 13.30s] target 0 err=0.300 m | 262 plans, recent 50 ms/plan (19.7 Hz)
[ 14.32s] target 0 err=0.413 m | 282 plans, recent 50 ms/plan (19.7 Hz)
[ 15.33s] target 0 err=0.376 m | 302 plans, recent 50 ms/plan (19.7 Hz)
[ 16.34s] target 0 err=0.345 m | 322 plans, recent 49 ms/plan (19.7 Hz)
[ 17.36s] target 0 err=0.383 m | 342 plans, recent 50 ms/plan (19.7 Hz)
[ 18.37s] target 0 err=0.461 m | 362 plans, recent 49 ms/plan (19.7 Hz)
[ 19.38s] target 0 err=0.416 m | 382 plans, recent 50 ms/plan (19.7 Hz)
[ 20.40s] target 0 err=0.466 m | 402 plans, recent 50 ms/plan (19.7 Hz)
[ 21.41s] target 0 err=0.390 m | 422 plans, recent 49 ms/plan (19.7 Hz)
[ 22.41s] target 0 err=0.421 m | 442 plans, recent 49 ms/plan (19.7 Hz)
[ 23.45s] target 0 err=0.449 m | 463 plans, recent 48 ms/plan (19.7 Hz)
[ 24.49s] target 0 err=0.394 m | 484 plans, recent 48 ms/plan (19.8 Hz)
[ 25.52s] target 0 err=0.522 m | 505 plans, recent 48 ms/plan (19.8 Hz)
[ 26.56s] target 0 err=0.578 m | 526 plans, recent 48 ms/plan (19.8 Hz)
[ 27.56s] target 0 err=0.395 m | 546 plans, recent 49 ms/plan (19.8 Hz)
[ 28.56s] target 0 err=0.525 m | 566 plans, recent 49 ms/plan (19.8 Hz)
[ 29.60s] target 0 err=0.541 m | 587 plans, recent 48 ms/plan (19.8 Hz)
  reached_strict=False reached_5cm=False min_err=0.2537 violation=False safe_stall=True

=== [13/70] bk_mbd target=12 (0.475, 0.342, 0.179) ===
loaded=/home/home/mbd/koopman/mbd_koopman/out/franka/models/bk_seed0.pt
tube disabled (tube_mode none): plain bilinear rollout, no penalty
adaptive noise: ON (full schedule at err >= 0.4 m, floor 0.05)
warm-up: 3 throwaway plans
[  1.02s] target 0 err=0.620 m | 21 plans, recent 50 ms/plan (20.6 Hz)
[  2.03s] target 0 err=0.634 m | 41 plans, recent 50 ms/plan (20.2 Hz)
[  3.07s] target 0 err=0.693 m | 61 plans, recent 51 ms/plan (19.9 Hz)
[  4.10s] target 0 err=0.493 m | 81 plans, recent 50 ms/plan (19.8 Hz)
[  5.12s] target 0 err=0.602 m | 101 plans, recent 50 ms/plan (19.7 Hz)
[  6.15s] target 0 err=0.784 m | 121 plans, recent 50 ms/plan (19.7 Hz)
[  7.17s] target 0 err=0.620 m | 141 plans, recent 50 ms/plan (19.7 Hz)
[  8.20s] target 0 err=0.515 m | 161 plans, recent 50 ms/plan (19.6 Hz)
[  9.23s] target 0 err=0.474 m | 181 plans, recent 50 ms/plan (19.6 Hz)
[ 10.24s] target 0 err=0.502 m | 201 plans, recent 50 ms/plan (19.6 Hz)
[ 11.26s] target 0 err=0.394 m | 221 plans, recent 50 ms/plan (19.6 Hz)
[ 12.27s] target 0 err=0.396 m | 241 plans, recent 50 ms/plan (19.6 Hz)
[ 13.28s] target 0 err=0.416 m | 260 plans, recent 52 ms/plan (19.6 Hz)
[ 14.29s] target 0 err=0.452 m | 280 plans, recent 50 ms/plan (19.6 Hz)
[ 15.30s] target 0 err=0.468 m | 300 plans, recent 49 ms/plan (19.6 Hz)
[ 16.30s] target 0 err=0.421 m | 320 plans, recent 49 ms/plan (19.6 Hz)
[ 17.31s] target 0 err=0.437 m | 340 plans, recent 49 ms/plan (19.6 Hz)
[ 18.33s] target 0 err=0.425 m | 360 plans, recent 50 ms/plan (19.6 Hz)
[ 19.34s] target 0 err=0.405 m | 380 plans, recent 50 ms/plan (19.6 Hz)
[ 20.35s] target 0 err=0.480 m | 400 plans, recent 49 ms/plan (19.7 Hz)
[ 21.38s] target 0 err=0.464 m | 420 plans, recent 50 ms/plan (19.6 Hz)
[ 22.40s] target 0 err=0.522 m | 440 plans, recent 50 ms/plan (19.6 Hz)
[ 23.42s] target 0 err=0.359 m | 460 plans, recent 50 ms/plan (19.6 Hz)
[ 24.43s] target 0 err=0.452 m | 480 plans, recent 49 ms/plan (19.6 Hz)
[ 25.44s] target 0 err=0.446 m | 500 plans, recent 49 ms/plan (19.7 Hz)
[ 26.44s] target 0 err=0.485 m | 520 plans, recent 49 ms/plan (19.7 Hz)
[ 27.45s] target 0 err=0.471 m | 540 plans, recent 50 ms/plan (19.7 Hz)
[ 28.46s] target 0 err=0.475 m | 559 plans, recent 52 ms/plan (19.6 Hz)
[ 29.49s] target 0 err=0.411 m | 579 plans, recent 50 ms/plan (19.6 Hz)
[ 30.51s] target 0 err=0.456 m | 599 plans, recent 50 ms/plan (19.6 Hz)
  reached_strict=False reached_5cm=False min_err=0.3379 violation=False safe_stall=True

=== [14/70] bk_mbd target=13 (0.465, 0.317, 0.187) ===
loaded=/home/home/mbd/koopman/mbd_koopman/out/franka/models/bk_seed0.pt
tube disabled (tube_mode none): plain bilinear rollout, no penalty
adaptive noise: ON (full schedule at err >= 0.4 m, floor 0.05)
warm-up: 3 throwaway plans
[  1.01s] target 0 err=0.563 m | 21 plans, recent 49 ms/plan (20.8 Hz)
[  2.02s] target 0 err=0.596 m | 41 plans, recent 49 ms/plan (20.3 Hz)
[  3.04s] target 0 err=0.656 m | 61 plans, recent 50 ms/plan (20.1 Hz)
[  4.04s] target 0 err=0.684 m | 81 plans, recent 49 ms/plan (20.0 Hz)
[  5.05s] target 0 err=0.578 m | 101 plans, recent 49 ms/plan (20.0 Hz)
[  6.06s] target 0 err=0.600 m | 121 plans, recent 49 ms/plan (20.0 Hz)
[  7.06s] target 0 err=0.629 m | 141 plans, recent 49 ms/plan (20.0 Hz)
[  8.06s] target 0 err=0.438 m | 161 plans, recent 49 ms/plan (20.0 Hz)
[  9.11s] target 0 err=0.220 m | 182 plans, recent 49 ms/plan (20.0 Hz)
[ 10.12s] target 0 err=0.234 m | 202 plans, recent 49 ms/plan (20.0 Hz)
[ 11.13s] target 0 err=0.295 m | 222 plans, recent 50 ms/plan (19.9 Hz)
[ 12.16s] target 0 err=0.504 m | 242 plans, recent 50 ms/plan (19.9 Hz)
[ 13.18s] target 0 err=0.448 m | 262 plans, recent 50 ms/plan (19.9 Hz)
[ 14.20s] target 0 err=0.413 m | 282 plans, recent 50 ms/plan (19.9 Hz)
[ 15.21s] target 0 err=0.509 m | 302 plans, recent 49 ms/plan (19.9 Hz)
[ 16.23s] target 0 err=0.471 m | 322 plans, recent 50 ms/plan (19.8 Hz)
[ 17.24s] target 0 err=0.442 m | 342 plans, recent 50 ms/plan (19.8 Hz)
[ 18.27s] target 0 err=0.482 m | 362 plans, recent 50 ms/plan (19.8 Hz)
[ 19.30s] target 0 err=0.455 m | 382 plans, recent 50 ms/plan (19.8 Hz)
[ 20.33s] target 0 err=0.563 m | 402 plans, recent 50 ms/plan (19.8 Hz)
[ 21.34s] target 0 err=0.547 m | 422 plans, recent 50 ms/plan (19.8 Hz)
[ 22.36s] target 0 err=0.613 m | 442 plans, recent 50 ms/plan (19.8 Hz)
[ 23.37s] target 0 err=0.592 m | 462 plans, recent 49 ms/plan (19.8 Hz)
[ 24.37s] target 0 err=0.662 m | 482 plans, recent 49 ms/plan (19.8 Hz)
[ 25.42s] target 0 err=0.725 m | 503 plans, recent 48 ms/plan (19.8 Hz)
[ 26.46s] target 0 err=0.704 m | 524 plans, recent 49 ms/plan (19.8 Hz)
[ 27.50s] target 0 err=0.575 m | 545 plans, recent 49 ms/plan (19.8 Hz)
[ 28.55s] target 0 err=0.725 m | 566 plans, recent 49 ms/plan (19.8 Hz)
[ 29.59s] target 0 err=0.538 m | 587 plans, recent 48 ms/plan (19.8 Hz)
  reached_strict=False reached_5cm=False min_err=0.2124 violation=False safe_stall=True

=== [15/70] bk_mbd target=14 (0.35, 0.324, 0.193) ===
loaded=/home/home/mbd/koopman/mbd_koopman/out/franka/models/bk_seed0.pt
tube disabled (tube_mode none): plain bilinear rollout, no penalty
adaptive noise: ON (full schedule at err >= 0.4 m, floor 0.05)
warm-up: 3 throwaway plans
[  1.00s] target 0 err=0.565 m | 21 plans, recent 49 ms/plan (21.0 Hz)
[  2.05s] target 0 err=0.587 m | 42 plans, recent 49 ms/plan (20.5 Hz)
[  3.05s] target 0 err=0.564 m | 62 plans, recent 49 ms/plan (20.3 Hz)
[  4.10s] target 0 err=0.552 m | 83 plans, recent 49 ms/plan (20.2 Hz)
[  5.11s] target 0 err=0.600 m | 103 plans, recent 49 ms/plan (20.2 Hz)
[  6.13s] target 0 err=0.583 m | 123 plans, recent 50 ms/plan (20.1 Hz)
[  7.14s] target 0 err=0.717 m | 143 plans, recent 50 ms/plan (20.0 Hz)
[  8.16s] target 0 err=0.580 m | 163 plans, recent 50 ms/plan (20.0 Hz)
[  9.18s] target 0 err=0.655 m | 183 plans, recent 50 ms/plan (19.9 Hz)
[ 10.19s] target 0 err=0.575 m | 203 plans, recent 50 ms/plan (19.9 Hz)
[ 11.21s] target 0 err=0.572 m | 223 plans, recent 50 ms/plan (19.9 Hz)
[ 12.23s] target 0 err=0.488 m | 243 plans, recent 50 ms/plan (19.9 Hz)
[ 13.25s] target 0 err=0.478 m | 263 plans, recent 50 ms/plan (19.8 Hz)
[ 14.27s] target 0 err=0.377 m | 283 plans, recent 50 ms/plan (19.8 Hz)
[ 15.28s] target 0 err=0.462 m | 303 plans, recent 50 ms/plan (19.8 Hz)
[ 16.30s] target 0 err=0.484 m | 323 plans, recent 50 ms/plan (19.8 Hz)
[ 17.32s] target 0 err=0.451 m | 343 plans, recent 50 ms/plan (19.8 Hz)
[ 18.33s] target 0 err=0.380 m | 363 plans, recent 50 ms/plan (19.8 Hz)
[ 19.35s] target 0 err=0.362 m | 383 plans, recent 50 ms/plan (19.8 Hz)
[ 20.36s] target 0 err=0.363 m | 403 plans, recent 49 ms/plan (19.8 Hz)
[ 21.37s] target 0 err=0.365 m | 423 plans, recent 49 ms/plan (19.8 Hz)
[ 22.38s] target 0 err=0.394 m | 443 plans, recent 50 ms/plan (19.8 Hz)
[ 23.40s] target 0 err=0.491 m | 463 plans, recent 50 ms/plan (19.8 Hz)
[ 24.44s] target 0 err=0.507 m | 484 plans, recent 48 ms/plan (19.8 Hz)
[ 25.45s] target 0 err=0.553 m | 504 plans, recent 49 ms/plan (19.8 Hz)
[ 26.46s] target 0 err=0.371 m | 524 plans, recent 50 ms/plan (19.8 Hz)
[ 27.51s] target 0 err=0.410 m | 544 plans, recent 51 ms/plan (19.8 Hz)
[ 28.54s] target 0 err=0.312 m | 564 plans, recent 50 ms/plan (19.8 Hz)
[ 29.56s] target 0 err=0.310 m | 584 plans, recent 50 ms/plan (19.8 Hz)
  reached_strict=False reached_5cm=False min_err=0.3022 violation=False safe_stall=True

=== [16/70] bk_mbd target=15 (0.447, 0.311, 0.162) ===
loaded=/home/home/mbd/koopman/mbd_koopman/out/franka/models/bk_seed0.pt
tube disabled (tube_mode none): plain bilinear rollout, no penalty
adaptive noise: ON (full schedule at err >= 0.4 m, floor 0.05)
warm-up: 3 throwaway plans
[  1.02s] target 0 err=0.560 m | 21 plans, recent 50 ms/plan (20.6 Hz)
[  2.03s] target 0 err=0.617 m | 41 plans, recent 50 ms/plan (20.2 Hz)
[  3.05s] target 0 err=0.287 m | 61 plans, recent 50 ms/plan (20.0 Hz)
[  4.06s] target 0 err=0.046 m | 81 plans, recent 49 ms/plan (19.9 Hz)
[  5.07s] target 0 err=0.033 m | 101 plans, recent 49 ms/plan (19.9 Hz)
[  5.35s] target 0 strict reach (25.0 mm) in 5.35 s
  reached_strict=True reached_5cm=True min_err=0.0248 violation=False safe_stall=False

=== [17/70] bk_mbd target=16 (0.483, 0.341, 0.158) ===
loaded=/home/home/mbd/koopman/mbd_koopman/out/franka/models/bk_seed0.pt
tube disabled (tube_mode none): plain bilinear rollout, no penalty
adaptive noise: ON (full schedule at err >= 0.4 m, floor 0.05)
warm-up: 3 throwaway plans
[  1.01s] target 0 err=0.572 m | 21 plans, recent 49 ms/plan (20.9 Hz)
[  2.01s] target 0 err=0.605 m | 41 plans, recent 49 ms/plan (20.4 Hz)
[  3.03s] target 0 err=0.643 m | 61 plans, recent 50 ms/plan (20.2 Hz)
[  4.04s] target 0 err=0.634 m | 81 plans, recent 49 ms/plan (20.1 Hz)
[  5.05s] target 0 err=0.609 m | 101 plans, recent 49 ms/plan (20.0 Hz)
[  6.06s] target 0 err=0.558 m | 121 plans, recent 50 ms/plan (20.0 Hz)
[  7.07s] target 0 err=0.658 m | 141 plans, recent 49 ms/plan (19.9 Hz)
[  8.09s] target 0 err=0.471 m | 161 plans, recent 50 ms/plan (19.9 Hz)
[  9.11s] target 0 err=0.350 m | 181 plans, recent 50 ms/plan (19.9 Hz)
[ 10.11s] target 0 err=0.407 m | 201 plans, recent 49 ms/plan (19.9 Hz)
[ 11.12s] target 0 err=0.518 m | 221 plans, recent 49 ms/plan (19.9 Hz)
[ 12.16s] target 0 err=0.350 m | 241 plans, recent 51 ms/plan (19.8 Hz)
[ 13.21s] target 0 err=0.408 m | 262 plans, recent 49 ms/plan (19.8 Hz)
[ 14.22s] target 0 err=0.411 m | 282 plans, recent 49 ms/plan (19.8 Hz)
[ 15.22s] target 0 err=0.427 m | 302 plans, recent 49 ms/plan (19.8 Hz)
[ 16.27s] target 0 err=0.456 m | 323 plans, recent 49 ms/plan (19.9 Hz)
[ 17.31s] target 0 err=0.526 m | 344 plans, recent 49 ms/plan (19.9 Hz)
[ 18.36s] target 0 err=0.485 m | 365 plans, recent 49 ms/plan (19.9 Hz)
[ 19.40s] target 0 err=0.448 m | 386 plans, recent 49 ms/plan (19.9 Hz)
[ 20.44s] target 0 err=0.521 m | 407 plans, recent 48 ms/plan (19.9 Hz)
[ 21.48s] target 0 err=0.532 m | 428 plans, recent 48 ms/plan (19.9 Hz)
[ 22.51s] target 0 err=0.552 m | 449 plans, recent 48 ms/plan (19.9 Hz)
[ 23.53s] target 0 err=0.530 m | 470 plans, recent 48 ms/plan (20.0 Hz)
[ 24.55s] target 0 err=0.615 m | 491 plans, recent 47 ms/plan (20.0 Hz)
[ 25.55s] target 0 err=0.630 m | 512 plans, recent 47 ms/plan (20.0 Hz)
[ 26.56s] target 0 err=0.547 m | 533 plans, recent 47 ms/plan (20.1 Hz)
[ 27.57s] target 0 err=0.554 m | 554 plans, recent 47 ms/plan (20.1 Hz)
[ 28.59s] target 0 err=0.502 m | 575 plans, recent 47 ms/plan (20.1 Hz)
[ 29.60s] target 0 err=0.503 m | 596 plans, recent 47 ms/plan (20.1 Hz)
  reached_strict=False reached_5cm=False min_err=0.3113 violation=False safe_stall=True

=== [18/70] bk_mbd target=17 (0.518, 0.32, 0.171) ===
loaded=/home/home/mbd/koopman/mbd_koopman/out/franka/models/bk_seed0.pt
tube disabled (tube_mode none): plain bilinear rollout, no penalty
adaptive noise: ON (full schedule at err >= 0.4 m, floor 0.05)
warm-up: 3 throwaway plans
[  1.04s] target 0 err=0.595 m | 22 plans, recent 48 ms/plan (21.2 Hz)
[  2.07s] target 0 err=0.087 m | 43 plans, recent 48 ms/plan (20.8 Hz)
[  2.65s] target 0 strict reach (20.3 mm) in 2.65 s
  reached_strict=True reached_5cm=True min_err=0.0059 violation=False safe_stall=False

=== [19/70] bk_mbd target=18 (0.416, 0.301, 0.234) ===
loaded=/home/home/mbd/koopman/mbd_koopman/out/franka/models/bk_seed0.pt
tube disabled (tube_mode none): plain bilinear rollout, no penalty
adaptive noise: ON (full schedule at err >= 0.4 m, floor 0.05)
warm-up: 3 throwaway plans
[  1.00s] target 0 err=0.489 m | 21 plans, recent 49 ms/plan (21.0 Hz)
[  2.00s] target 0 strict reach (22.6 mm) in 2.00 s
[  2.04s] target 0 err=0.021 m | 42 plans, recent 49 ms/plan (20.5 Hz)
  reached_strict=True reached_5cm=True min_err=0.0165 violation=False safe_stall=False

=== [20/70] bk_mbd target=19 (0.392, 0.353, 0.182) ===
loaded=/home/home/mbd/koopman/mbd_koopman/out/franka/models/bk_seed0.pt
tube disabled (tube_mode none): plain bilinear rollout, no penalty
adaptive noise: ON (full schedule at err >= 0.4 m, floor 0.05)
warm-up: 3 throwaway plans
[  1.05s] target 0 err=0.665 m | 22 plans, recent 49 ms/plan (21.0 Hz)
[  2.09s] target 0 err=0.652 m | 43 plans, recent 48 ms/plan (20.6 Hz)
[  3.12s] target 0 err=0.679 m | 64 plans, recent 48 ms/plan (20.5 Hz)
[  4.16s] target 0 err=0.705 m | 85 plans, recent 49 ms/plan (20.4 Hz)
[  5.17s] target 0 err=0.637 m | 105 plans, recent 49 ms/plan (20.3 Hz)
[  6.21s] target 0 err=0.619 m | 126 plans, recent 48 ms/plan (20.3 Hz)
[  7.25s] target 0 err=0.715 m | 147 plans, recent 49 ms/plan (20.3 Hz)
[  8.29s] target 0 err=0.528 m | 168 plans, recent 48 ms/plan (20.3 Hz)
[  9.34s] target 0 err=0.542 m | 189 plans, recent 48 ms/plan (20.2 Hz)
[ 10.38s] target 0 err=0.430 m | 210 plans, recent 49 ms/plan (20.2 Hz)
[ 11.42s] target 0 err=0.248 m | 231 plans, recent 49 ms/plan (20.2 Hz)
[ 12.46s] target 0 err=0.428 m | 252 plans, recent 48 ms/plan (20.2 Hz)
[ 13.51s] target 0 err=0.422 m | 273 plans, recent 49 ms/plan (20.2 Hz)
[ 14.55s] target 0 err=0.314 m | 294 plans, recent 48 ms/plan (20.2 Hz)
[ 15.60s] target 0 err=0.413 m | 315 plans, recent 49 ms/plan (20.2 Hz)
[ 16.64s] target 0 err=0.287 m | 336 plans, recent 49 ms/plan (20.2 Hz)
[ 17.69s] target 0 err=0.430 m | 357 plans, recent 49 ms/plan (20.2 Hz)
[ 18.73s] target 0 err=0.414 m | 378 plans, recent 49 ms/plan (20.2 Hz)
[ 19.77s] target 0 err=0.475 m | 399 plans, recent 49 ms/plan (20.2 Hz)
[ 20.82s] target 0 err=0.456 m | 420 plans, recent 49 ms/plan (20.2 Hz)
[ 21.86s] target 0 err=0.453 m | 441 plans, recent 49 ms/plan (20.2 Hz)
[ 22.90s] target 0 err=0.468 m | 462 plans, recent 48 ms/plan (20.2 Hz)
[ 23.98s] target 0 err=0.562 m | 483 plans, recent 50 ms/plan (20.1 Hz)
[ 25.02s] target 0 err=0.493 m | 504 plans, recent 48 ms/plan (20.1 Hz)
[ 26.06s] target 0 err=0.489 m | 525 plans, recent 48 ms/plan (20.1 Hz)
[ 27.09s] target 0 err=0.467 m | 546 plans, recent 48 ms/plan (20.2 Hz)
[ 28.12s] target 0 err=0.453 m | 567 plans, recent 48 ms/plan (20.2 Hz)
[ 29.15s] target 0 err=0.527 m | 588 plans, recent 48 ms/plan (20.2 Hz)
  reached_strict=False reached_5cm=False min_err=0.2264 violation=False safe_stall=True

=== [21/70] bk_mbd target=20 (0.406, 0.339, 0.239) ===
loaded=/home/home/mbd/koopman/mbd_koopman/out/franka/models/bk_seed0.pt
tube disabled (tube_mode none): plain bilinear rollout, no penalty
adaptive noise: ON (full schedule at err >= 0.4 m, floor 0.05)
warm-up: 3 throwaway plans
[  1.04s] target 0 err=0.601 m | 22 plans, recent 48 ms/plan (21.2 Hz)
[  2.07s] target 0 err=0.587 m | 43 plans, recent 48 ms/plan (20.7 Hz)
[  3.10s] target 0 err=0.614 m | 64 plans, recent 48 ms/plan (20.6 Hz)
[  4.13s] target 0 err=0.166 m | 85 plans, recent 48 ms/plan (20.6 Hz)
[  5.16s] target 0 err=0.041 m | 106 plans, recent 48 ms/plan (20.5 Hz)
[  6.30s] target 0 strict reach (24.9 mm) in 6.30 s
[  6.19s] target 0 err=0.025 m | 127 plans, recent 48 ms/plan (20.5 Hz)
  reached_strict=True reached_5cm=True min_err=0.0243 violation=False safe_stall=False

=== [22/70] bk_mbd target=21 (0.538, 0.312, 0.179) ===
loaded=/home/home/mbd/koopman/mbd_koopman/out/franka/models/bk_seed0.pt
tube disabled (tube_mode none): plain bilinear rollout, no penalty
adaptive noise: ON (full schedule at err >= 0.4 m, floor 0.05)
warm-up: 3 throwaway plans
[  1.05s] target 0 err=0.615 m | 22 plans, recent 49 ms/plan (21.0 Hz)
[  2.09s] target 0 err=0.502 m | 43 plans, recent 48 ms/plan (20.6 Hz)
[  3.11s] target 0 err=0.083 m | 64 plans, recent 48 ms/plan (20.5 Hz)
[  3.60s] target 0 strict reach (21.2 mm) in 3.60 s
  reached_strict=True reached_5cm=True min_err=0.0169 violation=False safe_stall=False

=== [23/70] bk_mbd target=22 (0.512, 0.352, 0.161) ===
loaded=/home/home/mbd/koopman/mbd_koopman/out/franka/models/bk_seed0.pt
tube disabled (tube_mode none): plain bilinear rollout, no penalty
adaptive noise: ON (full schedule at err >= 0.4 m, floor 0.05)
warm-up: 3 throwaway plans
[  1.04s] target 0 err=0.628 m | 22 plans, recent 48 ms/plan (21.2 Hz)
[  2.07s] target 0 err=0.751 m | 43 plans, recent 48 ms/plan (20.7 Hz)
[  3.12s] target 0 err=0.558 m | 64 plans, recent 49 ms/plan (20.5 Hz)
[  4.12s] target 0 err=0.131 m | 84 plans, recent 49 ms/plan (20.4 Hz)
[  4.90s] target 0 strict reach (24.1 mm) in 4.90 s
[  5.16s] target 0 err=0.047 m | 104 plans, recent 51 ms/plan (20.2 Hz)
  reached_strict=True reached_5cm=True min_err=0.0241 violation=False safe_stall=False

=== [24/70] bk_mbd target=23 (0.459, 0.284, 0.173) ===
loaded=/home/home/mbd/koopman/mbd_koopman/out/franka/models/bk_seed0.pt
tube disabled (tube_mode none): plain bilinear rollout, no penalty
adaptive noise: ON (full schedule at err >= 0.4 m, floor 0.05)
warm-up: 3 throwaway plans
[  1.01s] target 0 err=0.582 m | 21 plans, recent 49 ms/plan (20.9 Hz)
[  2.05s] target 0 err=0.605 m | 42 plans, recent 48 ms/plan (20.5 Hz)
[  3.08s] target 0 err=0.589 m | 63 plans, recent 48 ms/plan (20.5 Hz)
[  4.12s] target 0 err=0.609 m | 84 plans, recent 49 ms/plan (20.4 Hz)
[  5.17s] target 0 err=0.640 m | 105 plans, recent 49 ms/plan (20.3 Hz)
[  6.21s] target 0 err=0.560 m | 126 plans, recent 49 ms/plan (20.3 Hz)
[  7.25s] target 0 err=0.603 m | 147 plans, recent 48 ms/plan (20.3 Hz)
[  8.30s] target 0 err=0.552 m | 168 plans, recent 49 ms/plan (20.3 Hz)
[  9.30s] target 0 err=0.424 m | 188 plans, recent 49 ms/plan (20.2 Hz)
[ 10.34s] target 0 err=0.521 m | 209 plans, recent 49 ms/plan (20.2 Hz)
[ 11.39s] target 0 err=0.394 m | 230 plans, recent 49 ms/plan (20.2 Hz)
[ 12.43s] target 0 err=0.460 m | 251 plans, recent 48 ms/plan (20.2 Hz)
[ 13.46s] target 0 err=0.471 m | 272 plans, recent 48 ms/plan (20.2 Hz)
[ 14.47s] target 0 err=0.433 m | 292 plans, recent 49 ms/plan (20.2 Hz)
[ 15.52s] target 0 err=0.453 m | 313 plans, recent 49 ms/plan (20.2 Hz)
[ 16.56s] target 0 err=0.441 m | 334 plans, recent 49 ms/plan (20.2 Hz)
[ 17.56s] target 0 err=0.471 m | 354 plans, recent 49 ms/plan (20.2 Hz)
[ 18.57s] target 0 err=0.524 m | 374 plans, recent 49 ms/plan (20.1 Hz)
[ 19.62s] target 0 err=0.439 m | 395 plans, recent 49 ms/plan (20.1 Hz)
[ 20.66s] target 0 err=0.584 m | 416 plans, recent 49 ms/plan (20.1 Hz)
[ 21.71s] target 0 err=0.490 m | 437 plans, recent 49 ms/plan (20.1 Hz)
[ 22.76s] target 0 err=0.583 m | 458 plans, recent 49 ms/plan (20.1 Hz)
[ 23.78s] target 0 err=0.462 m | 478 plans, recent 50 ms/plan (20.1 Hz)
[ 24.81s] target 0 err=0.493 m | 499 plans, recent 48 ms/plan (20.1 Hz)
[ 25.84s] target 0 err=0.524 m | 520 plans, recent 48 ms/plan (20.1 Hz)
[ 26.87s] target 0 err=0.533 m | 541 plans, recent 48 ms/plan (20.1 Hz)
[ 27.90s] target 0 err=0.592 m | 562 plans, recent 47 ms/plan (20.1 Hz)
[ 28.90s] target 0 err=0.556 m | 583 plans, recent 47 ms/plan (20.2 Hz)
  reached_strict=False reached_5cm=False min_err=0.3090 violation=False safe_stall=True

=== [25/70] bk_mbd target=24 (0.493, 0.281, 0.194) ===
loaded=/home/home/mbd/koopman/mbd_koopman/out/franka/models/bk_seed0.pt
tube disabled (tube_mode none): plain bilinear rollout, no penalty
adaptive noise: ON (full schedule at err >= 0.4 m, floor 0.05)
warm-up: 3 throwaway plans
[  1.04s] target 0 err=0.556 m | 22 plans, recent 48 ms/plan (21.2 Hz)
[  2.07s] target 0 err=0.521 m | 43 plans, recent 48 ms/plan (20.8 Hz)
[  3.10s] target 0 err=0.526 m | 64 plans, recent 48 ms/plan (20.6 Hz)
[  4.13s] target 0 err=0.614 m | 85 plans, recent 48 ms/plan (20.6 Hz)
[  5.16s] target 0 err=0.720 m | 106 plans, recent 48 ms/plan (20.5 Hz)
[  6.19s] target 0 err=0.638 m | 127 plans, recent 48 ms/plan (20.5 Hz)
[  7.20s] target 0 err=0.738 m | 148 plans, recent 47 ms/plan (20.5 Hz)
[  8.23s] target 0 err=0.542 m | 169 plans, recent 48 ms/plan (20.5 Hz)
[  9.27s] target 0 err=0.448 m | 190 plans, recent 48 ms/plan (20.5 Hz)
[ 10.30s] target 0 err=0.465 m | 211 plans, recent 48 ms/plan (20.5 Hz)
[ 11.32s] target 0 err=0.278 m | 232 plans, recent 48 ms/plan (20.5 Hz)
[ 12.34s] target 0 err=0.469 m | 253 plans, recent 48 ms/plan (20.5 Hz)
[ 13.37s] target 0 err=0.447 m | 274 plans, recent 48 ms/plan (20.5 Hz)
[ 14.39s] target 0 err=0.387 m | 295 plans, recent 48 ms/plan (20.5 Hz)
[ 15.43s] target 0 err=0.382 m | 316 plans, recent 48 ms/plan (20.5 Hz)
[ 16.47s] target 0 err=0.411 m | 337 plans, recent 48 ms/plan (20.5 Hz)
[ 17.50s] target 0 err=0.406 m | 358 plans, recent 48 ms/plan (20.5 Hz)
[ 18.54s] target 0 err=0.436 m | 379 plans, recent 48 ms/plan (20.4 Hz)
[ 19.58s] target 0 err=0.458 m | 400 plans, recent 48 ms/plan (20.4 Hz)
[ 20.61s] target 0 err=0.473 m | 421 plans, recent 48 ms/plan (20.4 Hz)
[ 21.63s] target 0 err=0.566 m | 442 plans, recent 48 ms/plan (20.4 Hz)
[ 22.66s] target 0 err=0.463 m | 463 plans, recent 48 ms/plan (20.4 Hz)
[ 23.69s] target 0 err=0.534 m | 484 plans, recent 48 ms/plan (20.4 Hz)
[ 24.73s] target 0 err=0.524 m | 505 plans, recent 48 ms/plan (20.4 Hz)
[ 25.76s] target 0 err=0.453 m | 526 plans, recent 48 ms/plan (20.4 Hz)
[ 26.78s] target 0 err=0.376 m | 547 plans, recent 48 ms/plan (20.4 Hz)
[ 27.80s] target 0 err=0.510 m | 568 plans, recent 48 ms/plan (20.4 Hz)
[ 28.82s] target 0 err=0.536 m | 589 plans, recent 47 ms/plan (20.4 Hz)
  reached_strict=False reached_5cm=False min_err=0.2704 violation=False safe_stall=True

=== [26/70] bk_mbd target=25 (0.438, 0.31, 0.153) ===
loaded=/home/home/mbd/koopman/mbd_koopman/out/franka/models/bk_seed0.pt
tube disabled (tube_mode none): plain bilinear rollout, no penalty
adaptive noise: ON (full schedule at err >= 0.4 m, floor 0.05)
warm-up: 3 throwaway plans
[  1.04s] target 0 err=0.597 m | 22 plans, recent 48 ms/plan (21.2 Hz)
[  2.06s] target 0 err=0.532 m | 43 plans, recent 48 ms/plan (20.9 Hz)
[  3.09s] target 0 err=0.043 m | 64 plans, recent 48 ms/plan (20.7 Hz)
[  3.40s] target 0 strict reach (24.9 mm) in 3.40 s
  reached_strict=True reached_5cm=True min_err=0.0249 violation=False safe_stall=False

=== [27/70] bk_mbd target=26 (0.439, 0.344, 0.158) ===
loaded=/home/home/mbd/koopman/mbd_koopman/out/franka/models/bk_seed0.pt
tube disabled (tube_mode none): plain bilinear rollout, no penalty
adaptive noise: ON (full schedule at err >= 0.4 m, floor 0.05)
warm-up: 3 throwaway plans
[  1.03s] target 0 err=0.662 m | 21 plans, recent 50 ms/plan (20.4 Hz)
[  2.08s] target 0 err=0.632 m | 42 plans, recent 49 ms/plan (20.2 Hz)
[  3.12s] target 0 err=0.672 m | 63 plans, recent 49 ms/plan (20.2 Hz)
[  4.17s] target 0 err=0.313 m | 84 plans, recent 49 ms/plan (20.1 Hz)
[  5.17s] target 0 err=0.593 m | 104 plans, recent 49 ms/plan (20.1 Hz)
[  6.21s] target 0 err=0.748 m | 124 plans, recent 50 ms/plan (20.0 Hz)
[  7.22s] target 0 err=0.726 m | 144 plans, recent 50 ms/plan (19.9 Hz)
[  8.24s] target 0 err=0.513 m | 164 plans, recent 50 ms/plan (19.9 Hz)
[  9.25s] target 0 err=0.432 m | 184 plans, recent 50 ms/plan (19.9 Hz)
[ 10.27s] target 0 err=0.438 m | 204 plans, recent 50 ms/plan (19.9 Hz)
[ 11.28s] target 0 err=0.458 m | 224 plans, recent 50 ms/plan (19.9 Hz)
[ 12.29s] target 0 err=0.407 m | 244 plans, recent 49 ms/plan (19.8 Hz)
[ 13.31s] target 0 err=0.406 m | 264 plans, recent 50 ms/plan (19.8 Hz)
[ 14.32s] target 0 err=0.414 m | 284 plans, recent 49 ms/plan (19.8 Hz)
[ 15.32s] target 0 err=0.433 m | 304 plans, recent 49 ms/plan (19.8 Hz)
[ 16.36s] target 0 err=0.399 m | 324 plans, recent 51 ms/plan (19.8 Hz)
[ 17.37s] target 0 err=0.467 m | 344 plans, recent 50 ms/plan (19.8 Hz)
[ 18.38s] target 0 err=0.393 m | 364 plans, recent 49 ms/plan (19.8 Hz)
[ 19.39s] target 0 err=0.468 m | 384 plans, recent 49 ms/plan (19.8 Hz)
[ 20.39s] target 0 err=0.521 m | 404 plans, recent 49 ms/plan (19.8 Hz)
[ 21.40s] target 0 err=0.497 m | 424 plans, recent 49 ms/plan (19.8 Hz)
[ 22.41s] target 0 err=0.376 m | 444 plans, recent 50 ms/plan (19.8 Hz)
[ 23.43s] target 0 err=0.524 m | 464 plans, recent 50 ms/plan (19.8 Hz)
[ 24.44s] target 0 err=0.542 m | 484 plans, recent 50 ms/plan (19.8 Hz)
[ 25.47s] target 0 err=0.422 m | 504 plans, recent 50 ms/plan (19.8 Hz)
[ 26.49s] target 0 err=0.439 m | 524 plans, recent 50 ms/plan (19.8 Hz)
[ 27.49s] target 0 err=0.503 m | 544 plans, recent 49 ms/plan (19.8 Hz)
[ 28.51s] target 0 err=0.507 m | 564 plans, recent 50 ms/plan (19.8 Hz)
[ 29.52s] target 0 err=0.508 m | 584 plans, recent 50 ms/plan (19.8 Hz)
  reached_strict=False reached_5cm=False min_err=0.2849 violation=False safe_stall=True

=== [28/70] bk_mbd target=27 (0.464, 0.312, 0.231) ===
loaded=/home/home/mbd/koopman/mbd_koopman/out/franka/models/bk_seed0.pt
tube disabled (tube_mode none): plain bilinear rollout, no penalty
adaptive noise: ON (full schedule at err >= 0.4 m, floor 0.05)
warm-up: 3 throwaway plans
[  1.01s] target 0 err=0.542 m | 21 plans, recent 49 ms/plan (20.8 Hz)
[  2.01s] target 0 err=0.579 m | 41 plans, recent 49 ms/plan (20.4 Hz)
[  3.06s] target 0 err=0.040 m | 62 plans, recent 49 ms/plan (20.2 Hz)
[  4.11s] target 0 err=0.035 m | 83 plans, recent 49 ms/plan (20.2 Hz)
[  5.12s] target 0 err=0.028 m | 103 plans, recent 49 ms/plan (20.1 Hz)
[  6.12s] target 0 err=0.026 m | 123 plans, recent 49 ms/plan (20.1 Hz)
[  6.45s] target 0 strict reach (24.5 mm) in 6.45 s
  reached_strict=True reached_5cm=True min_err=0.0245 violation=False safe_stall=False

=== [29/70] bk_mbd target=28 (0.517, 0.326, 0.161) ===
loaded=/home/home/mbd/koopman/mbd_koopman/out/franka/models/bk_seed0.pt
tube disabled (tube_mode none): plain bilinear rollout, no penalty
adaptive noise: ON (full schedule at err >= 0.4 m, floor 0.05)
warm-up: 3 throwaway plans
[  1.05s] target 0 err=0.614 m | 22 plans, recent 49 ms/plan (21.0 Hz)
[  2.05s] target 0 err=0.646 m | 42 plans, recent 49 ms/plan (20.5 Hz)
[  3.07s] target 0 err=0.660 m | 62 plans, recent 50 ms/plan (20.2 Hz)
[  4.08s] target 0 err=0.706 m | 82 plans, recent 49 ms/plan (20.1 Hz)
[  5.08s] target 0 err=0.643 m | 102 plans, recent 49 ms/plan (20.1 Hz)
[  6.08s] target 0 err=0.690 m | 122 plans, recent 49 ms/plan (20.1 Hz)
[  7.08s] target 0 err=0.605 m | 142 plans, recent 49 ms/plan (20.1 Hz)
[  8.09s] target 0 err=0.647 m | 162 plans, recent 49 ms/plan (20.0 Hz)
[  9.09s] target 0 err=0.480 m | 182 plans, recent 49 ms/plan (20.0 Hz)
[ 10.14s] target 0 err=0.293 m | 203 plans, recent 49 ms/plan (20.0 Hz)
[ 11.19s] target 0 err=0.252 m | 224 plans, recent 49 ms/plan (20.0 Hz)
[ 12.24s] target 0 err=0.230 m | 245 plans, recent 49 ms/plan (20.0 Hz)
[ 13.24s] target 0 err=0.524 m | 265 plans, recent 49 ms/plan (20.0 Hz)
[ 14.25s] target 0 err=0.503 m | 285 plans, recent 49 ms/plan (20.0 Hz)
[ 15.25s] target 0 err=0.537 m | 305 plans, recent 49 ms/plan (20.0 Hz)
[ 16.25s] target 0 err=0.523 m | 325 plans, recent 49 ms/plan (20.0 Hz)
[ 17.29s] target 0 err=0.459 m | 345 plans, recent 51 ms/plan (20.0 Hz)
[ 18.30s] target 0 err=0.575 m | 365 plans, recent 50 ms/plan (19.9 Hz)
[ 19.31s] target 0 err=0.535 m | 385 plans, recent 49 ms/plan (19.9 Hz)
[ 20.35s] target 0 err=0.586 m | 406 plans, recent 49 ms/plan (20.0 Hz)
[ 21.38s] target 0 err=0.558 m | 427 plans, recent 48 ms/plan (20.0 Hz)
[ 22.41s] target 0 err=0.566 m | 448 plans, recent 48 ms/plan (20.0 Hz)
[ 23.44s] target 0 err=0.542 m | 469 plans, recent 48 ms/plan (20.0 Hz)
[ 24.47s] target 0 err=0.559 m | 490 plans, recent 48 ms/plan (20.0 Hz)
[ 25.50s] target 0 err=0.568 m | 511 plans, recent 48 ms/plan (20.0 Hz)
[ 26.53s] target 0 err=0.528 m | 532 plans, recent 48 ms/plan (20.1 Hz)
[ 27.56s] target 0 err=0.510 m | 553 plans, recent 48 ms/plan (20.1 Hz)
[ 28.60s] target 0 err=0.597 m | 574 plans, recent 48 ms/plan (20.1 Hz)
[ 29.64s] target 0 err=0.513 m | 595 plans, recent 48 ms/plan (20.1 Hz)
  reached_strict=False reached_5cm=False min_err=0.2244 violation=False safe_stall=True

=== [30/70] bk_mbd target=29 (0.527, 0.35, 0.233) ===
loaded=/home/home/mbd/koopman/mbd_koopman/out/franka/models/bk_seed0.pt
tube disabled (tube_mode none): plain bilinear rollout, no penalty
adaptive noise: ON (full schedule at err >= 0.4 m, floor 0.05)
warm-up: 3 throwaway plans
[  1.04s] target 0 err=0.603 m | 22 plans, recent 48 ms/plan (21.2 Hz)
[  2.08s] target 0 err=0.691 m | 43 plans, recent 48 ms/plan (20.7 Hz)
[  3.12s] target 0 err=0.264 m | 64 plans, recent 49 ms/plan (20.5 Hz)
[  4.00s] target 0 strict reach (22.9 mm) in 4.00 s
[  4.16s] target 0 err=0.020 m | 85 plans, recent 48 ms/plan (20.4 Hz)
  reached_strict=True reached_5cm=True min_err=0.0140 violation=False safe_stall=False

=== [31/70] bk_mbd target=30 (0.501, 0.291, 0.19) ===
loaded=/home/home/mbd/koopman/mbd_koopman/out/franka/models/bk_seed0.pt
tube disabled (tube_mode none): plain bilinear rollout, no penalty
adaptive noise: ON (full schedule at err >= 0.4 m, floor 0.05)
warm-up: 3 throwaway plans
[  1.00s] target 0 err=0.573 m | 21 plans, recent 49 ms/plan (20.9 Hz)
[  2.05s] target 0 err=0.686 m | 42 plans, recent 49 ms/plan (20.5 Hz)
[  3.10s] target 0 err=0.596 m | 63 plans, recent 49 ms/plan (20.3 Hz)
[  4.10s] target 0 err=0.591 m | 83 plans, recent 49 ms/plan (20.2 Hz)
[  5.10s] target 0 err=0.586 m | 103 plans, recent 49 ms/plan (20.2 Hz)
[  6.11s] target 0 err=0.497 m | 123 plans, recent 49 ms/plan (20.1 Hz)
[  7.11s] target 0 err=0.306 m | 143 plans, recent 49 ms/plan (20.1 Hz)
[  8.12s] target 0 err=0.338 m | 163 plans, recent 49 ms/plan (20.1 Hz)
[  9.12s] target 0 err=0.293 m | 183 plans, recent 49 ms/plan (20.1 Hz)
[ 10.12s] target 0 err=0.528 m | 203 plans, recent 49 ms/plan (20.1 Hz)
[ 11.13s] target 0 err=0.415 m | 223 plans, recent 49 ms/plan (20.0 Hz)
[ 12.13s] target 0 err=0.514 m | 243 plans, recent 49 ms/plan (20.0 Hz)
[ 13.13s] target 0 err=0.510 m | 263 plans, recent 49 ms/plan (20.0 Hz)
[ 14.14s] target 0 err=0.548 m | 283 plans, recent 49 ms/plan (20.0 Hz)
[ 15.14s] target 0 err=0.496 m | 303 plans, recent 49 ms/plan (20.0 Hz)
[ 16.15s] target 0 err=0.487 m | 323 plans, recent 49 ms/plan (20.0 Hz)
[ 17.15s] target 0 err=0.495 m | 343 plans, recent 49 ms/plan (20.0 Hz)
[ 18.16s] target 0 err=0.447 m | 363 plans, recent 49 ms/plan (20.0 Hz)
[ 19.20s] target 0 err=0.639 m | 384 plans, recent 48 ms/plan (20.0 Hz)
[ 20.24s] target 0 err=0.542 m | 405 plans, recent 49 ms/plan (20.0 Hz)
[ 21.28s] target 0 err=0.368 m | 426 plans, recent 48 ms/plan (20.0 Hz)
[ 22.32s] target 0 err=0.389 m | 447 plans, recent 48 ms/plan (20.0 Hz)
[ 23.35s] target 0 err=0.457 m | 467 plans, recent 50 ms/plan (20.0 Hz)
[ 24.39s] target 0 err=0.538 m | 488 plans, recent 48 ms/plan (20.0 Hz)
[ 25.42s] target 0 err=0.620 m | 509 plans, recent 48 ms/plan (20.0 Hz)
[ 26.46s] target 0 err=0.548 m | 530 plans, recent 48 ms/plan (20.0 Hz)
[ 27.50s] target 0 err=0.694 m | 551 plans, recent 48 ms/plan (20.0 Hz)
[ 28.54s] target 0 err=0.689 m | 572 plans, recent 48 ms/plan (20.0 Hz)
[ 29.59s] target 0 err=0.652 m | 593 plans, recent 49 ms/plan (20.0 Hz)
  reached_strict=False reached_5cm=False min_err=0.2346 violation=False safe_stall=True

=== [32/70] bk_mbd target=31 (0.527, 0.311, 0.172) ===
loaded=/home/home/mbd/koopman/mbd_koopman/out/franka/models/bk_seed0.pt
tube disabled (tube_mode none): plain bilinear rollout, no penalty
adaptive noise: ON (full schedule at err >= 0.4 m, floor 0.05)
warm-up: 3 throwaway plans
[  1.00s] target 0 err=0.603 m | 21 plans, recent 49 ms/plan (21.0 Hz)
[  2.04s] target 0 err=0.040 m | 42 plans, recent 49 ms/plan (20.5 Hz)
[  2.40s] target 0 strict reach (15.0 mm) in 2.40 s
  reached_strict=True reached_5cm=True min_err=0.0087 violation=False safe_stall=False

=== [33/70] bk_mbd target=32 (0.494, 0.35, 0.171) ===
loaded=/home/home/mbd/koopman/mbd_koopman/out/franka/models/bk_seed0.pt
tube disabled (tube_mode none): plain bilinear rollout, no penalty
adaptive noise: ON (full schedule at err >= 0.4 m, floor 0.05)
warm-up: 3 throwaway plans
[  1.01s] target 0 err=0.610 m | 21 plans, recent 50 ms/plan (20.7 Hz)
[  2.02s] target 0 err=0.672 m | 41 plans, recent 49 ms/plan (20.3 Hz)
[  3.02s] target 0 err=0.691 m | 61 plans, recent 49 ms/plan (20.2 Hz)
[  4.02s] target 0 err=0.534 m | 81 plans, recent 49 ms/plan (20.1 Hz)
[  5.02s] target 0 err=0.293 m | 101 plans, recent 49 ms/plan (20.1 Hz)
[  6.03s] target 0 err=0.524 m | 121 plans, recent 49 ms/plan (20.1 Hz)
[  7.07s] target 0 err=0.636 m | 142 plans, recent 49 ms/plan (20.1 Hz)
[  8.12s] target 0 err=0.660 m | 163 plans, recent 49 ms/plan (20.1 Hz)
[  9.13s] target 0 err=0.497 m | 183 plans, recent 49 ms/plan (20.0 Hz)
[ 10.17s] target 0 err=0.368 m | 204 plans, recent 48 ms/plan (20.1 Hz)
[ 11.18s] target 0 err=0.395 m | 224 plans, recent 49 ms/plan (20.0 Hz)
[ 12.19s] target 0 err=0.380 m | 244 plans, recent 50 ms/plan (20.0 Hz)
[ 13.21s] target 0 err=0.515 m | 264 plans, recent 50 ms/plan (20.0 Hz)
[ 14.26s] target 0 err=0.533 m | 285 plans, recent 49 ms/plan (20.0 Hz)
[ 15.26s] target 0 err=0.403 m | 305 plans, recent 49 ms/plan (20.0 Hz)
[ 16.27s] target 0 err=0.434 m | 325 plans, recent 49 ms/plan (20.0 Hz)
[ 17.31s] target 0 err=0.511 m | 346 plans, recent 49 ms/plan (20.0 Hz)
[ 18.31s] target 0 err=0.487 m | 366 plans, recent 49 ms/plan (20.0 Hz)
[ 19.36s] target 0 err=0.584 m | 387 plans, recent 49 ms/plan (20.0 Hz)
[ 20.40s] target 0 err=0.611 m | 408 plans, recent 49 ms/plan (20.0 Hz)
[ 21.45s] target 0 err=0.710 m | 429 plans, recent 49 ms/plan (20.0 Hz)
[ 22.45s] target 0 err=0.620 m | 449 plans, recent 49 ms/plan (20.0 Hz)
[ 23.50s] target 0 err=0.689 m | 470 plans, recent 49 ms/plan (20.0 Hz)
[ 24.54s] target 0 err=0.665 m | 491 plans, recent 48 ms/plan (20.0 Hz)
[ 25.58s] target 0 err=0.671 m | 512 plans, recent 49 ms/plan (20.0 Hz)
[ 26.58s] target 0 err=0.619 m | 532 plans, recent 49 ms/plan (20.0 Hz)
[ 27.62s] target 0 err=0.623 m | 553 plans, recent 48 ms/plan (20.0 Hz)
[ 28.66s] target 0 err=0.501 m | 574 plans, recent 48 ms/plan (20.0 Hz)
[ 29.69s] target 0 err=0.566 m | 595 plans, recent 48 ms/plan (20.0 Hz)
  reached_strict=False reached_5cm=False min_err=0.2799 violation=False safe_stall=True

=== [34/70] bk_mbd target=33 (0.497, 0.323, 0.165) ===
loaded=/home/home/mbd/koopman/mbd_koopman/out/franka/models/bk_seed0.pt
tube disabled (tube_mode none): plain bilinear rollout, no penalty
adaptive noise: ON (full schedule at err >= 0.4 m, floor 0.05)
warm-up: 3 throwaway plans
[  1.00s] target 0 err=0.574 m | 21 plans, recent 49 ms/plan (21.0 Hz)
[  2.01s] target 0 err=0.195 m | 41 plans, recent 49 ms/plan (20.4 Hz)
[  3.05s] target 0 err=0.076 m | 62 plans, recent 49 ms/plan (20.3 Hz)
[  4.06s] target 0 err=0.066 m | 82 plans, recent 49 ms/plan (20.2 Hz)
[  5.06s] target 0 err=0.046 m | 102 plans, recent 49 ms/plan (20.1 Hz)
[  5.45s] target 0 strict reach (24.9 mm) in 5.45 s
  reached_strict=True reached_5cm=True min_err=0.0249 violation=False safe_stall=False

=== [35/70] bk_mbd target=34 (0.533, 0.304, 0.182) ===
loaded=/home/home/mbd/koopman/mbd_koopman/out/franka/models/bk_seed0.pt
tube disabled (tube_mode none): plain bilinear rollout, no penalty
adaptive noise: ON (full schedule at err >= 0.4 m, floor 0.05)
warm-up: 3 throwaway plans
[  1.04s] target 0 err=0.653 m | 22 plans, recent 48 ms/plan (21.1 Hz)
[  2.05s] target 0 err=0.610 m | 42 plans, recent 49 ms/plan (20.5 Hz)
[  3.05s] target 0 err=0.153 m | 62 plans, recent 49 ms/plan (20.3 Hz)
[  4.06s] target 0 err=0.028 m | 82 plans, recent 49 ms/plan (20.2 Hz)
[  5.06s] target 0 err=0.029 m | 102 plans, recent 49 ms/plan (20.2 Hz)
[  5.25s] target 0 strict reach (24.6 mm) in 5.25 s
  reached_strict=True reached_5cm=True min_err=0.0242 violation=False safe_stall=False

=== [36/70] sqp_mpc target=0 (0.38, 0.359, 0.174) ===
loaded=/home/home/mbd/koopman/mbd_koopman/out/franka/models/bk_seed0.pt
SQP-MPC: 3 SQP re-freezes, act_dist 999.0, whole_arm=True, 1 box(es), 62 keep-out rows/step (compiled once, DPP)
/home/home/mbd/koopman/mbd_koopman/secy/sqp_mpc.py:286: UserWarning: Solution may be inaccurate. Try another solver, adjusting the solver settings, or solve with verbose=True for more information.
  self.prob.solve(**self._solve_kw)
warm-up: 3 throwaway plans
[  1.03s] target 0 err=0.650 m | 6 plans, recent 216 ms/plan (5.9 Hz)
[  2.15s] target 0 err=0.675 m | 12 plans, recent 192 ms/plan (5.6 Hz)
[  3.31s] target 0 err=0.653 m | 19 plans, recent 183 ms/plan (5.7 Hz)
[  4.41s] target 0 err=0.648 m | 26 plans, recent 161 ms/plan (5.9 Hz)
[  5.48s] target 0 err=0.625 m | 32 plans, recent 167 ms/plan (5.8 Hz)
[  6.61s] target 0 err=0.584 m | 39 plans, recent 162 ms/plan (5.9 Hz)
[  7.69s] target 0 err=0.559 m | 45 plans, recent 167 ms/plan (5.9 Hz)
[  8.75s] target 0 err=0.529 m | 51 plans, recent 169 ms/plan (5.8 Hz)
[  9.84s] target 0 err=0.520 m | 57 plans, recent 181 ms/plan (5.8 Hz)
[ 10.86s] target 0 err=0.517 m | 62 plans, recent 185 ms/plan (5.7 Hz)
[ 11.94s] target 0 err=0.513 m | 69 plans, recent 175 ms/plan (5.8 Hz)
[ 13.07s] target 0 err=0.511 m | 74 plans, recent 190 ms/plan (5.7 Hz)
[ 14.09s] target 0 err=0.513 m | 79 plans, recent 186 ms/plan (5.6 Hz)
[ 15.13s] target 0 err=0.519 m | 86 plans, recent 181 ms/plan (5.7 Hz)
[ 16.19s] target 0 err=0.525 m | 93 plans, recent 163 ms/plan (5.7 Hz)
[ 17.29s] target 0 err=0.529 m | 99 plans, recent 161 ms/plan (5.7 Hz)
[ 18.45s] target 0 err=0.535 m | 106 plans, recent 166 ms/plan (5.7 Hz)
[ 19.55s] target 0 err=0.539 m | 113 plans, recent 168 ms/plan (5.8 Hz)
[ 20.67s] target 0 err=0.542 m | 120 plans, recent 159 ms/plan (5.8 Hz)
[ 21.80s] target 0 err=0.542 m | 128 plans, recent 154 ms/plan (5.9 Hz)
[ 22.80s] target 0 err=0.541 m | 135 plans, recent 143 ms/plan (5.9 Hz)
[ 23.80s] target 0 err=0.538 m | 142 plans, recent 142 ms/plan (6.0 Hz)
[ 24.90s] target 0 err=0.535 m | 148 plans, recent 154 ms/plan (5.9 Hz)
[ 26.04s] target 0 err=0.532 m | 155 plans, recent 164 ms/plan (6.0 Hz)
[ 27.06s] target 0 err=0.528 m | 162 plans, recent 162 ms/plan (6.0 Hz)
[ 28.10s] target 0 err=0.525 m | 169 plans, recent 152 ms/plan (6.0 Hz)
[ 29.13s] target 0 err=0.525 m | 175 plans, recent 155 ms/plan (6.0 Hz)
[ 30.23s] target 0 err=0.528 m | 182 plans, recent 155 ms/plan (6.0 Hz)
[ 31.34s] target 0 err=0.534 m | 188 plans, recent 171 ms/plan (6.0 Hz)
[ 32.38s] target 0 err=0.544 m | 193 plans, recent 183 ms/plan (6.0 Hz)
[ 33.54s] target 0 err=0.548 m | 199 plans, recent 193 ms/plan (5.9 Hz)
[ 34.63s] target 0 err=0.531 m | 204 plans, recent 208 ms/plan (5.9 Hz)
[ 35.65s] target 0 err=0.627 m | 210 plans, recent 191 ms/plan (5.9 Hz)
[ 36.68s] target 0 err=0.774 m | 218 plans, recent 166 ms/plan (5.9 Hz)
[ 37.75s] target 0 err=0.764 m | 223 plans, recent 165 ms/plan (5.9 Hz)
[ 38.86s] target 0 err=0.654 m | 228 plans, recent 181 ms/plan (5.9 Hz)
[ 39.87s] target 0 err=0.580 m | 232 plans, recent 204 ms/plan (5.8 Hz)
[ 40.94s] target 0 err=0.524 m | 236 plans, recent 227 ms/plan (5.8 Hz)
[ 42.00s] target 0 err=0.469 m | 241 plans, recent 235 ms/plan (5.7 Hz)
[ 43.09s] target 0 err=0.454 m | 246 plans, recent 237 ms/plan (5.7 Hz)
[ 44.20s] target 0 err=0.451 m | 251 plans, recent 223 ms/plan (5.7 Hz)
[ 45.27s] target 0 err=0.473 m | 257 plans, recent 200 ms/plan (5.7 Hz)
[ 46.40s] target 0 err=0.528 m | 264 plans, recent 184 ms/plan (5.7 Hz)
[ 47.62s] target 0 err=0.587 m | 270 plans, recent 182 ms/plan (5.7 Hz)
[ 48.68s] target 0 err=0.685 m | 276 plans, recent 176 ms/plan (5.7 Hz)
[ 49.78s] target 0 err=0.764 m | 282 plans, recent 183 ms/plan (5.7 Hz)
[ 50.97s] target 0 err=0.775 m | 288 plans, recent 188 ms/plan (5.7 Hz)
[ 51.98s] target 0 err=0.790 m | 294 plans, recent 177 ms/plan (5.7 Hz)
[ 53.08s] target 0 err=0.831 m | 301 plans, recent 172 ms/plan (5.7 Hz)
[ 54.28s] target 0 err=0.870 m | 309 plans, recent 159 ms/plan (5.7 Hz)
[ 55.31s] target 0 err=0.900 m | 315 plans, recent 155 ms/plan (5.7 Hz)
[ 56.47s] target 0 err=0.902 m | 323 plans, recent 161 ms/plan (5.7 Hz)
[ 57.60s] target 0 err=0.838 m | 328 plans, recent 175 ms/plan (5.7 Hz)
[ 58.74s] target 0 err=0.766 m | 334 plans, recent 184 ms/plan (5.7 Hz)
[ 59.88s] target 0 err=0.639 m | 339 plans, recent 210 ms/plan (5.7 Hz)
[ 61.08s] target 0 err=0.512 m | 344 plans, recent 216 ms/plan (5.6 Hz)
[ 62.21s] target 0 err=0.543 m | 349 plans, recent 217 ms/plan (5.6 Hz)
[ 63.22s] target 0 err=0.575 m | 354 plans, recent 217 ms/plan (5.6 Hz)
[ 64.22s] target 0 err=0.546 m | 361 plans, recent 192 ms/plan (5.6 Hz)
[ 65.30s] target 0 err=0.501 m | 367 plans, recent 176 ms/plan (5.6 Hz)
[ 66.46s] target 0 err=0.492 m | 373 plans, recent 172 ms/plan (5.6 Hz)
[ 67.52s] target 0 err=0.504 m | 379 plans, recent 178 ms/plan (5.6 Hz)
[ 68.56s] target 0 err=0.510 m | 385 plans, recent 185 ms/plan (5.6 Hz)
[ 69.78s] target 0 err=0.521 m | 390 plans, recent 192 ms/plan (5.6 Hz)
[ 71.03s] target 0 err=0.540 m | 395 plans, recent 209 ms/plan (5.6 Hz)
[ 72.04s] target 0 err=0.569 m | 399 plans, recent 230 ms/plan (5.5 Hz)
[ 73.10s] target 0 err=0.638 m | 404 plans, recent 238 ms/plan (5.5 Hz)
[ 74.24s] target 0 err=0.697 m | 410 plans, recent 222 ms/plan (5.5 Hz)
[ 75.27s] target 0 err=0.658 m | 415 plans, recent 211 ms/plan (5.5 Hz)
[ 76.42s] target 0 err=0.490 m | 421 plans, recent 198 ms/plan (5.5 Hz)
[ 77.58s] target 0 err=0.392 m | 426 plans, recent 208 ms/plan (5.5 Hz)
[ 78.71s] target 0 err=0.417 m | 433 plans, recent 190 ms/plan (5.5 Hz)
[ 79.80s] target 0 err=0.410 m | 438 plans, recent 204 ms/plan (5.5 Hz)
[ 80.83s] target 0 err=0.395 m | 442 plans, recent 200 ms/plan (5.5 Hz)
[ 81.89s] target 0 err=0.397 m | 448 plans, recent 199 ms/plan (5.5 Hz)
[ 83.12s] target 0 err=0.387 m | 454 plans, recent 215 ms/plan (5.5 Hz)
[ 84.37s] target 0 err=0.360 m | 459 plans, recent 210 ms/plan (5.4 Hz)
[ 85.51s] target 0 err=0.352 m | 464 plans, recent 223 ms/plan (5.4 Hz)
[ 86.62s] target 0 err=0.349 m | 469 plans, recent 225 ms/plan (5.4 Hz)
[ 87.76s] target 0 err=0.352 m | 474 plans, recent 229 ms/plan (5.4 Hz)
[ 88.87s] target 0 err=0.352 m | 480 plans, recent 209 ms/plan (5.4 Hz)
[ 89.87s] target 0 err=0.350 m | 485 plans, recent 204 ms/plan (5.4 Hz)
[ 90.90s] target 0 err=0.351 m | 491 plans, recent 184 ms/plan (5.4 Hz)
[ 91.97s] target 0 err=0.351 m | 497 plans, recent 181 ms/plan (5.4 Hz)
[ 93.07s] target 0 err=0.351 m | 503 plans, recent 185 ms/plan (5.4 Hz)
[ 94.22s] target 0 err=0.352 m | 510 plans, recent 179 ms/plan (5.4 Hz)
[ 95.31s] target 0 err=0.351 m | 516 plans, recent 176 ms/plan (5.4 Hz)
[ 96.36s] target 0 err=0.356 m | 522 plans, recent 170 ms/plan (5.4 Hz)
[ 97.44s] target 0 err=0.361 m | 528 plans, recent 178 ms/plan (5.4 Hz)
[ 98.58s] target 0 err=0.360 m | 535 plans, recent 169 ms/plan (5.4 Hz)
[ 99.59s] target 0 err=0.359 m | 541 plans, recent 168 ms/plan (5.4 Hz)
[100.65s] target 0 err=0.358 m | 547 plans, recent 166 ms/plan (5.4 Hz)
[101.86s] target 0 err=0.360 m | 554 plans, recent 176 ms/plan (5.4 Hz)
[102.98s] target 0 err=0.364 m | 559 plans, recent 185 ms/plan (5.4 Hz)
[104.18s] target 0 err=0.382 m | 565 plans, recent 198 ms/plan (5.4 Hz)
[105.31s] target 0 err=0.382 m | 570 plans, recent 211 ms/plan (5.4 Hz)
[106.55s] target 0 err=0.382 m | 576 plans, recent 207 ms/plan (5.4 Hz)
[107.58s] target 0 err=0.379 m | 581 plans, recent 209 ms/plan (5.4 Hz)
[108.72s] target 0 err=0.383 m | 586 plans, recent 212 ms/plan (5.4 Hz)
[109.75s] target 0 err=0.386 m | 591 plans, recent 213 ms/plan (5.4 Hz)
[110.98s] target 0 err=0.384 m | 597 plans, recent 215 ms/plan (5.4 Hz)
  reached_strict=False reached_5cm=False min_err=0.3494 violation=False safe_stall=True

=== [37/70] sqp_mpc target=1 (0.547, 0.284, 0.179) ===
loaded=/home/home/mbd/koopman/mbd_koopman/out/franka/models/bk_seed0.pt
SQP-MPC: 3 SQP re-freezes, act_dist 999.0, whole_arm=True, 1 box(es), 62 keep-out rows/step (compiled once, DPP)
warm-up: 3 throwaway plans
[  1.21s] target 0 err=0.515 m | 7 plans, recent 207 ms/plan (5.8 Hz)
[  2.26s] target 0 err=0.522 m | 12 plans, recent 209 ms/plan (5.3 Hz)
[  3.28s] target 0 err=0.568 m | 16 plans, recent 214 ms/plan (4.9 Hz)
[  4.30s] target 0 err=0.507 m | 22 plans, recent 207 ms/plan (5.1 Hz)
[  5.35s] target 0 err=0.491 m | 27 plans, recent 201 ms/plan (5.0 Hz)
[  6.61s] target 0 err=0.491 m | 34 plans, recent 193 ms/plan (5.1 Hz)
[  7.88s] target 0 err=0.518 m | 39 plans, recent 204 ms/plan (4.9 Hz)
[  8.91s] target 0 err=0.498 m | 43 plans, recent 219 ms/plan (4.8 Hz)
[ 10.15s] target 0 err=0.511 m | 48 plans, recent 234 ms/plan (4.7 Hz)
[ 11.20s] target 0 err=0.520 m | 53 plans, recent 240 ms/plan (4.7 Hz)
[ 12.38s] target 0 err=0.531 m | 58 plans, recent 238 ms/plan (4.7 Hz)
[ 13.53s] target 0 err=0.605 m | 63 plans, recent 230 ms/plan (4.7 Hz)
[ 14.77s] target 0 err=0.643 m | 68 plans, recent 229 ms/plan (4.6 Hz)
[ 16.02s] target 0 err=0.710 m | 73 plans, recent 237 ms/plan (4.6 Hz)
[ 17.19s] target 0 err=0.709 m | 79 plans, recent 220 ms/plan (4.6 Hz)
[ 18.39s] target 0 err=0.746 m | 87 plans, recent 185 ms/plan (4.7 Hz)
[ 19.47s] target 0 err=0.757 m | 94 plans, recent 161 ms/plan (4.8 Hz)
[ 20.61s] target 0 err=0.682 m | 100 plans, recent 164 ms/plan (4.9 Hz)
[ 21.77s] target 0 err=0.644 m | 106 plans, recent 175 ms/plan (4.9 Hz)
[ 22.83s] target 0 err=0.538 m | 112 plans, recent 190 ms/plan (4.9 Hz)
[ 23.95s] target 0 err=0.467 m | 117 plans, recent 187 ms/plan (4.9 Hz)
[ 24.97s] target 0 err=0.468 m | 124 plans, recent 182 ms/plan (5.0 Hz)
[ 26.19s] target 0 err=0.447 m | 130 plans, recent 181 ms/plan (5.0 Hz)
[ 27.36s] target 0 err=0.491 m | 138 plans, recent 170 ms/plan (5.0 Hz)
[ 28.38s] target 0 err=0.470 m | 145 plans, recent 156 ms/plan (5.1 Hz)
[ 29.55s] target 0 err=0.420 m | 150 plans, recent 167 ms/plan (5.1 Hz)
[ 30.62s] target 0 err=0.404 m | 157 plans, recent 173 ms/plan (5.1 Hz)
[ 31.80s] target 0 err=0.405 m | 163 plans, recent 191 ms/plan (5.1 Hz)
[ 32.81s] target 0 err=0.452 m | 167 plans, recent 200 ms/plan (5.1 Hz)
[ 33.98s] target 0 err=0.465 m | 172 plans, recent 215 ms/plan (5.1 Hz)
[ 35.09s] target 0 err=0.430 m | 177 plans, recent 221 ms/plan (5.0 Hz)
[ 36.29s] target 0 err=0.426 m | 183 plans, recent 221 ms/plan (5.0 Hz)
[ 37.37s] target 0 err=0.423 m | 188 plans, recent 211 ms/plan (5.0 Hz)
[ 38.41s] target 0 err=0.423 m | 193 plans, recent 214 ms/plan (5.0 Hz)
[ 39.53s] target 0 err=0.426 m | 198 plans, recent 211 ms/plan (5.0 Hz)
[ 40.61s] target 0 err=0.428 m | 203 plans, recent 216 ms/plan (5.0 Hz)
[ 41.75s] target 0 err=0.428 m | 208 plans, recent 218 ms/plan (5.0 Hz)
[ 42.76s] target 0 err=0.430 m | 214 plans, recent 198 ms/plan (5.0 Hz)
[ 44.03s] target 0 err=0.432 m | 220 plans, recent 205 ms/plan (5.0 Hz)
[ 45.08s] target 0 err=0.433 m | 224 plans, recent 209 ms/plan (5.0 Hz)
[ 46.17s] target 0 err=0.434 m | 229 plans, recent 217 ms/plan (5.0 Hz)
[ 47.34s] target 0 err=0.437 m | 234 plans, recent 234 ms/plan (4.9 Hz)
[ 48.59s] target 0 err=0.438 m | 239 plans, recent 235 ms/plan (4.9 Hz)
[ 49.70s] target 0 err=0.438 m | 244 plans, recent 233 ms/plan (4.9 Hz)
[ 50.89s] target 0 err=0.437 m | 249 plans, recent 239 ms/plan (4.9 Hz)
[ 52.13s] target 0 err=0.438 m | 254 plans, recent 234 ms/plan (4.9 Hz)
[ 53.22s] target 0 err=0.438 m | 259 plans, recent 235 ms/plan (4.9 Hz)
[ 54.31s] target 0 err=0.438 m | 263 plans, recent 240 ms/plan (4.8 Hz)
[ 55.40s] target 0 err=0.438 m | 268 plans, recent 236 ms/plan (4.8 Hz)
[ 56.48s] target 0 err=0.439 m | 272 plans, recent 239 ms/plan (4.8 Hz)
[ 57.59s] target 0 err=0.439 m | 277 plans, recent 236 ms/plan (4.8 Hz)
[ 58.66s] target 0 err=0.440 m | 282 plans, recent 228 ms/plan (4.8 Hz)
[ 59.86s] target 0 err=0.439 m | 287 plans, recent 235 ms/plan (4.8 Hz)
[ 61.14s] target 0 err=0.439 m | 292 plans, recent 234 ms/plan (4.8 Hz)
[ 62.28s] target 0 err=0.438 m | 297 plans, recent 231 ms/plan (4.8 Hz)
[ 63.29s] target 0 err=0.438 m | 302 plans, recent 228 ms/plan (4.8 Hz)
[ 64.44s] target 0 err=0.438 m | 309 plans, recent 196 ms/plan (4.8 Hz)
[ 65.54s] target 0 err=0.438 m | 315 plans, recent 187 ms/plan (4.8 Hz)
[ 66.61s] target 0 err=0.438 m | 321 plans, recent 179 ms/plan (4.8 Hz)
[ 67.74s] target 0 err=0.439 m | 327 plans, recent 181 ms/plan (4.8 Hz)
[ 68.89s] target 0 err=0.439 m | 333 plans, recent 187 ms/plan (4.8 Hz)
[ 69.94s] target 0 err=0.439 m | 337 plans, recent 203 ms/plan (4.8 Hz)
[ 71.06s] target 0 err=0.439 m | 342 plans, recent 212 ms/plan (4.8 Hz)
[ 72.32s] target 0 err=0.439 m | 347 plans, recent 233 ms/plan (4.8 Hz)
[ 73.49s] target 0 err=0.439 m | 352 plans, recent 243 ms/plan (4.8 Hz)
[ 74.50s] target 0 err=0.439 m | 356 plans, recent 239 ms/plan (4.8 Hz)
[ 75.57s] target 0 err=0.439 m | 361 plans, recent 234 ms/plan (4.8 Hz)
[ 76.66s] target 0 err=0.438 m | 370 plans, recent 176 ms/plan (4.8 Hz)
[ 77.75s] target 0 err=0.439 m | 376 plans, recent 161 ms/plan (4.8 Hz)
[ 78.82s] target 0 err=0.439 m | 380 plans, recent 173 ms/plan (4.8 Hz)
[ 79.92s] target 0 err=0.439 m | 386 plans, recent 186 ms/plan (4.8 Hz)
[ 80.94s] target 0 err=0.439 m | 392 plans, recent 198 ms/plan (4.8 Hz)
[ 82.02s] target 0 err=0.439 m | 400 plans, recent 154 ms/plan (4.9 Hz)
[ 83.13s] target 0 err=0.440 m | 408 plans, recent 143 ms/plan (4.9 Hz)
[ 84.26s] target 0 err=0.440 m | 417 plans, recent 135 ms/plan (4.9 Hz)
[ 85.36s] target 0 err=0.440 m | 425 plans, recent 132 ms/plan (5.0 Hz)
[ 86.44s] target 0 err=0.440 m | 433 plans, recent 135 ms/plan (5.0 Hz)
[ 87.48s] target 0 err=0.440 m | 441 plans, recent 130 ms/plan (5.0 Hz)
[ 88.61s] target 0 err=0.440 m | 449 plans, recent 134 ms/plan (5.1 Hz)
[ 89.67s] target 0 err=0.440 m | 457 plans, recent 136 ms/plan (5.1 Hz)
[ 90.78s] target 0 err=0.440 m | 466 plans, recent 131 ms/plan (5.1 Hz)
[ 91.82s] target 0 err=0.439 m | 474 plans, recent 129 ms/plan (5.2 Hz)
[ 92.88s] target 0 err=0.439 m | 482 plans, recent 131 ms/plan (5.2 Hz)
[ 94.03s] target 0 err=0.440 m | 489 plans, recent 142 ms/plan (5.2 Hz)
[ 95.15s] target 0 err=0.440 m | 496 plans, recent 159 ms/plan (5.2 Hz)
[ 96.32s] target 0 err=0.440 m | 502 plans, recent 175 ms/plan (5.2 Hz)
[ 97.42s] target 0 err=0.440 m | 508 plans, recent 180 ms/plan (5.2 Hz)
[ 98.57s] target 0 err=0.440 m | 513 plans, recent 199 ms/plan (5.2 Hz)
[ 99.63s] target 0 err=0.440 m | 520 plans, recent 182 ms/plan (5.2 Hz)
[100.68s] target 0 err=0.440 m | 528 plans, recent 156 ms/plan (5.2 Hz)
[101.78s] target 0 err=0.440 m | 535 plans, recent 139 ms/plan (5.3 Hz)
[103.01s] target 0 err=0.439 m | 540 plans, recent 174 ms/plan (5.2 Hz)
[104.16s] target 0 err=0.439 m | 545 plans, recent 197 ms/plan (5.2 Hz)
[105.36s] target 0 err=0.439 m | 550 plans, recent 224 ms/plan (5.2 Hz)
[106.55s] target 0 err=0.440 m | 555 plans, recent 236 ms/plan (5.2 Hz)
[107.67s] target 0 err=0.439 m | 560 plans, recent 230 ms/plan (5.2 Hz)
[108.68s] target 0 err=0.439 m | 564 plans, recent 236 ms/plan (5.2 Hz)
[109.88s] target 0 err=0.439 m | 570 plans, recent 227 ms/plan (5.2 Hz)
[110.93s] target 0 err=0.439 m | 576 plans, recent 203 ms/plan (5.2 Hz)
[112.11s] target 0 err=0.439 m | 582 plans, recent 197 ms/plan (5.2 Hz)
[113.25s] target 0 err=0.439 m | 587 plans, recent 201 ms/plan (5.2 Hz)
[114.45s] target 0 err=0.439 m | 593 plans, recent 204 ms/plan (5.2 Hz)
[115.52s] target 0 err=0.439 m | 600 plans, recent 185 ms/plan (5.2 Hz)
  reached_strict=False reached_5cm=False min_err=0.4004 violation=False safe_stall=True

=== [38/70] sqp_mpc target=2 (0.518, 0.348, 0.199) ===
loaded=/home/home/mbd/koopman/mbd_koopman/out/franka/models/bk_seed0.pt
SQP-MPC: 3 SQP re-freezes, act_dist 999.0, whole_arm=True, 1 box(es), 62 keep-out rows/step (compiled once, DPP)
warm-up: 3 throwaway plans
[  1.25s] target 0 err=0.582 m | 7 plans, recent 217 ms/plan (5.6 Hz)
[  2.34s] target 0 err=0.562 m | 12 plans, recent 212 ms/plan (5.1 Hz)
[  3.46s] target 0 err=0.617 m | 17 plans, recent 216 ms/plan (4.9 Hz)
[  4.61s] target 0 err=0.563 m | 22 plans, recent 226 ms/plan (4.8 Hz)
[  5.80s] target 0 err=0.553 m | 28 plans, recent 219 ms/plan (4.8 Hz)
[  6.90s] target 0 err=0.557 m | 33 plans, recent 213 ms/plan (4.8 Hz)
[  8.00s] target 0 err=0.553 m | 38 plans, recent 211 ms/plan (4.7 Hz)
[  9.00s] target 0 err=0.568 m | 43 plans, recent 207 ms/plan (4.8 Hz)
[ 10.18s] target 0 err=0.559 m | 49 plans, recent 203 ms/plan (4.8 Hz)
[ 11.30s] target 0 err=0.546 m | 56 plans, recent 187 ms/plan (5.0 Hz)
[ 12.35s] target 0 err=0.551 m | 63 plans, recent 164 ms/plan (5.1 Hz)
[ 13.45s] target 0 err=0.555 m | 69 plans, recent 164 ms/plan (5.1 Hz)
[ 14.67s] target 0 err=0.565 m | 75 plans, recent 179 ms/plan (5.1 Hz)
[ 15.72s] target 0 err=0.579 m | 80 plans, recent 195 ms/plan (5.1 Hz)
[ 16.90s] target 0 err=0.598 m | 86 plans, recent 207 ms/plan (5.1 Hz)
[ 17.91s] target 0 err=0.614 m | 91 plans, recent 203 ms/plan (5.1 Hz)
[ 19.07s] target 0 err=0.647 m | 98 plans, recent 185 ms/plan (5.1 Hz)
[ 20.16s] target 0 err=0.693 m | 104 plans, recent 176 ms/plan (5.2 Hz)
[ 21.32s] target 0 err=0.752 m | 113 plans, recent 153 ms/plan (5.3 Hz)
[ 22.32s] target 0 err=0.779 m | 120 plans, recent 141 ms/plan (5.4 Hz)
[ 23.33s] target 0 err=0.777 m | 128 plans, recent 131 ms/plan (5.5 Hz)
[ 24.33s] target 0 err=0.754 m | 136 plans, recent 130 ms/plan (5.6 Hz)
[ 25.35s] target 0 err=0.743 m | 141 plans, recent 146 ms/plan (5.6 Hz)
[ 26.44s] target 0 err=0.733 m | 149 plans, recent 153 ms/plan (5.6 Hz)
[ 27.57s] target 0 err=0.714 m | 156 plans, recent 159 ms/plan (5.7 Hz)
[ 28.59s] target 0 err=0.690 m | 162 plans, recent 155 ms/plan (5.7 Hz)
[ 29.72s] target 0 err=0.657 m | 168 plans, recent 172 ms/plan (5.7 Hz)
[ 30.99s] target 0 err=0.618 m | 175 plans, recent 180 ms/plan (5.6 Hz)
[ 32.01s] target 0 err=0.596 m | 180 plans, recent 186 ms/plan (5.6 Hz)
[ 33.16s] target 0 err=0.584 m | 186 plans, recent 190 ms/plan (5.6 Hz)
[ 34.40s] target 0 err=0.583 m | 192 plans, recent 204 ms/plan (5.6 Hz)
[ 35.55s] target 0 err=0.583 m | 197 plans, recent 214 ms/plan (5.5 Hz)
[ 36.59s] target 0 err=0.582 m | 203 plans, recent 194 ms/plan (5.5 Hz)
[ 37.61s] target 0 err=0.583 m | 208 plans, recent 206 ms/plan (5.5 Hz)
[ 38.64s] target 0 err=0.586 m | 213 plans, recent 197 ms/plan (5.5 Hz)
[ 39.90s] target 0 err=0.590 m | 219 plans, recent 195 ms/plan (5.5 Hz)
[ 40.91s] target 0 err=0.593 m | 224 plans, recent 199 ms/plan (5.5 Hz)
[ 42.04s] target 0 err=0.595 m | 230 plans, recent 198 ms/plan (5.5 Hz)
[ 43.25s] target 0 err=0.599 m | 235 plans, recent 209 ms/plan (5.4 Hz)
[ 44.42s] target 0 err=0.605 m | 241 plans, recent 206 ms/plan (5.4 Hz)
[ 45.42s] target 0 err=0.608 m | 246 plans, recent 202 ms/plan (5.4 Hz)
[ 46.45s] target 0 err=0.609 m | 252 plans, recent 191 ms/plan (5.4 Hz)
[ 47.56s] target 0 err=0.614 m | 258 plans, recent 181 ms/plan (5.4 Hz)
[ 48.65s] target 0 err=0.618 m | 264 plans, recent 177 ms/plan (5.4 Hz)
[ 49.73s] target 0 err=0.623 m | 271 plans, recent 172 ms/plan (5.4 Hz)
[ 50.85s] target 0 err=0.629 m | 278 plans, recent 161 ms/plan (5.5 Hz)
[ 51.97s] target 0 err=0.636 m | 285 plans, recent 159 ms/plan (5.5 Hz)
[ 53.10s] target 0 err=0.642 m | 291 plans, recent 170 ms/plan (5.5 Hz)
[ 54.36s] target 0 err=0.648 m | 297 plans, recent 183 ms/plan (5.5 Hz)
[ 55.43s] target 0 err=0.656 m | 302 plans, recent 195 ms/plan (5.4 Hz)
[ 56.50s] target 0 err=0.671 m | 307 plans, recent 210 ms/plan (5.4 Hz)
[ 57.67s] target 0 err=0.680 m | 313 plans, recent 208 ms/plan (5.4 Hz)
[ 58.73s] target 0 err=0.684 m | 318 plans, recent 208 ms/plan (5.4 Hz)
[ 59.85s] target 0 err=0.683 m | 324 plans, recent 197 ms/plan (5.4 Hz)
[ 60.86s] target 0 err=0.678 m | 329 plans, recent 193 ms/plan (5.4 Hz)
[ 61.92s] target 0 err=0.673 m | 335 plans, recent 189 ms/plan (5.4 Hz)
[ 63.03s] target 0 err=0.671 m | 341 plans, recent 187 ms/plan (5.4 Hz)
[ 64.06s] target 0 err=0.670 m | 346 plans, recent 191 ms/plan (5.4 Hz)
[ 65.21s] target 0 err=0.675 m | 352 plans, recent 193 ms/plan (5.4 Hz)
[ 66.35s] target 0 err=0.667 m | 357 plans, recent 201 ms/plan (5.4 Hz)
[ 67.46s] target 0 err=0.674 m | 364 plans, recent 193 ms/plan (5.4 Hz)
[ 68.61s] target 0 err=0.715 m | 369 plans, recent 197 ms/plan (5.4 Hz)
[ 69.71s] target 0 err=0.758 m | 373 plans, recent 214 ms/plan (5.4 Hz)
[ 70.88s] target 0 err=0.768 m | 378 plans, recent 216 ms/plan (5.3 Hz)
[ 71.94s] target 0 err=0.808 m | 386 plans, recent 198 ms/plan (5.4 Hz)
[ 72.94s] target 0 err=0.764 m | 394 plans, recent 141 ms/plan (5.4 Hz)
[ 74.00s] target 0 err=0.728 m | 400 plans, recent 145 ms/plan (5.4 Hz)
[ 75.03s] target 0 err=0.698 m | 406 plans, recent 158 ms/plan (5.4 Hz)
[ 76.14s] target 0 err=0.663 m | 413 plans, recent 164 ms/plan (5.4 Hz)
[ 77.26s] target 0 err=0.608 m | 421 plans, recent 154 ms/plan (5.4 Hz)
[ 78.38s] target 0 err=0.573 m | 427 plans, recent 158 ms/plan (5.4 Hz)
[ 79.49s] target 0 err=0.625 m | 433 plans, recent 170 ms/plan (5.4 Hz)
[ 80.55s] target 0 err=0.715 m | 438 plans, recent 194 ms/plan (5.4 Hz)
[ 81.64s] target 0 err=0.859 m | 447 plans, recent 157 ms/plan (5.5 Hz)
[ 82.66s] target 0 err=0.876 m | 457 plans, recent 108 ms/plan (5.5 Hz)
[ 83.77s] target 0 err=0.887 m | 470 plans, recent 85 ms/plan (5.6 Hz)
[ 84.86s] target 0 err=0.911 m | 482 plans, recent 91 ms/plan (5.7 Hz)
[ 85.88s] target 0 err=0.941 m | 494 plans, recent 87 ms/plan (5.8 Hz)
[ 86.96s] target 0 err=0.951 m | 507 plans, recent 82 ms/plan (5.8 Hz)
[ 88.04s] target 0 err=0.939 m | 520 plans, recent 82 ms/plan (5.9 Hz)
[ 89.09s] target 0 err=0.914 m | 532 plans, recent 87 ms/plan (6.0 Hz)
[ 90.26s] target 0 err=0.859 m | 543 plans, recent 101 ms/plan (6.0 Hz)
[ 91.29s] target 0 err=0.674 m | 548 plans, recent 134 ms/plan (6.0 Hz)
[ 92.55s] target 0 err=0.587 m | 553 plans, recent 168 ms/plan (6.0 Hz)
[ 93.60s] target 0 err=0.615 m | 558 plans, recent 195 ms/plan (6.0 Hz)
[ 94.61s] target 0 err=0.600 m | 565 plans, recent 202 ms/plan (6.0 Hz)
[ 95.72s] target 0 err=0.566 m | 569 plans, recent 211 ms/plan (5.9 Hz)
[ 96.83s] target 0 err=0.531 m | 573 plans, recent 219 ms/plan (5.9 Hz)
[ 97.84s] target 0 err=0.508 m | 577 plans, recent 219 ms/plan (5.9 Hz)
[ 98.86s] target 0 err=0.473 m | 583 plans, recent 231 ms/plan (5.9 Hz)
[ 99.91s] target 0 err=0.440 m | 588 plans, recent 221 ms/plan (5.9 Hz)
[100.95s] target 0 err=0.437 m | 592 plans, recent 219 ms/plan (5.9 Hz)
[102.11s] target 0 err=0.497 m | 597 plans, recent 217 ms/plan (5.8 Hz)
  reached_strict=False reached_5cm=False min_err=0.4331 violation=False safe_stall=True

=== [39/70] sqp_mpc target=3 (0.446, 0.324, 0.218) ===
loaded=/home/home/mbd/koopman/mbd_koopman/out/franka/models/bk_seed0.pt
SQP-MPC: 3 SQP re-freezes, act_dist 999.0, whole_arm=True, 1 box(es), 62 keep-out rows/step (compiled once, DPP)
warm-up: 3 throwaway plans
[  1.18s] target 0 err=0.595 m | 6 plans, recent 241 ms/plan (5.1 Hz)
[  2.25s] target 0 err=0.569 m | 11 plans, recent 228 ms/plan (4.9 Hz)
[  3.31s] target 0 err=0.592 m | 17 plans, recent 209 ms/plan (5.1 Hz)
[  4.42s] target 0 err=0.563 m | 22 plans, recent 206 ms/plan (5.0 Hz)
[  5.63s] target 0 err=0.560 m | 28 plans, recent 199 ms/plan (5.0 Hz)
[  6.67s] target 0 err=0.581 m | 33 plans, recent 206 ms/plan (4.9 Hz)
[  7.70s] target 0 err=0.578 m | 40 plans, recent 188 ms/plan (5.2 Hz)
[  8.86s] target 0 err=0.575 m | 45 plans, recent 187 ms/plan (5.1 Hz)
[ 10.02s] target 0 err=0.575 m | 51 plans, recent 190 ms/plan (5.1 Hz)
[ 11.20s] target 0 err=0.598 m | 56 plans, recent 203 ms/plan (5.0 Hz)
[ 12.32s] target 0 err=0.605 m | 61 plans, recent 218 ms/plan (5.0 Hz)
[ 13.51s] target 0 err=0.529 m | 66 plans, recent 229 ms/plan (4.9 Hz)
[ 14.59s] target 0 err=0.494 m | 70 plans, recent 239 ms/plan (4.8 Hz)
[ 15.77s] target 0 err=0.446 m | 76 plans, recent 230 ms/plan (4.8 Hz)
[ 16.88s] target 0 err=0.429 m | 81 plans, recent 227 ms/plan (4.8 Hz)
[ 18.08s] target 0 err=0.430 m | 87 plans, recent 214 ms/plan (4.8 Hz)
[ 19.26s] target 0 err=0.445 m | 93 plans, recent 199 ms/plan (4.8 Hz)
[ 20.27s] target 0 err=0.477 m | 98 plans, recent 200 ms/plan (4.8 Hz)
[ 21.30s] target 0 err=0.523 m | 103 plans, recent 196 ms/plan (4.8 Hz)
[ 22.38s] target 0 err=0.631 m | 115 plans, recent 131 ms/plan (5.1 Hz)
[ 23.50s] target 0 err=0.756 m | 125 plans, recent 100 ms/plan (5.3 Hz)
[ 24.58s] target 0 err=0.846 m | 136 plans, recent 107 ms/plan (5.5 Hz)
[ 25.69s] target 0 err=0.857 m | 146 plans, recent 104 ms/plan (5.7 Hz)
[ 26.74s] target 0 err=0.851 m | 156 plans, recent 105 ms/plan (5.8 Hz)
[ 27.78s] target 0 err=0.840 m | 167 plans, recent 98 ms/plan (6.0 Hz)
[ 28.88s] target 0 err=0.817 m | 177 plans, recent 104 ms/plan (6.1 Hz)
[ 30.01s] target 0 err=0.744 m | 186 plans, recent 119 ms/plan (6.2 Hz)
[ 31.15s] target 0 err=0.712 m | 191 plans, recent 153 ms/plan (6.1 Hz)
[ 32.23s] target 0 err=0.618 m | 196 plans, recent 176 ms/plan (6.1 Hz)
[ 33.24s] target 0 err=0.653 m | 201 plans, recent 200 ms/plan (6.0 Hz)
[ 34.33s] target 0 err=0.719 m | 207 plans, recent 203 ms/plan (6.0 Hz)
[ 35.38s] target 0 err=0.690 m | 212 plans, recent 197 ms/plan (6.0 Hz)
[ 36.44s] target 0 err=0.647 m | 217 plans, recent 202 ms/plan (6.0 Hz)
[ 37.69s] target 0 err=0.608 m | 222 plans, recent 209 ms/plan (5.9 Hz)
[ 38.86s] target 0 err=0.554 m | 227 plans, recent 229 ms/plan (5.8 Hz)
[ 39.93s] target 0 err=0.488 m | 232 plans, recent 234 ms/plan (5.8 Hz)
[ 41.05s] target 0 err=0.429 m | 237 plans, recent 225 ms/plan (5.8 Hz)
[ 42.09s] target 0 err=0.390 m | 242 plans, recent 214 ms/plan (5.7 Hz)
[ 43.22s] target 0 err=0.405 m | 249 plans, recent 197 ms/plan (5.8 Hz)
[ 44.22s] target 0 err=0.408 m | 254 plans, recent 188 ms/plan (5.7 Hz)
[ 45.30s] target 0 err=0.366 m | 259 plans, recent 194 ms/plan (5.7 Hz)
[ 46.42s] target 0 err=0.369 m | 264 plans, recent 197 ms/plan (5.7 Hz)
[ 47.53s] target 0 err=0.368 m | 271 plans, recent 201 ms/plan (5.7 Hz)
[ 48.61s] target 0 err=0.414 m | 276 plans, recent 202 ms/plan (5.7 Hz)
[ 49.63s] target 0 err=0.401 m | 280 plans, recent 200 ms/plan (5.6 Hz)
[ 50.65s] target 0 err=0.431 m | 285 plans, recent 211 ms/plan (5.6 Hz)
[ 51.66s] target 0 err=0.435 m | 289 plans, recent 227 ms/plan (5.6 Hz)
[ 52.85s] target 0 err=0.424 m | 294 plans, recent 235 ms/plan (5.6 Hz)
[ 53.95s] target 0 err=0.418 m | 299 plans, recent 225 ms/plan (5.5 Hz)
[ 55.01s] target 0 err=0.417 m | 304 plans, recent 229 ms/plan (5.5 Hz)
[ 56.16s] target 0 err=0.418 m | 309 plans, recent 225 ms/plan (5.5 Hz)
[ 57.29s] target 0 err=0.418 m | 314 plans, recent 223 ms/plan (5.5 Hz)
[ 58.44s] target 0 err=0.417 m | 319 plans, recent 225 ms/plan (5.5 Hz)
[ 59.47s] target 0 err=0.418 m | 324 plans, recent 219 ms/plan (5.4 Hz)
[ 60.59s] target 0 err=0.419 m | 330 plans, recent 210 ms/plan (5.4 Hz)
[ 61.71s] target 0 err=0.420 m | 335 plans, recent 206 ms/plan (5.4 Hz)
[ 62.86s] target 0 err=0.418 m | 341 plans, recent 204 ms/plan (5.4 Hz)
[ 63.91s] target 0 err=0.418 m | 345 plans, recent 213 ms/plan (5.4 Hz)
[ 65.08s] target 0 err=0.418 m | 350 plans, recent 227 ms/plan (5.4 Hz)
[ 66.10s] target 0 err=0.418 m | 355 plans, recent 219 ms/plan (5.4 Hz)
[ 67.27s] target 0 err=0.420 m | 360 plans, recent 232 ms/plan (5.4 Hz)
[ 68.33s] target 0 err=0.419 m | 364 plans, recent 229 ms/plan (5.3 Hz)
[ 69.45s] target 0 err=0.418 m | 369 plans, recent 231 ms/plan (5.3 Hz)
[ 70.58s] target 0 err=0.419 m | 374 plans, recent 237 ms/plan (5.3 Hz)
[ 71.65s] target 0 err=0.418 m | 378 plans, recent 245 ms/plan (5.3 Hz)
[ 72.81s] target 0 err=0.416 m | 383 plans, recent 233 ms/plan (5.3 Hz)
[ 73.95s] target 0 err=0.417 m | 388 plans, recent 238 ms/plan (5.2 Hz)
[ 74.97s] target 0 err=0.416 m | 392 plans, recent 240 ms/plan (5.2 Hz)
[ 76.02s] target 0 err=0.416 m | 397 plans, recent 229 ms/plan (5.2 Hz)
[ 77.16s] target 0 err=0.418 m | 402 plans, recent 228 ms/plan (5.2 Hz)
[ 78.18s] target 0 err=0.417 m | 406 plans, recent 236 ms/plan (5.2 Hz)
[ 79.27s] target 0 err=0.416 m | 411 plans, recent 228 ms/plan (5.2 Hz)
[ 80.52s] target 0 err=0.417 m | 416 plans, recent 236 ms/plan (5.2 Hz)
[ 81.72s] target 0 err=0.418 m | 421 plans, recent 240 ms/plan (5.2 Hz)
[ 82.91s] target 0 err=0.417 m | 426 plans, recent 232 ms/plan (5.1 Hz)
[ 84.02s] target 0 err=0.416 m | 432 plans, recent 222 ms/plan (5.1 Hz)
[ 85.11s] target 0 err=0.418 m | 438 plans, recent 201 ms/plan (5.1 Hz)
[ 86.18s] target 0 err=0.415 m | 443 plans, recent 194 ms/plan (5.1 Hz)
[ 87.33s] target 0 err=0.415 m | 448 plans, recent 199 ms/plan (5.1 Hz)
[ 88.36s] target 0 err=0.417 m | 453 plans, recent 206 ms/plan (5.1 Hz)
[ 89.44s] target 0 err=0.419 m | 459 plans, recent 207 ms/plan (5.1 Hz)
[ 90.51s] target 0 err=0.418 m | 464 plans, recent 199 ms/plan (5.1 Hz)
[ 91.57s] target 0 err=0.417 m | 469 plans, recent 204 ms/plan (5.1 Hz)
[ 92.58s] target 0 err=0.417 m | 474 plans, recent 203 ms/plan (5.1 Hz)
[ 93.76s] target 0 err=0.419 m | 480 plans, recent 209 ms/plan (5.1 Hz)
[ 94.89s] target 0 err=0.420 m | 485 plans, recent 215 ms/plan (5.1 Hz)
[ 95.98s] target 0 err=0.419 m | 490 plans, recent 211 ms/plan (5.1 Hz)
[ 97.11s] target 0 err=0.417 m | 495 plans, recent 212 ms/plan (5.1 Hz)
[ 98.25s] target 0 err=0.418 m | 501 plans, recent 213 ms/plan (5.1 Hz)
[ 99.35s] target 0 err=0.419 m | 506 plans, recent 211 ms/plan (5.1 Hz)
[100.50s] target 0 err=0.418 m | 511 plans, recent 212 ms/plan (5.1 Hz)
[101.54s] target 0 err=0.417 m | 516 plans, recent 216 ms/plan (5.1 Hz)
[102.74s] target 0 err=0.415 m | 522 plans, recent 210 ms/plan (5.1 Hz)
[103.79s] target 0 err=0.416 m | 527 plans, recent 210 ms/plan (5.1 Hz)
[104.90s] target 0 err=0.418 m | 532 plans, recent 205 ms/plan (5.1 Hz)
[106.02s] target 0 err=0.418 m | 538 plans, recent 202 ms/plan (5.1 Hz)
[107.22s] target 0 err=0.418 m | 544 plans, recent 204 ms/plan (5.1 Hz)
[108.37s] target 0 err=0.417 m | 549 plans, recent 197 ms/plan (5.1 Hz)
[109.53s] target 0 err=0.417 m | 555 plans, recent 198 ms/plan (5.1 Hz)
[110.73s] target 0 err=0.418 m | 561 plans, recent 205 ms/plan (5.1 Hz)
[111.80s] target 0 err=0.419 m | 566 plans, recent 202 ms/plan (5.1 Hz)
[112.85s] target 0 err=0.419 m | 571 plans, recent 208 ms/plan (5.1 Hz)
[114.06s] target 0 err=0.416 m | 577 plans, recent 204 ms/plan (5.1 Hz)
[115.10s] target 0 err=0.417 m | 582 plans, recent 205 ms/plan (5.1 Hz)
[116.12s] target 0 err=0.418 m | 587 plans, recent 204 ms/plan (5.1 Hz)
[117.26s] target 0 err=0.419 m | 592 plans, recent 211 ms/plan (5.0 Hz)
[118.30s] target 0 err=0.419 m | 597 plans, recent 211 ms/plan (5.0 Hz)
  reached_strict=False reached_5cm=False min_err=0.3652 violation=False safe_stall=True

=== [40/70] sqp_mpc target=4 (0.43, 0.315, 0.174) ===
loaded=/home/home/mbd/koopman/mbd_koopman/out/franka/models/bk_seed0.pt
SQP-MPC: 3 SQP re-freezes, act_dist 999.0, whole_arm=True, 1 box(es), 62 keep-out rows/step (compiled once, DPP)
warm-up: 3 throwaway plans
[  1.10s] target 0 err=0.565 m | 8 plans, recent 152 ms/plan (7.3 Hz)
[  2.15s] target 0 err=0.621 m | 15 plans, recent 149 ms/plan (7.0 Hz)
[  3.24s] target 0 err=0.562 m | 24 plans, recent 133 ms/plan (7.4 Hz)
[  4.28s] target 0 err=0.518 m | 33 plans, recent 118 ms/plan (7.7 Hz)
[  5.41s] target 0 err=0.485 m | 42 plans, recent 119 ms/plan (7.8 Hz)
[  6.44s] target 0 err=0.478 m | 50 plans, recent 125 ms/plan (7.8 Hz)
[  7.46s] target 0 err=0.467 m | 58 plans, recent 127 ms/plan (7.8 Hz)
[  8.54s] target 0 err=0.466 m | 66 plans, recent 136 ms/plan (7.7 Hz)
[  9.56s] target 0 err=0.471 m | 74 plans, recent 130 ms/plan (7.7 Hz)
[ 10.59s] target 0 err=0.479 m | 82 plans, recent 130 ms/plan (7.7 Hz)
[ 11.69s] target 0 err=0.485 m | 91 plans, recent 119 ms/plan (7.8 Hz)
[ 12.80s] target 0 err=0.491 m | 101 plans, recent 115 ms/plan (7.9 Hz)
[ 13.82s] target 0 err=0.494 m | 110 plans, recent 111 ms/plan (8.0 Hz)
[ 14.86s] target 0 err=0.495 m | 119 plans, recent 115 ms/plan (8.0 Hz)
[ 15.90s] target 0 err=0.495 m | 129 plans, recent 108 ms/plan (8.1 Hz)
[ 16.99s] target 0 err=0.496 m | 138 plans, recent 109 ms/plan (8.1 Hz)
[ 18.00s] target 0 err=0.495 m | 147 plans, recent 114 ms/plan (8.2 Hz)
[ 19.09s] target 0 err=0.492 m | 157 plans, recent 108 ms/plan (8.2 Hz)
[ 20.15s] target 0 err=0.487 m | 167 plans, recent 111 ms/plan (8.3 Hz)
[ 21.25s] target 0 err=0.480 m | 175 plans, recent 118 ms/plan (8.2 Hz)
[ 22.29s] target 0 err=0.474 m | 184 plans, recent 124 ms/plan (8.3 Hz)
[ 23.32s] target 0 err=0.469 m | 193 plans, recent 113 ms/plan (8.3 Hz)
[ 24.34s] target 0 err=0.463 m | 202 plans, recent 111 ms/plan (8.3 Hz)
[ 25.50s] target 0 err=0.457 m | 211 plans, recent 121 ms/plan (8.3 Hz)
[ 26.64s] target 0 err=0.456 m | 219 plans, recent 135 ms/plan (8.2 Hz)
[ 27.83s] target 0 err=0.456 m | 225 plans, recent 158 ms/plan (8.1 Hz)
[ 28.97s] target 0 err=0.454 m | 231 plans, recent 177 ms/plan (8.0 Hz)
[ 29.97s] target 0 err=0.454 m | 236 plans, recent 188 ms/plan (7.9 Hz)
[ 30.99s] target 0 err=0.454 m | 244 plans, recent 164 ms/plan (7.9 Hz)
[ 32.08s] target 0 err=0.457 m | 252 plans, recent 141 ms/plan (7.9 Hz)
[ 33.20s] target 0 err=0.457 m | 260 plans, recent 135 ms/plan (7.8 Hz)
[ 34.31s] target 0 err=0.461 m | 269 plans, recent 130 ms/plan (7.8 Hz)
[ 35.42s] target 0 err=0.470 m | 277 plans, recent 132 ms/plan (7.8 Hz)
[ 36.43s] target 0 err=0.472 m | 285 plans, recent 130 ms/plan (7.8 Hz)
[ 37.49s] target 0 err=0.465 m | 292 plans, recent 139 ms/plan (7.8 Hz)
[ 38.57s] target 0 err=0.469 m | 298 plans, recent 153 ms/plan (7.7 Hz)
[ 39.79s] target 0 err=0.517 m | 305 plans, recent 165 ms/plan (7.7 Hz)
[ 41.01s] target 0 err=0.584 m | 311 plans, recent 189 ms/plan (7.6 Hz)
[ 42.14s] target 0 err=0.686 m | 316 plans, recent 199 ms/plan (7.5 Hz)
[ 43.20s] target 0 err=0.665 m | 320 plans, recent 220 ms/plan (7.4 Hz)
[ 44.23s] target 0 err=0.582 m | 324 plans, recent 235 ms/plan (7.3 Hz)
[ 45.28s] target 0 err=0.504 m | 328 plans, recent 249 ms/plan (7.2 Hz)
[ 46.33s] target 0 err=0.457 m | 332 plans, recent 251 ms/plan (7.2 Hz)
[ 47.48s] target 0 err=0.439 m | 337 plans, recent 254 ms/plan (7.1 Hz)
[ 48.51s] target 0 err=0.437 m | 342 plans, recent 236 ms/plan (7.1 Hz)
[ 49.55s] target 0 err=0.465 m | 349 plans, recent 198 ms/plan (7.0 Hz)
[ 50.62s] target 0 err=0.500 m | 355 plans, recent 180 ms/plan (7.0 Hz)
[ 51.72s] target 0 err=0.547 m | 360 plans, recent 179 ms/plan (7.0 Hz)
[ 52.83s] target 0 err=0.619 m | 365 plans, recent 193 ms/plan (6.9 Hz)
[ 53.93s] target 0 err=0.696 m | 371 plans, recent 202 ms/plan (6.9 Hz)
[ 55.12s] target 0 err=0.768 m | 377 plans, recent 202 ms/plan (6.8 Hz)
[ 56.34s] target 0 err=0.855 m | 382 plans, recent 205 ms/plan (6.8 Hz)
[ 57.41s] target 0 err=0.910 m | 387 plans, recent 207 ms/plan (6.7 Hz)
[ 58.57s] target 0 err=0.959 m | 393 plans, recent 210 ms/plan (6.7 Hz)
[ 59.80s] target 0 err=1.015 m | 400 plans, recent 196 ms/plan (6.7 Hz)
[ 60.83s] target 0 err=1.027 m | 406 plans, recent 179 ms/plan (6.7 Hz)
[ 61.94s] target 0 err=1.031 m | 413 plans, recent 168 ms/plan (6.7 Hz)
[ 63.00s] target 0 err=1.023 m | 420 plans, recent 156 ms/plan (6.7 Hz)
[ 64.06s] target 0 err=0.995 m | 427 plans, recent 149 ms/plan (6.7 Hz)
[ 65.20s] target 0 err=0.965 m | 434 plans, recent 155 ms/plan (6.7 Hz)
[ 66.39s] target 0 err=0.914 m | 440 plans, recent 171 ms/plan (6.6 Hz)
[ 67.54s] target 0 err=0.736 m | 446 plans, recent 183 ms/plan (6.6 Hz)
[ 68.64s] target 0 err=0.532 m | 451 plans, recent 201 ms/plan (6.6 Hz)
[ 69.89s] target 0 err=0.600 m | 456 plans, recent 215 ms/plan (6.5 Hz)
[ 70.94s] target 0 err=0.585 m | 461 plans, recent 215 ms/plan (6.5 Hz)
[ 72.02s] target 0 err=0.544 m | 466 plans, recent 228 ms/plan (6.5 Hz)
[ 73.09s] target 0 err=0.559 m | 470 plans, recent 230 ms/plan (6.4 Hz)
[ 74.34s] target 0 err=0.523 m | 477 plans, recent 210 ms/plan (6.4 Hz)
[ 75.49s] target 0 err=0.486 m | 482 plans, recent 216 ms/plan (6.4 Hz)
[ 76.60s] target 0 err=0.526 m | 489 plans, recent 184 ms/plan (6.4 Hz)
[ 77.63s] target 0 err=0.536 m | 494 plans, recent 198 ms/plan (6.4 Hz)
[ 78.87s] target 0 err=0.551 m | 499 plans, recent 209 ms/plan (6.3 Hz)
[ 79.96s] target 0 err=0.582 m | 503 plans, recent 216 ms/plan (6.3 Hz)
[ 81.17s] target 0 err=0.657 m | 509 plans, recent 228 ms/plan (6.3 Hz)
[ 82.36s] target 0 err=0.711 m | 515 plans, recent 221 ms/plan (6.3 Hz)
[ 83.55s] target 0 err=0.715 m | 520 plans, recent 212 ms/plan (6.2 Hz)
[ 84.69s] target 0 err=0.707 m | 525 plans, recent 216 ms/plan (6.2 Hz)
[ 85.70s] target 0 err=0.696 m | 529 plans, recent 230 ms/plan (6.2 Hz)
[ 86.76s] target 0 err=0.679 m | 535 plans, recent 213 ms/plan (6.2 Hz)
[ 87.76s] target 0 err=0.659 m | 541 plans, recent 196 ms/plan (6.2 Hz)
[ 88.85s] target 0 err=0.636 m | 548 plans, recent 165 ms/plan (6.2 Hz)
[ 89.93s] target 0 err=0.613 m | 556 plans, recent 145 ms/plan (6.2 Hz)
[ 90.94s] target 0 err=0.594 m | 562 plans, recent 150 ms/plan (6.2 Hz)
[ 92.00s] target 0 err=0.569 m | 569 plans, recent 152 ms/plan (6.2 Hz)
[ 93.07s] target 0 err=0.547 m | 575 plans, recent 163 ms/plan (6.2 Hz)
[ 94.09s] target 0 err=0.526 m | 582 plans, recent 153 ms/plan (6.2 Hz)
[ 95.14s] target 0 err=0.508 m | 588 plans, recent 167 ms/plan (6.2 Hz)
[ 96.19s] target 0 err=0.498 m | 594 plans, recent 164 ms/plan (6.2 Hz)
[ 97.38s] target 0 err=0.486 m | 600 plans, recent 186 ms/plan (6.2 Hz)
  reached_strict=False reached_5cm=False min_err=0.4351 violation=False safe_stall=True

=== [41/70] sqp_mpc target=5 (0.419, 0.357, 0.213) ===
loaded=/home/home/mbd/koopman/mbd_koopman/out/franka/models/bk_seed0.pt
SQP-MPC: 3 SQP re-freezes, act_dist 999.0, whole_arm=True, 1 box(es), 62 keep-out rows/step (compiled once, DPP)
warm-up: 3 throwaway plans
[  1.14s] target 0 err=0.650 m | 6 plans, recent 230 ms/plan (5.3 Hz)
[  2.34s] target 0 err=0.581 m | 11 plans, recent 235 ms/plan (4.7 Hz)
[  3.35s] target 0 err=0.638 m | 15 plans, recent 241 ms/plan (4.5 Hz)
[  4.44s] target 0 err=0.605 m | 21 plans, recent 217 ms/plan (4.7 Hz)
[  5.55s] target 0 err=0.591 m | 29 plans, recent 178 ms/plan (5.2 Hz)
[  6.66s] target 0 err=0.556 m | 36 plans, recent 149 ms/plan (5.4 Hz)
[  7.68s] target 0 err=0.537 m | 44 plans, recent 140 ms/plan (5.7 Hz)
[  8.76s] target 0 err=0.559 m | 53 plans, recent 125 ms/plan (6.1 Hz)
[  9.90s] target 0 err=0.587 m | 62 plans, recent 128 ms/plan (6.3 Hz)
[ 10.98s] target 0 err=0.569 m | 69 plans, recent 137 ms/plan (6.3 Hz)
[ 12.07s] target 0 err=0.576 m | 75 plans, recent 160 ms/plan (6.2 Hz)
[ 13.10s] target 0 err=0.598 m | 81 plans, recent 169 ms/plan (6.2 Hz)
[ 14.34s] target 0 err=0.649 m | 86 plans, recent 194 ms/plan (6.0 Hz)
[ 15.41s] target 0 err=0.668 m | 91 plans, recent 201 ms/plan (5.9 Hz)
[ 16.49s] target 0 err=0.609 m | 96 plans, recent 207 ms/plan (5.8 Hz)
[ 17.64s] target 0 err=0.509 m | 101 plans, recent 227 ms/plan (5.7 Hz)
[ 18.85s] target 0 err=0.458 m | 106 plans, recent 224 ms/plan (5.6 Hz)
[ 19.86s] target 0 err=0.455 m | 110 plans, recent 233 ms/plan (5.5 Hz)
[ 20.99s] target 0 err=0.474 m | 115 plans, recent 238 ms/plan (5.5 Hz)
[ 22.06s] target 0 err=0.484 m | 119 plans, recent 245 ms/plan (5.4 Hz)
[ 23.21s] target 0 err=0.476 m | 124 plans, recent 242 ms/plan (5.3 Hz)
[ 24.31s] target 0 err=0.496 m | 129 plans, recent 235 ms/plan (5.3 Hz)
[ 25.50s] target 0 err=0.574 m | 134 plans, recent 232 ms/plan (5.3 Hz)
[ 26.50s] target 0 err=0.646 m | 139 plans, recent 218 ms/plan (5.2 Hz)
[ 27.69s] target 0 err=0.657 m | 145 plans, recent 211 ms/plan (5.2 Hz)
[ 28.85s] target 0 err=0.661 m | 151 plans, recent 198 ms/plan (5.2 Hz)
[ 29.86s] target 0 err=0.608 m | 158 plans, recent 171 ms/plan (5.3 Hz)
[ 31.07s] target 0 err=0.584 m | 164 plans, recent 174 ms/plan (5.3 Hz)
[ 32.10s] target 0 err=0.620 m | 170 plans, recent 168 ms/plan (5.3 Hz)
[ 33.17s] target 0 err=0.661 m | 176 plans, recent 187 ms/plan (5.3 Hz)
[ 34.34s] target 0 err=0.631 m | 183 plans, recent 170 ms/plan (5.3 Hz)
[ 35.40s] target 0 err=0.610 m | 189 plans, recent 171 ms/plan (5.3 Hz)
[ 36.54s] target 0 err=0.567 m | 195 plans, recent 179 ms/plan (5.3 Hz)
[ 37.63s] target 0 err=0.510 m | 203 plans, recent 166 ms/plan (5.4 Hz)
[ 38.68s] target 0 err=0.464 m | 209 plans, recent 165 ms/plan (5.4 Hz)
[ 39.79s] target 0 err=0.423 m | 216 plans, recent 145 ms/plan (5.4 Hz)
[ 40.89s] target 0 err=0.375 m | 222 plans, recent 173 ms/plan (5.4 Hz)
[ 41.96s] target 0 err=0.364 m | 227 plans, recent 182 ms/plan (5.4 Hz)
[ 43.00s] target 0 err=0.403 m | 232 plans, recent 194 ms/plan (5.4 Hz)
[ 44.13s] target 0 err=0.400 m | 238 plans, recent 197 ms/plan (5.4 Hz)
[ 45.15s] target 0 err=0.429 m | 243 plans, recent 204 ms/plan (5.4 Hz)
[ 46.22s] target 0 err=0.400 m | 248 plans, recent 196 ms/plan (5.4 Hz)
[ 47.29s] target 0 err=0.416 m | 254 plans, recent 186 ms/plan (5.4 Hz)
[ 48.33s] target 0 err=0.435 m | 261 plans, recent 178 ms/plan (5.4 Hz)
[ 49.42s] target 0 err=0.364 m | 268 plans, recent 159 ms/plan (5.4 Hz)
[ 50.53s] target 0 err=0.359 m | 275 plans, recent 152 ms/plan (5.4 Hz)
[ 51.58s] target 0 err=0.364 m | 282 plans, recent 149 ms/plan (5.5 Hz)
[ 52.62s] target 0 err=0.357 m | 289 plans, recent 148 ms/plan (5.5 Hz)
[ 53.72s] target 0 err=0.357 m | 296 plans, recent 154 ms/plan (5.5 Hz)
[ 54.73s] target 0 err=0.364 m | 303 plans, recent 153 ms/plan (5.5 Hz)
[ 55.81s] target 0 err=0.360 m | 309 plans, recent 160 ms/plan (5.5 Hz)
[ 56.85s] target 0 err=0.361 m | 315 plans, recent 164 ms/plan (5.5 Hz)
[ 57.98s] target 0 err=0.364 m | 322 plans, recent 169 ms/plan (5.6 Hz)
[ 59.06s] target 0 err=0.366 m | 329 plans, recent 163 ms/plan (5.6 Hz)
[ 60.13s] target 0 err=0.357 m | 336 plans, recent 154 ms/plan (5.6 Hz)
[ 61.25s] target 0 err=0.388 m | 343 plans, recent 154 ms/plan (5.6 Hz)
[ 62.30s] target 0 err=0.418 m | 349 plans, recent 159 ms/plan (5.6 Hz)
[ 63.30s] target 0 err=0.427 m | 356 plans, recent 158 ms/plan (5.6 Hz)
[ 64.43s] target 0 err=0.418 m | 363 plans, recent 156 ms/plan (5.6 Hz)
[ 65.58s] target 0 err=0.414 m | 370 plans, recent 155 ms/plan (5.6 Hz)
[ 66.61s] target 0 err=0.405 m | 377 plans, recent 157 ms/plan (5.7 Hz)
[ 67.62s] target 0 err=0.402 m | 384 plans, recent 151 ms/plan (5.7 Hz)
[ 68.75s] target 0 err=0.396 m | 391 plans, recent 146 ms/plan (5.7 Hz)
[ 69.87s] target 0 err=0.392 m | 399 plans, recent 147 ms/plan (5.7 Hz)
[ 70.87s] target 0 err=0.393 m | 406 plans, recent 144 ms/plan (5.7 Hz)
[ 71.88s] target 0 err=0.397 m | 412 plans, recent 152 ms/plan (5.7 Hz)
[ 73.01s] target 0 err=0.405 m | 419 plans, recent 155 ms/plan (5.7 Hz)
[ 74.04s] target 0 err=0.415 m | 426 plans, recent 159 ms/plan (5.8 Hz)
[ 75.09s] target 0 err=0.423 m | 432 plans, recent 162 ms/plan (5.8 Hz)
[ 76.28s] target 0 err=0.424 m | 437 plans, recent 182 ms/plan (5.7 Hz)
[ 77.34s] target 0 err=0.422 m | 442 plans, recent 197 ms/plan (5.7 Hz)
[ 78.37s] target 0 err=0.414 m | 447 plans, recent 211 ms/plan (5.7 Hz)
[ 79.62s] target 0 err=0.410 m | 452 plans, recent 226 ms/plan (5.7 Hz)
[ 80.75s] target 0 err=0.404 m | 457 plans, recent 223 ms/plan (5.7 Hz)
[ 81.83s] target 0 err=0.400 m | 462 plans, recent 227 ms/plan (5.6 Hz)
[ 82.99s] target 0 err=0.398 m | 467 plans, recent 229 ms/plan (5.6 Hz)
[ 84.13s] target 0 err=0.397 m | 472 plans, recent 228 ms/plan (5.6 Hz)
[ 85.23s] target 0 err=0.397 m | 476 plans, recent 233 ms/plan (5.6 Hz)
[ 86.30s] target 0 err=0.402 m | 482 plans, recent 221 ms/plan (5.6 Hz)
[ 87.41s] target 0 err=0.407 m | 487 plans, recent 223 ms/plan (5.6 Hz)
[ 88.65s] target 0 err=0.417 m | 492 plans, recent 225 ms/plan (5.5 Hz)
[ 89.68s] target 0 err=0.422 m | 496 plans, recent 224 ms/plan (5.5 Hz)
[ 90.82s] target 0 err=0.420 m | 501 plans, recent 236 ms/plan (5.5 Hz)
[ 92.08s] target 0 err=0.407 m | 506 plans, recent 243 ms/plan (5.5 Hz)
[ 93.16s] target 0 err=0.403 m | 511 plans, recent 236 ms/plan (5.5 Hz)
[ 94.22s] target 0 err=0.396 m | 516 plans, recent 224 ms/plan (5.5 Hz)
[ 95.33s] target 0 err=0.391 m | 521 plans, recent 227 ms/plan (5.5 Hz)
[ 96.54s] target 0 err=0.394 m | 526 plans, recent 221 ms/plan (5.4 Hz)
[ 97.69s] target 0 err=0.399 m | 531 plans, recent 221 ms/plan (5.4 Hz)
[ 98.71s] target 0 err=0.405 m | 536 plans, recent 218 ms/plan (5.4 Hz)
[ 99.76s] target 0 err=0.409 m | 542 plans, recent 204 ms/plan (5.4 Hz)
[101.00s] target 0 err=0.418 m | 548 plans, recent 199 ms/plan (5.4 Hz)
[102.19s] target 0 err=0.421 m | 554 plans, recent 188 ms/plan (5.4 Hz)
[103.25s] target 0 err=0.424 m | 559 plans, recent 206 ms/plan (5.4 Hz)
[104.41s] target 0 err=0.426 m | 564 plans, recent 212 ms/plan (5.4 Hz)
[105.44s] target 0 err=0.426 m | 570 plans, recent 200 ms/plan (5.4 Hz)
[106.63s] target 0 err=0.426 m | 576 plans, recent 198 ms/plan (5.4 Hz)
[107.76s] target 0 err=0.424 m | 582 plans, recent 188 ms/plan (5.4 Hz)
[108.76s] target 0 err=0.422 m | 588 plans, recent 180 ms/plan (5.4 Hz)
[109.85s] target 0 err=0.421 m | 594 plans, recent 180 ms/plan (5.4 Hz)
[110.92s] target 0 err=0.414 m | 599 plans, recent 188 ms/plan (5.4 Hz)
  reached_strict=False reached_5cm=False min_err=0.3560 violation=False safe_stall=True

=== [42/70] sqp_mpc target=6 (0.484, 0.325, 0.168) ===
loaded=/home/home/mbd/koopman/mbd_koopman/out/franka/models/bk_seed0.pt
SQP-MPC: 3 SQP re-freezes, act_dist 999.0, whole_arm=True, 1 box(es), 62 keep-out rows/step (compiled once, DPP)
warm-up: 3 throwaway plans
[  1.02s] target 0 err=0.582 m | 6 plans, recent 204 ms/plan (5.9 Hz)
[  2.07s] target 0 err=0.623 m | 11 plans, recent 207 ms/plan (5.3 Hz)
[  3.07s] target 0 err=0.604 m | 15 plans, recent 215 ms/plan (4.9 Hz)
[  4.11s] target 0 err=0.554 m | 21 plans, recent 202 ms/plan (5.1 Hz)
[  5.15s] target 0 err=0.507 m | 27 plans, recent 192 ms/plan (5.2 Hz)
[  6.24s] target 0 err=0.512 m | 33 plans, recent 177 ms/plan (5.3 Hz)
[  7.36s] target 0 err=0.511 m | 40 plans, recent 170 ms/plan (5.4 Hz)
[  8.47s] target 0 err=0.509 m | 48 plans, recent 157 ms/plan (5.7 Hz)
[  9.60s] target 0 err=0.512 m | 55 plans, recent 154 ms/plan (5.7 Hz)
[ 10.68s] target 0 err=0.510 m | 60 plans, recent 162 ms/plan (5.6 Hz)
[ 11.72s] target 0 err=0.500 m | 66 plans, recent 180 ms/plan (5.6 Hz)
[ 12.76s] target 0 err=0.489 m | 71 plans, recent 191 ms/plan (5.6 Hz)
[ 13.79s] target 0 err=0.479 m | 78 plans, recent 173 ms/plan (5.7 Hz)
[ 14.82s] target 0 err=0.481 m | 84 plans, recent 166 ms/plan (5.7 Hz)
[ 15.92s] target 0 err=0.497 m | 90 plans, recent 170 ms/plan (5.7 Hz)
[ 17.06s] target 0 err=0.487 m | 95 plans, recent 186 ms/plan (5.6 Hz)
[ 18.19s] target 0 err=0.496 m | 102 plans, recent 185 ms/plan (5.6 Hz)
[ 19.41s] target 0 err=0.517 m | 108 plans, recent 195 ms/plan (5.6 Hz)
[ 20.54s] target 0 err=0.548 m | 114 plans, recent 181 ms/plan (5.6 Hz)
[ 21.59s] target 0 err=0.589 m | 120 plans, recent 186 ms/plan (5.6 Hz)
[ 22.61s] target 0 err=0.629 m | 126 plans, recent 180 ms/plan (5.6 Hz)
[ 23.62s] target 0 err=0.682 m | 132 plans, recent 173 ms/plan (5.6 Hz)
[ 24.73s] target 0 err=0.727 m | 138 plans, recent 177 ms/plan (5.6 Hz)
[ 25.83s] target 0 err=0.753 m | 146 plans, recent 159 ms/plan (5.7 Hz)
[ 26.85s] target 0 err=0.750 m | 151 plans, recent 173 ms/plan (5.6 Hz)
[ 28.00s] target 0 err=0.728 m | 156 plans, recent 179 ms/plan (5.6 Hz)
[ 29.06s] target 0 err=0.707 m | 161 plans, recent 201 ms/plan (5.5 Hz)
[ 30.29s] target 0 err=0.679 m | 166 plans, recent 225 ms/plan (5.5 Hz)
[ 31.48s] target 0 err=0.646 m | 171 plans, recent 229 ms/plan (5.4 Hz)
[ 32.51s] target 0 err=0.617 m | 176 plans, recent 224 ms/plan (5.4 Hz)
[ 33.51s] target 0 err=0.600 m | 181 plans, recent 218 ms/plan (5.4 Hz)
[ 34.57s] target 0 err=0.591 m | 187 plans, recent 198 ms/plan (5.4 Hz)
[ 35.64s] target 0 err=0.589 m | 193 plans, recent 184 ms/plan (5.4 Hz)
[ 36.82s] target 0 err=0.589 m | 199 plans, recent 186 ms/plan (5.4 Hz)
[ 37.95s] target 0 err=0.591 m | 205 plans, recent 185 ms/plan (5.4 Hz)
[ 39.05s] target 0 err=0.590 m | 210 plans, recent 200 ms/plan (5.4 Hz)
[ 40.21s] target 0 err=0.583 m | 215 plans, recent 211 ms/plan (5.3 Hz)
[ 41.42s] target 0 err=0.576 m | 221 plans, recent 210 ms/plan (5.3 Hz)
[ 42.63s] target 0 err=0.569 m | 226 plans, recent 227 ms/plan (5.3 Hz)
[ 43.86s] target 0 err=0.560 m | 231 plans, recent 226 ms/plan (5.3 Hz)
[ 44.88s] target 0 err=0.555 m | 235 plans, recent 232 ms/plan (5.2 Hz)
[ 46.04s] target 0 err=0.546 m | 240 plans, recent 243 ms/plan (5.2 Hz)
[ 47.15s] target 0 err=0.533 m | 245 plans, recent 238 ms/plan (5.2 Hz)
[ 48.23s] target 0 err=0.517 m | 250 plans, recent 230 ms/plan (5.2 Hz)
[ 49.26s] target 0 err=0.497 m | 254 plans, recent 232 ms/plan (5.2 Hz)
[ 50.35s] target 0 err=0.479 m | 258 plans, recent 242 ms/plan (5.1 Hz)
[ 51.54s] target 0 err=0.461 m | 263 plans, recent 244 ms/plan (5.1 Hz)
[ 52.57s] target 0 err=0.450 m | 267 plans, recent 252 ms/plan (5.1 Hz)
[ 53.71s] target 0 err=0.455 m | 272 plans, recent 248 ms/plan (5.1 Hz)
[ 54.88s] target 0 err=0.461 m | 277 plans, recent 239 ms/plan (5.0 Hz)
[ 56.06s] target 0 err=0.467 m | 282 plans, recent 237 ms/plan (5.0 Hz)
[ 57.17s] target 0 err=0.473 m | 287 plans, recent 224 ms/plan (5.0 Hz)
[ 58.35s] target 0 err=0.477 m | 292 plans, recent 229 ms/plan (5.0 Hz)
[ 59.41s] target 0 err=0.480 m | 298 plans, recent 216 ms/plan (5.0 Hz)
[ 60.48s] target 0 err=0.483 m | 303 plans, recent 212 ms/plan (5.0 Hz)
[ 61.64s] target 0 err=0.495 m | 308 plans, recent 213 ms/plan (5.0 Hz)
[ 62.79s] target 0 err=0.500 m | 313 plans, recent 212 ms/plan (5.0 Hz)
[ 63.89s] target 0 err=0.490 m | 318 plans, recent 223 ms/plan (5.0 Hz)
[ 65.06s] target 0 err=0.491 m | 323 plans, recent 230 ms/plan (5.0 Hz)
[ 66.24s] target 0 err=0.507 m | 328 plans, recent 226 ms/plan (5.0 Hz)
[ 67.27s] target 0 err=0.524 m | 333 plans, recent 225 ms/plan (5.0 Hz)
[ 68.36s] target 0 err=0.542 m | 339 plans, recent 208 ms/plan (5.0 Hz)
[ 69.37s] target 0 err=0.557 m | 345 plans, recent 189 ms/plan (5.0 Hz)
[ 70.44s] target 0 err=0.568 m | 351 plans, recent 173 ms/plan (5.0 Hz)
[ 71.60s] target 0 err=0.580 m | 357 plans, recent 178 ms/plan (5.0 Hz)
[ 72.61s] target 0 err=0.585 m | 362 plans, recent 185 ms/plan (5.0 Hz)
[ 73.68s] target 0 err=0.582 m | 368 plans, recent 184 ms/plan (5.0 Hz)
[ 74.86s] target 0 err=0.578 m | 375 plans, recent 185 ms/plan (5.0 Hz)
[ 75.93s] target 0 err=0.587 m | 381 plans, recent 170 ms/plan (5.0 Hz)
[ 76.93s] target 0 err=0.551 m | 389 plans, recent 151 ms/plan (5.1 Hz)
[ 78.12s] target 0 err=0.532 m | 397 plans, recent 139 ms/plan (5.1 Hz)
[ 79.24s] target 0 err=0.506 m | 404 plans, recent 151 ms/plan (5.1 Hz)
[ 80.32s] target 0 err=0.490 m | 412 plans, recent 145 ms/plan (5.1 Hz)
[ 81.46s] target 0 err=0.492 m | 420 plans, recent 141 ms/plan (5.2 Hz)
[ 82.53s] target 0 err=0.500 m | 427 plans, recent 141 ms/plan (5.2 Hz)
[ 83.62s] target 0 err=0.512 m | 435 plans, recent 141 ms/plan (5.2 Hz)
[ 84.67s] target 0 err=0.516 m | 442 plans, recent 146 ms/plan (5.2 Hz)
[ 85.79s] target 0 err=0.504 m | 449 plans, recent 152 ms/plan (5.2 Hz)
[ 86.82s] target 0 err=0.477 m | 455 plans, recent 161 ms/plan (5.2 Hz)
[ 87.88s] target 0 err=0.465 m | 461 plans, recent 163 ms/plan (5.2 Hz)
[ 88.98s] target 0 err=0.495 m | 468 plans, recent 168 ms/plan (5.3 Hz)
[ 90.03s] target 0 err=0.539 m | 475 plans, recent 158 ms/plan (5.3 Hz)
[ 91.07s] target 0 err=0.574 m | 482 plans, recent 156 ms/plan (5.3 Hz)
[ 92.10s] target 0 err=0.598 m | 489 plans, recent 142 ms/plan (5.3 Hz)
[ 93.10s] target 0 err=0.618 m | 496 plans, recent 144 ms/plan (5.3 Hz)
[ 94.11s] target 0 err=0.612 m | 503 plans, recent 142 ms/plan (5.3 Hz)
[ 95.25s] target 0 err=0.622 m | 510 plans, recent 149 ms/plan (5.4 Hz)
[ 96.38s] target 0 err=0.667 m | 520 plans, recent 133 ms/plan (5.4 Hz)
[ 97.39s] target 0 err=0.677 m | 528 plans, recent 121 ms/plan (5.4 Hz)
[ 98.39s] target 0 err=0.660 m | 537 plans, recent 118 ms/plan (5.5 Hz)
[ 99.45s] target 0 err=0.639 m | 546 plans, recent 114 ms/plan (5.5 Hz)
[100.46s] target 0 err=0.614 m | 554 plans, recent 122 ms/plan (5.5 Hz)
[101.60s] target 0 err=0.592 m | 561 plans, recent 135 ms/plan (5.5 Hz)
[102.72s] target 0 err=0.600 m | 568 plans, recent 150 ms/plan (5.5 Hz)
[103.72s] target 0 err=0.615 m | 575 plans, recent 153 ms/plan (5.5 Hz)
[104.89s] target 0 err=0.572 m | 582 plans, recent 159 ms/plan (5.5 Hz)
[105.97s] target 0 err=0.534 m | 589 plans, recent 157 ms/plan (5.6 Hz)
[107.00s] target 0 err=0.520 m | 595 plans, recent 164 ms/plan (5.6 Hz)
  reached_strict=False reached_5cm=False min_err=0.4503 violation=False safe_stall=True

=== [43/70] sqp_mpc target=7 (0.428, 0.353, 0.214) ===
loaded=/home/home/mbd/koopman/mbd_koopman/out/franka/models/bk_seed0.pt
SQP-MPC: 3 SQP re-freezes, act_dist 999.0, whole_arm=True, 1 box(es), 62 keep-out rows/step (compiled once, DPP)
warm-up: 3 throwaway plans
[  1.11s] target 0 err=0.627 m | 6 plans, recent 215 ms/plan (5.4 Hz)
[  2.18s] target 0 err=0.581 m | 12 plans, recent 197 ms/plan (5.5 Hz)
[  3.27s] target 0 err=0.721 m | 19 plans, recent 180 ms/plan (5.8 Hz)
[  4.39s] target 0 err=0.656 m | 27 plans, recent 153 ms/plan (6.2 Hz)
[  5.42s] target 0 err=0.597 m | 33 plans, recent 153 ms/plan (6.1 Hz)
[  6.64s] target 0 err=0.572 m | 39 plans, recent 167 ms/plan (5.9 Hz)
[  7.78s] target 0 err=0.531 m | 46 plans, recent 179 ms/plan (5.9 Hz)
[  8.87s] target 0 err=0.526 m | 52 plans, recent 177 ms/plan (5.9 Hz)
[  9.96s] target 0 err=0.532 m | 59 plans, recent 166 ms/plan (5.9 Hz)
[ 10.97s] target 0 err=0.542 m | 65 plans, recent 166 ms/plan (5.9 Hz)
[ 12.01s] target 0 err=0.549 m | 70 plans, recent 175 ms/plan (5.8 Hz)
[ 13.08s] target 0 err=0.554 m | 75 plans, recent 184 ms/plan (5.7 Hz)
[ 14.15s] target 0 err=0.553 m | 80 plans, recent 204 ms/plan (5.7 Hz)
[ 15.18s] target 0 err=0.556 m | 84 plans, recent 220 ms/plan (5.5 Hz)
[ 16.26s] target 0 err=0.579 m | 89 plans, recent 224 ms/plan (5.5 Hz)
[ 17.34s] target 0 err=0.596 m | 93 plans, recent 227 ms/plan (5.4 Hz)
[ 18.46s] target 0 err=0.632 m | 98 plans, recent 242 ms/plan (5.3 Hz)
[ 19.58s] target 0 err=0.636 m | 102 plans, recent 247 ms/plan (5.2 Hz)
[ 20.81s] target 0 err=0.596 m | 107 plans, recent 253 ms/plan (5.1 Hz)
[ 21.99s] target 0 err=0.526 m | 111 plans, recent 258 ms/plan (5.0 Hz)
[ 23.16s] target 0 err=0.450 m | 115 plans, recent 277 ms/plan (5.0 Hz)
[ 24.32s] target 0 err=0.403 m | 119 plans, recent 282 ms/plan (4.9 Hz)
[ 25.42s] target 0 err=0.419 m | 123 plans, recent 276 ms/plan (4.8 Hz)
[ 26.58s] target 0 err=0.464 m | 127 plans, recent 285 ms/plan (4.8 Hz)
[ 27.64s] target 0 err=0.494 m | 131 plans, recent 280 ms/plan (4.7 Hz)
[ 28.75s] target 0 err=0.514 m | 136 plans, recent 261 ms/plan (4.7 Hz)
[ 29.93s] target 0 err=0.576 m | 141 plans, recent 247 ms/plan (4.7 Hz)
[ 30.97s] target 0 err=0.665 m | 146 plans, recent 228 ms/plan (4.7 Hz)
[ 31.99s] target 0 err=0.722 m | 151 plans, recent 218 ms/plan (4.7 Hz)
[ 33.15s] target 0 err=0.717 m | 157 plans, recent 205 ms/plan (4.7 Hz)
[ 34.36s] target 0 err=0.726 m | 163 plans, recent 196 ms/plan (4.7 Hz)
[ 35.45s] target 0 err=0.673 m | 169 plans, recent 193 ms/plan (4.8 Hz)
[ 36.52s] target 0 err=0.645 m | 174 plans, recent 195 ms/plan (4.8 Hz)
[ 37.73s] target 0 err=0.650 m | 179 plans, recent 214 ms/plan (4.7 Hz)
[ 38.91s] target 0 err=0.647 m | 184 plans, recent 219 ms/plan (4.7 Hz)
[ 40.00s] target 0 err=0.631 m | 190 plans, recent 209 ms/plan (4.7 Hz)
[ 41.08s] target 0 err=0.661 m | 196 plans, recent 200 ms/plan (4.8 Hz)
[ 42.11s] target 0 err=0.602 m | 202 plans, recent 176 ms/plan (4.8 Hz)
[ 43.25s] target 0 err=0.573 m | 209 plans, recent 171 ms/plan (4.8 Hz)
[ 44.28s] target 0 err=0.536 m | 214 plans, recent 182 ms/plan (4.8 Hz)
[ 45.40s] target 0 err=0.510 m | 218 plans, recent 203 ms/plan (4.8 Hz)
[ 46.40s] target 0 err=0.482 m | 223 plans, recent 205 ms/plan (4.8 Hz)
[ 47.48s] target 0 err=0.442 m | 229 plans, recent 208 ms/plan (4.8 Hz)
[ 48.58s] target 0 err=0.383 m | 236 plans, recent 181 ms/plan (4.9 Hz)
[ 49.69s] target 0 err=0.367 m | 241 plans, recent 180 ms/plan (4.8 Hz)
[ 50.77s] target 0 err=0.396 m | 246 plans, recent 191 ms/plan (4.8 Hz)
[ 51.86s] target 0 err=0.387 m | 251 plans, recent 202 ms/plan (4.8 Hz)
[ 53.03s] target 0 err=0.371 m | 257 plans, recent 210 ms/plan (4.8 Hz)
[ 54.13s] target 0 err=0.397 m | 264 plans, recent 184 ms/plan (4.9 Hz)
[ 55.14s] target 0 err=0.379 m | 272 plans, recent 152 ms/plan (4.9 Hz)
[ 56.26s] target 0 err=0.377 m | 278 plans, recent 156 ms/plan (4.9 Hz)
[ 57.27s] target 0 err=0.433 m | 282 plans, recent 170 ms/plan (4.9 Hz)
[ 58.49s] target 0 err=0.451 m | 287 plans, recent 208 ms/plan (4.9 Hz)
[ 59.50s] target 0 err=0.405 m | 291 plans, recent 232 ms/plan (4.9 Hz)
[ 60.62s] target 0 err=0.365 m | 295 plans, recent 250 ms/plan (4.9 Hz)
[ 61.78s] target 0 err=0.379 m | 301 plans, recent 233 ms/plan (4.9 Hz)
[ 62.80s] target 0 err=0.366 m | 306 plans, recent 227 ms/plan (4.9 Hz)
[ 63.94s] target 0 err=0.351 m | 310 plans, recent 236 ms/plan (4.8 Hz)
[ 65.11s] target 0 err=0.349 m | 314 plans, recent 240 ms/plan (4.8 Hz)
[ 66.20s] target 0 err=0.365 m | 318 plans, recent 251 ms/plan (4.8 Hz)
[ 67.22s] target 0 err=0.377 m | 324 plans, recent 239 ms/plan (4.8 Hz)
[ 68.36s] target 0 err=0.385 m | 330 plans, recent 215 ms/plan (4.8 Hz)
[ 69.42s] target 0 err=0.412 m | 335 plans, recent 193 ms/plan (4.8 Hz)
[ 70.54s] target 0 err=0.430 m | 343 plans, recent 174 ms/plan (4.9 Hz)
[ 71.60s] target 0 err=0.432 m | 350 plans, recent 156 ms/plan (4.9 Hz)
[ 72.61s] target 0 err=0.432 m | 356 plans, recent 151 ms/plan (4.9 Hz)
[ 73.61s] target 0 err=0.431 m | 363 plans, recent 151 ms/plan (4.9 Hz)
[ 74.67s] target 0 err=0.428 m | 368 plans, recent 167 ms/plan (4.9 Hz)
[ 75.81s] target 0 err=0.424 m | 373 plans, recent 189 ms/plan (4.9 Hz)
[ 76.96s] target 0 err=0.423 m | 378 plans, recent 207 ms/plan (4.9 Hz)
[ 78.13s] target 0 err=0.422 m | 383 plans, recent 231 ms/plan (4.9 Hz)
[ 79.19s] target 0 err=0.423 m | 387 plans, recent 237 ms/plan (4.9 Hz)
[ 80.39s] target 0 err=0.423 m | 392 plans, recent 240 ms/plan (4.9 Hz)
[ 81.50s] target 0 err=0.422 m | 397 plans, recent 238 ms/plan (4.9 Hz)
[ 82.63s] target 0 err=0.420 m | 402 plans, recent 233 ms/plan (4.9 Hz)
[ 83.66s] target 0 err=0.416 m | 406 plans, recent 234 ms/plan (4.9 Hz)
[ 84.83s] target 0 err=0.411 m | 411 plans, recent 236 ms/plan (4.8 Hz)
[ 85.95s] target 0 err=0.409 m | 416 plans, recent 234 ms/plan (4.8 Hz)
[ 86.96s] target 0 err=0.405 m | 420 plans, recent 240 ms/plan (4.8 Hz)
[ 87.97s] target 0 err=0.403 m | 424 plans, recent 240 ms/plan (4.8 Hz)
[ 88.98s] target 0 err=0.399 m | 428 plans, recent 239 ms/plan (4.8 Hz)
[ 90.19s] target 0 err=0.396 m | 433 plans, recent 246 ms/plan (4.8 Hz)
[ 91.30s] target 0 err=0.395 m | 438 plans, recent 236 ms/plan (4.8 Hz)
[ 92.36s] target 0 err=0.393 m | 443 plans, recent 229 ms/plan (4.8 Hz)
[ 93.53s] target 0 err=0.392 m | 448 plans, recent 230 ms/plan (4.8 Hz)
[ 94.70s] target 0 err=0.392 m | 453 plans, recent 227 ms/plan (4.8 Hz)
[ 95.92s] target 0 err=0.393 m | 459 plans, recent 220 ms/plan (4.8 Hz)
[ 97.00s] target 0 err=0.396 m | 464 plans, recent 216 ms/plan (4.8 Hz)
[ 98.18s] target 0 err=0.401 m | 469 plans, recent 214 ms/plan (4.8 Hz)
[ 99.20s] target 0 err=0.407 m | 474 plans, recent 212 ms/plan (4.8 Hz)
[100.31s] target 0 err=0.412 m | 479 plans, recent 213 ms/plan (4.8 Hz)
[101.45s] target 0 err=0.416 m | 485 plans, recent 205 ms/plan (4.8 Hz)
[102.54s] target 0 err=0.418 m | 490 plans, recent 209 ms/plan (4.8 Hz)
[103.70s] target 0 err=0.422 m | 495 plans, recent 212 ms/plan (4.8 Hz)
[104.71s] target 0 err=0.423 m | 499 plans, recent 225 ms/plan (4.8 Hz)
[105.81s] target 0 err=0.424 m | 503 plans, recent 242 ms/plan (4.8 Hz)
[106.89s] target 0 err=0.424 m | 507 plans, recent 254 ms/plan (4.7 Hz)
[108.12s] target 0 err=0.424 m | 512 plans, recent 256 ms/plan (4.7 Hz)
[109.14s] target 0 err=0.423 m | 516 plans, recent 253 ms/plan (4.7 Hz)
[110.46s] target 0 err=0.420 m | 522 plans, recent 245 ms/plan (4.7 Hz)
[111.63s] target 0 err=0.411 m | 526 plans, recent 247 ms/plan (4.7 Hz)
[112.63s] target 0 err=0.404 m | 531 plans, recent 238 ms/plan (4.7 Hz)
[113.82s] target 0 err=0.404 m | 536 plans, recent 237 ms/plan (4.7 Hz)
[115.08s] target 0 err=0.403 m | 541 plans, recent 245 ms/plan (4.7 Hz)
[116.14s] target 0 err=0.398 m | 545 plans, recent 237 ms/plan (4.7 Hz)
[117.18s] target 0 err=0.396 m | 550 plans, recent 239 ms/plan (4.7 Hz)
[118.48s] target 0 err=0.396 m | 555 plans, recent 248 ms/plan (4.7 Hz)
[119.59s] target 0 err=0.394 m | 559 plans, recent 248 ms/plan (4.7 Hz)
[120.71s] target 0 err=0.394 m | 564 plans, recent 243 ms/plan (4.7 Hz)
[121.87s] target 0 err=0.394 m | 568 plans, recent 254 ms/plan (4.7 Hz)
[122.95s] target 0 err=0.395 m | 573 plans, recent 252 ms/plan (4.7 Hz)
[124.17s] target 0 err=0.397 m | 579 plans, recent 233 ms/plan (4.7 Hz)
[125.34s] target 0 err=0.402 m | 585 plans, recent 213 ms/plan (4.7 Hz)
[126.47s] target 0 err=0.406 m | 590 plans, recent 204 ms/plan (4.7 Hz)
[127.69s] target 0 err=0.409 m | 595 plans, recent 217 ms/plan (4.7 Hz)
[128.84s] target 0 err=0.417 m | 600 plans, recent 228 ms/plan (4.7 Hz)
  reached_strict=False reached_5cm=False min_err=0.3463 violation=False safe_stall=True

=== [44/70] sqp_mpc target=8 (0.545, 0.335, 0.209) ===
loaded=/home/home/mbd/koopman/mbd_koopman/out/franka/models/bk_seed0.pt
SQP-MPC: 3 SQP re-freezes, act_dist 999.0, whole_arm=True, 1 box(es), 62 keep-out rows/step (compiled once, DPP)
warm-up: 3 throwaway plans
[  1.12s] target 0 err=0.583 m | 6 plans, recent 233 ms/plan (5.3 Hz)
[  2.36s] target 0 err=0.546 m | 11 plans, recent 227 ms/plan (4.7 Hz)
[  3.51s] target 0 err=0.595 m | 17 plans, recent 223 ms/plan (4.8 Hz)
[  4.69s] target 0 err=0.578 m | 22 plans, recent 224 ms/plan (4.7 Hz)
[  5.75s] target 0 err=0.567 m | 26 plans, recent 224 ms/plan (4.5 Hz)
[  6.77s] target 0 err=0.569 m | 31 plans, recent 223 ms/plan (4.6 Hz)
[  7.81s] target 0 err=0.561 m | 36 plans, recent 222 ms/plan (4.6 Hz)
[  8.83s] target 0 err=0.573 m | 41 plans, recent 216 ms/plan (4.6 Hz)
[ 10.11s] target 0 err=0.571 m | 46 plans, recent 219 ms/plan (4.5 Hz)
[ 11.23s] target 0 err=0.579 m | 51 plans, recent 223 ms/plan (4.5 Hz)
[ 12.33s] target 0 err=0.611 m | 55 plans, recent 239 ms/plan (4.5 Hz)
[ 13.48s] target 0 err=0.611 m | 59 plans, recent 258 ms/plan (4.4 Hz)
[ 14.67s] target 0 err=0.657 m | 64 plans, recent 249 ms/plan (4.4 Hz)
[ 15.80s] target 0 err=0.659 m | 70 plans, recent 235 ms/plan (4.4 Hz)
[ 16.82s] target 0 err=0.725 m | 78 plans, recent 171 ms/plan (4.6 Hz)
[ 17.91s] target 0 err=0.803 m | 85 plans, recent 155 ms/plan (4.7 Hz)
[ 18.97s] target 0 err=0.829 m | 91 plans, recent 151 ms/plan (4.8 Hz)
[ 20.12s] target 0 err=0.687 m | 97 plans, recent 177 ms/plan (4.8 Hz)
[ 21.36s] target 0 err=0.575 m | 102 plans, recent 206 ms/plan (4.8 Hz)
[ 22.44s] target 0 err=0.552 m | 106 plans, recent 221 ms/plan (4.7 Hz)
[ 23.57s] target 0 err=0.517 m | 112 plans, recent 219 ms/plan (4.8 Hz)
[ 24.64s] target 0 err=0.461 m | 119 plans, recent 198 ms/plan (4.8 Hz)
[ 25.73s] target 0 err=0.415 m | 125 plans, recent 177 ms/plan (4.9 Hz)
[ 26.81s] target 0 err=0.390 m | 131 plans, recent 172 ms/plan (4.9 Hz)
[ 28.03s] target 0 err=0.429 m | 136 plans, recent 195 ms/plan (4.9 Hz)
[ 29.09s] target 0 err=0.450 m | 140 plans, recent 219 ms/plan (4.8 Hz)
[ 30.35s] target 0 err=0.447 m | 144 plans, recent 246 ms/plan (4.7 Hz)
[ 31.37s] target 0 err=0.412 m | 148 plans, recent 260 ms/plan (4.7 Hz)
[ 32.63s] target 0 err=0.400 m | 152 plans, recent 281 ms/plan (4.7 Hz)
[ 33.64s] target 0 err=0.403 m | 156 plans, recent 280 ms/plan (4.6 Hz)
[ 34.77s] target 0 err=0.384 m | 160 plans, recent 283 ms/plan (4.6 Hz)
[ 35.85s] target 0 err=0.380 m | 164 plans, recent 272 ms/plan (4.6 Hz)
[ 36.98s] target 0 err=0.403 m | 168 plans, recent 274 ms/plan (4.5 Hz)
[ 38.20s] target 0 err=0.426 m | 173 plans, recent 265 ms/plan (4.5 Hz)
[ 39.42s] target 0 err=0.423 m | 177 plans, recent 276 ms/plan (4.5 Hz)
[ 40.61s] target 0 err=0.429 m | 181 plans, recent 280 ms/plan (4.5 Hz)
[ 41.89s] target 0 err=0.447 m | 185 plans, recent 285 ms/plan (4.4 Hz)
[ 43.13s] target 0 err=0.462 m | 190 plans, recent 284 ms/plan (4.4 Hz)
[ 44.18s] target 0 err=0.474 m | 194 plans, recent 282 ms/plan (4.4 Hz)
[ 45.35s] target 0 err=0.500 m | 198 plans, recent 277 ms/plan (4.4 Hz)
[ 46.58s] target 0 err=0.532 m | 203 plans, recent 260 ms/plan (4.4 Hz)
[ 47.59s] target 0 err=0.540 m | 207 plans, recent 259 ms/plan (4.3 Hz)
[ 48.70s] target 0 err=0.535 m | 212 plans, recent 248 ms/plan (4.4 Hz)
[ 49.71s] target 0 err=0.528 m | 216 plans, recent 245 ms/plan (4.3 Hz)
[ 50.71s] target 0 err=0.529 m | 220 plans, recent 245 ms/plan (4.3 Hz)
[ 51.94s] target 0 err=0.536 m | 225 plans, recent 238 ms/plan (4.3 Hz)
[ 53.13s] target 0 err=0.530 m | 230 plans, recent 249 ms/plan (4.3 Hz)
[ 54.24s] target 0 err=0.517 m | 234 plans, recent 253 ms/plan (4.3 Hz)
[ 55.43s] target 0 err=0.486 m | 239 plans, recent 246 ms/plan (4.3 Hz)
[ 56.62s] target 0 err=0.479 m | 244 plans, recent 249 ms/plan (4.3 Hz)
[ 57.77s] target 0 err=0.497 m | 248 plans, recent 254 ms/plan (4.3 Hz)
[ 59.01s] target 0 err=0.524 m | 253 plans, recent 252 ms/plan (4.3 Hz)
[ 60.14s] target 0 err=0.535 m | 257 plans, recent 261 ms/plan (4.3 Hz)
[ 61.40s] target 0 err=0.520 m | 262 plans, recent 261 ms/plan (4.3 Hz)
[ 62.61s] target 0 err=0.473 m | 267 plans, recent 255 ms/plan (4.3 Hz)
[ 63.68s] target 0 err=0.469 m | 271 plans, recent 256 ms/plan (4.3 Hz)
[ 64.73s] target 0 err=0.475 m | 275 plans, recent 257 ms/plan (4.2 Hz)
[ 65.90s] target 0 err=0.501 m | 279 plans, recent 269 ms/plan (4.2 Hz)
[ 67.13s] target 0 err=0.544 m | 283 plans, recent 282 ms/plan (4.2 Hz)
[ 68.21s] target 0 err=0.564 m | 287 plans, recent 278 ms/plan (4.2 Hz)
[ 69.28s] target 0 err=0.537 m | 291 plans, recent 280 ms/plan (4.2 Hz)
[ 70.36s] target 0 err=0.488 m | 295 plans, recent 280 ms/plan (4.2 Hz)
[ 71.56s] target 0 err=0.461 m | 300 plans, recent 264 ms/plan (4.2 Hz)
[ 72.75s] target 0 err=0.486 m | 305 plans, recent 252 ms/plan (4.2 Hz)
[ 73.98s] target 0 err=0.533 m | 310 plans, recent 245 ms/plan (4.2 Hz)
[ 75.13s] target 0 err=0.542 m | 315 plans, recent 234 ms/plan (4.2 Hz)
[ 76.31s] target 0 err=0.493 m | 320 plans, recent 235 ms/plan (4.2 Hz)
[ 77.42s] target 0 err=0.461 m | 325 plans, recent 232 ms/plan (4.2 Hz)
[ 78.52s] target 0 err=0.469 m | 330 plans, recent 228 ms/plan (4.2 Hz)
[ 79.59s] target 0 err=0.486 m | 336 plans, recent 211 ms/plan (4.2 Hz)
[ 80.65s] target 0 err=0.527 m | 342 plans, recent 195 ms/plan (4.2 Hz)
[ 81.67s] target 0 err=0.557 m | 348 plans, recent 179 ms/plan (4.3 Hz)
[ 82.77s] target 0 err=0.519 m | 354 plans, recent 176 ms/plan (4.3 Hz)
[ 83.89s] target 0 err=0.507 m | 361 plans, recent 169 ms/plan (4.3 Hz)
[ 85.05s] target 0 err=0.518 m | 368 plans, recent 165 ms/plan (4.3 Hz)
[ 86.21s] target 0 err=0.482 m | 375 plans, recent 161 ms/plan (4.3 Hz)
[ 87.36s] target 0 err=0.491 m | 382 plans, recent 163 ms/plan (4.4 Hz)
[ 88.47s] target 0 err=0.533 m | 389 plans, recent 163 ms/plan (4.4 Hz)
[ 89.47s] target 0 err=0.517 m | 395 plans, recent 162 ms/plan (4.4 Hz)
[ 90.57s] target 0 err=0.467 m | 402 plans, recent 160 ms/plan (4.4 Hz)
[ 91.64s] target 0 err=0.491 m | 409 plans, recent 156 ms/plan (4.5 Hz)
[ 92.75s] target 0 err=0.524 m | 417 plans, recent 151 ms/plan (4.5 Hz)
[ 93.77s] target 0 err=0.547 m | 424 plans, recent 139 ms/plan (4.5 Hz)
[ 94.82s] target 0 err=0.558 m | 431 plans, recent 144 ms/plan (4.5 Hz)
[ 95.92s] target 0 err=0.555 m | 439 plans, recent 145 ms/plan (4.6 Hz)
[ 96.93s] target 0 err=0.521 m | 445 plans, recent 153 ms/plan (4.6 Hz)
[ 97.98s] target 0 err=0.510 m | 451 plans, recent 159 ms/plan (4.6 Hz)
[ 99.16s] target 0 err=0.525 m | 458 plans, recent 170 ms/plan (4.6 Hz)
[100.24s] target 0 err=0.519 m | 464 plans, recent 173 ms/plan (4.6 Hz)
[101.30s] target 0 err=0.490 m | 471 plans, recent 164 ms/plan (4.6 Hz)
[102.32s] target 0 err=0.494 m | 477 plans, recent 166 ms/plan (4.7 Hz)
[103.39s] target 0 err=0.516 m | 483 plans, recent 166 ms/plan (4.7 Hz)
[104.41s] target 0 err=0.506 m | 489 plans, recent 170 ms/plan (4.7 Hz)
[105.44s] target 0 err=0.473 m | 496 plans, recent 164 ms/plan (4.7 Hz)
[106.53s] target 0 err=0.491 m | 502 plans, recent 164 ms/plan (4.7 Hz)
[107.67s] target 0 err=0.538 m | 509 plans, recent 161 ms/plan (4.7 Hz)
[108.81s] target 0 err=0.514 m | 516 plans, recent 167 ms/plan (4.7 Hz)
[109.88s] target 0 err=0.466 m | 522 plans, recent 169 ms/plan (4.8 Hz)
[111.16s] target 0 err=0.485 m | 527 plans, recent 191 ms/plan (4.7 Hz)
[112.20s] target 0 err=0.531 m | 531 plans, recent 218 ms/plan (4.7 Hz)
[113.28s] target 0 err=0.568 m | 535 plans, recent 235 ms/plan (4.7 Hz)
[114.51s] target 0 err=0.531 m | 540 plans, recent 258 ms/plan (4.7 Hz)
[115.68s] target 0 err=0.460 m | 545 plans, recent 251 ms/plan (4.7 Hz)
[116.87s] target 0 err=0.468 m | 550 plans, recent 243 ms/plan (4.7 Hz)
[117.88s] target 0 err=0.487 m | 554 plans, recent 238 ms/plan (4.7 Hz)
[118.96s] target 0 err=0.508 m | 560 plans, recent 222 ms/plan (4.7 Hz)
[119.97s] target 0 err=0.519 m | 565 plans, recent 214 ms/plan (4.7 Hz)
[120.97s] target 0 err=0.523 m | 570 plans, recent 206 ms/plan (4.7 Hz)
[122.00s] target 0 err=0.522 m | 575 plans, recent 196 ms/plan (4.7 Hz)
[123.20s] target 0 err=0.523 m | 582 plans, recent 189 ms/plan (4.7 Hz)
[124.29s] target 0 err=0.513 m | 588 plans, recent 183 ms/plan (4.7 Hz)
[125.30s] target 0 err=0.536 m | 594 plans, recent 174 ms/plan (4.7 Hz)
[126.41s] target 0 err=0.539 m | 600 plans, recent 178 ms/plan (4.7 Hz)
  reached_strict=False reached_5cm=False min_err=0.3784 violation=False safe_stall=True

=== [45/70] sqp_mpc target=9 (0.502, 0.331, 0.158) ===
loaded=/home/home/mbd/koopman/mbd_koopman/out/franka/models/bk_seed0.pt
SQP-MPC: 3 SQP re-freezes, act_dist 999.0, whole_arm=True, 1 box(es), 62 keep-out rows/step (compiled once, DPP)
warm-up: 3 throwaway plans
[  1.06s] target 0 err=0.608 m | 5 plans, recent 261 ms/plan (4.7 Hz)
[  2.19s] target 0 err=0.594 m | 10 plans, recent 237 ms/plan (4.6 Hz)
[  3.44s] target 0 err=0.583 m | 15 plans, recent 241 ms/plan (4.4 Hz)
[  4.64s] target 0 err=0.516 m | 21 plans, recent 229 ms/plan (4.5 Hz)
[  5.76s] target 0 err=0.492 m | 26 plans, recent 222 ms/plan (4.5 Hz)
[  6.91s] target 0 err=0.507 m | 31 plans, recent 227 ms/plan (4.5 Hz)
[  8.05s] target 0 err=0.499 m | 36 plans, recent 219 ms/plan (4.5 Hz)
[  9.29s] target 0 err=0.492 m | 42 plans, recent 220 ms/plan (4.5 Hz)
[ 10.53s] target 0 err=0.495 m | 47 plans, recent 224 ms/plan (4.5 Hz)
[ 11.70s] target 0 err=0.480 m | 53 plans, recent 218 ms/plan (4.5 Hz)
[ 12.76s] target 0 err=0.471 m | 59 plans, recent 205 ms/plan (4.6 Hz)
[ 14.01s] target 0 err=0.465 m | 65 plans, recent 198 ms/plan (4.6 Hz)
[ 15.12s] target 0 err=0.462 m | 73 plans, recent 162 ms/plan (4.8 Hz)
[ 16.18s] target 0 err=0.465 m | 82 plans, recent 133 ms/plan (5.1 Hz)
[ 17.24s] target 0 err=0.473 m | 91 plans, recent 117 ms/plan (5.3 Hz)
[ 18.27s] target 0 err=0.482 m | 97 plans, recent 131 ms/plan (5.3 Hz)
[ 19.30s] target 0 err=0.496 m | 104 plans, recent 147 ms/plan (5.4 Hz)
[ 20.47s] target 0 err=0.513 m | 111 plans, recent 163 ms/plan (5.4 Hz)
[ 21.47s] target 0 err=0.531 m | 117 plans, recent 167 ms/plan (5.5 Hz)
[ 22.68s] target 0 err=0.552 m | 122 plans, recent 188 ms/plan (5.4 Hz)
[ 23.79s] target 0 err=0.576 m | 126 plans, recent 211 ms/plan (5.3 Hz)
[ 24.80s] target 0 err=0.605 m | 130 plans, recent 223 ms/plan (5.2 Hz)
[ 25.86s] target 0 err=0.643 m | 136 plans, recent 224 ms/plan (5.3 Hz)
[ 26.92s] target 0 err=0.670 m | 141 plans, recent 217 ms/plan (5.2 Hz)
[ 28.09s] target 0 err=0.708 m | 149 plans, recent 172 ms/plan (5.3 Hz)
[ 29.14s] target 0 err=0.723 m | 156 plans, recent 161 ms/plan (5.4 Hz)
[ 30.21s] target 0 err=0.734 m | 166 plans, recent 130 ms/plan (5.5 Hz)
[ 31.24s] target 0 err=0.730 m | 173 plans, recent 128 ms/plan (5.5 Hz)
[ 32.36s] target 0 err=0.717 m | 178 plans, recent 155 ms/plan (5.5 Hz)
[ 33.58s] target 0 err=0.682 m | 184 plans, recent 185 ms/plan (5.5 Hz)
[ 34.67s] target 0 err=0.649 m | 189 plans, recent 206 ms/plan (5.5 Hz)
[ 35.74s] target 0 err=0.609 m | 194 plans, recent 217 ms/plan (5.4 Hz)
[ 36.79s] target 0 err=0.585 m | 199 plans, recent 209 ms/plan (5.4 Hz)
[ 37.96s] target 0 err=0.580 m | 204 plans, recent 218 ms/plan (5.4 Hz)
[ 39.07s] target 0 err=0.583 m | 209 plans, recent 220 ms/plan (5.4 Hz)
[ 40.29s] target 0 err=0.584 m | 214 plans, recent 230 ms/plan (5.3 Hz)
[ 41.33s] target 0 err=0.583 m | 219 plans, recent 226 ms/plan (5.3 Hz)
[ 42.42s] target 0 err=0.583 m | 224 plans, recent 223 ms/plan (5.3 Hz)
[ 43.60s] target 0 err=0.583 m | 230 plans, recent 207 ms/plan (5.3 Hz)
[ 44.84s] target 0 err=0.582 m | 236 plans, recent 202 ms/plan (5.3 Hz)
[ 45.99s] target 0 err=0.581 m | 241 plans, recent 214 ms/plan (5.2 Hz)
[ 47.16s] target 0 err=0.580 m | 246 plans, recent 220 ms/plan (5.2 Hz)
[ 48.29s] target 0 err=0.578 m | 251 plans, recent 227 ms/plan (5.2 Hz)
[ 49.36s] target 0 err=0.578 m | 256 plans, recent 224 ms/plan (5.2 Hz)
[ 50.56s] target 0 err=0.585 m | 262 plans, recent 210 ms/plan (5.2 Hz)
[ 51.70s] target 0 err=0.593 m | 268 plans, recent 201 ms/plan (5.2 Hz)
[ 52.85s] target 0 err=0.592 m | 274 plans, recent 195 ms/plan (5.2 Hz)
[ 53.98s] target 0 err=0.576 m | 279 plans, recent 202 ms/plan (5.2 Hz)
[ 55.14s] target 0 err=0.557 m | 285 plans, recent 199 ms/plan (5.2 Hz)
[ 56.22s] target 0 err=0.547 m | 290 plans, recent 206 ms/plan (5.2 Hz)
[ 57.35s] target 0 err=0.541 m | 297 plans, recent 184 ms/plan (5.2 Hz)
[ 58.37s] target 0 err=0.534 m | 303 plans, recent 177 ms/plan (5.2 Hz)
[ 59.39s] target 0 err=0.532 m | 308 plans, recent 174 ms/plan (5.2 Hz)
[ 60.42s] target 0 err=0.536 m | 313 plans, recent 185 ms/plan (5.2 Hz)
[ 61.43s] target 0 err=0.548 m | 318 plans, recent 199 ms/plan (5.2 Hz)
[ 62.60s] target 0 err=0.551 m | 324 plans, recent 205 ms/plan (5.2 Hz)
[ 63.66s] target 0 err=0.587 m | 330 plans, recent 196 ms/plan (5.2 Hz)
[ 64.72s] target 0 err=0.547 m | 335 plans, recent 195 ms/plan (5.2 Hz)
[ 65.79s] target 0 err=0.520 m | 341 plans, recent 182 ms/plan (5.2 Hz)
[ 66.79s] target 0 err=0.503 m | 346 plans, recent 190 ms/plan (5.2 Hz)
[ 67.97s] target 0 err=0.495 m | 352 plans, recent 193 ms/plan (5.2 Hz)
[ 69.11s] target 0 err=0.505 m | 357 plans, recent 206 ms/plan (5.2 Hz)
[ 70.15s] target 0 err=0.521 m | 361 plans, recent 218 ms/plan (5.1 Hz)
[ 71.33s] target 0 err=0.535 m | 366 plans, recent 226 ms/plan (5.1 Hz)
[ 72.40s] target 0 err=0.544 m | 371 plans, recent 233 ms/plan (5.1 Hz)
[ 73.50s] target 0 err=0.559 m | 376 plans, recent 228 ms/plan (5.1 Hz)
[ 74.75s] target 0 err=0.530 m | 382 plans, recent 220 ms/plan (5.1 Hz)
[ 75.84s] target 0 err=0.510 m | 386 plans, recent 221 ms/plan (5.1 Hz)
[ 76.98s] target 0 err=0.492 m | 391 plans, recent 229 ms/plan (5.1 Hz)
[ 78.04s] target 0 err=0.498 m | 395 plans, recent 237 ms/plan (5.1 Hz)
[ 79.13s] target 0 err=0.520 m | 400 plans, recent 243 ms/plan (5.1 Hz)
[ 80.31s] target 0 err=0.537 m | 405 plans, recent 231 ms/plan (5.0 Hz)
[ 81.53s] target 0 err=0.548 m | 410 plans, recent 236 ms/plan (5.0 Hz)
[ 82.74s] target 0 err=0.546 m | 416 plans, recent 226 ms/plan (5.0 Hz)
[ 83.76s] target 0 err=0.532 m | 420 plans, recent 232 ms/plan (5.0 Hz)
[ 84.79s] target 0 err=0.515 m | 424 plans, recent 233 ms/plan (5.0 Hz)
[ 85.84s] target 0 err=0.501 m | 429 plans, recent 228 ms/plan (5.0 Hz)
[ 86.95s] target 0 err=0.497 m | 433 plans, recent 246 ms/plan (5.0 Hz)
[ 88.00s] target 0 err=0.502 m | 437 plans, recent 243 ms/plan (5.0 Hz)
[ 89.08s] target 0 err=0.502 m | 441 plans, recent 255 ms/plan (5.0 Hz)
[ 90.18s] target 0 err=0.506 m | 445 plans, recent 263 ms/plan (4.9 Hz)
[ 91.28s] target 0 err=0.519 m | 449 plans, recent 270 ms/plan (4.9 Hz)
[ 92.33s] target 0 err=0.532 m | 453 plans, recent 265 ms/plan (4.9 Hz)
[ 93.45s] target 0 err=0.545 m | 457 plans, recent 276 ms/plan (4.9 Hz)
[ 94.58s] target 0 err=0.565 m | 461 plans, recent 275 ms/plan (4.9 Hz)
[ 95.69s] target 0 err=0.564 m | 465 plans, recent 271 ms/plan (4.9 Hz)
[ 96.75s] target 0 err=0.534 m | 469 plans, recent 269 ms/plan (4.8 Hz)
[ 97.97s] target 0 err=0.527 m | 474 plans, recent 257 ms/plan (4.8 Hz)
[ 99.23s] target 0 err=0.526 m | 480 plans, recent 241 ms/plan (4.8 Hz)
[100.46s] target 0 err=0.526 m | 486 plans, recent 228 ms/plan (4.8 Hz)
[101.59s] target 0 err=0.531 m | 491 plans, recent 205 ms/plan (4.8 Hz)
[102.61s] target 0 err=0.534 m | 496 plans, recent 218 ms/plan (4.8 Hz)
[103.81s] target 0 err=0.538 m | 501 plans, recent 218 ms/plan (4.8 Hz)
[104.85s] target 0 err=0.545 m | 506 plans, recent 219 ms/plan (4.8 Hz)
[105.99s] target 0 err=0.555 m | 512 plans, recent 206 ms/plan (4.8 Hz)
[107.00s] target 0 err=0.577 m | 517 plans, recent 204 ms/plan (4.8 Hz)
[108.03s] target 0 err=0.567 m | 521 plans, recent 206 ms/plan (4.8 Hz)
[109.14s] target 0 err=0.565 m | 527 plans, recent 199 ms/plan (4.8 Hz)
[110.35s] target 0 err=0.536 m | 533 plans, recent 201 ms/plan (4.8 Hz)
[111.45s] target 0 err=0.513 m | 540 plans, recent 177 ms/plan (4.8 Hz)
[112.50s] target 0 err=0.504 m | 545 plans, recent 189 ms/plan (4.8 Hz)
[113.74s] target 0 err=0.497 m | 550 plans, recent 203 ms/plan (4.8 Hz)
[114.74s] target 0 err=0.487 m | 554 plans, recent 219 ms/plan (4.8 Hz)
[115.89s] target 0 err=0.485 m | 560 plans, recent 220 ms/plan (4.8 Hz)
[116.90s] target 0 err=0.490 m | 565 plans, recent 213 ms/plan (4.8 Hz)
[117.92s] target 0 err=0.501 m | 571 plans, recent 194 ms/plan (4.8 Hz)
[119.06s] target 0 err=0.515 m | 576 plans, recent 202 ms/plan (4.8 Hz)
[120.09s] target 0 err=0.525 m | 580 plans, recent 216 ms/plan (4.8 Hz)
[121.21s] target 0 err=0.548 m | 584 plans, recent 229 ms/plan (4.8 Hz)
[122.30s] target 0 err=0.605 m | 588 plans, recent 249 ms/plan (4.8 Hz)
[123.47s] target 0 err=0.631 m | 593 plans, recent 254 ms/plan (4.8 Hz)
[124.64s] target 0 err=0.648 m | 598 plans, recent 256 ms/plan (4.8 Hz)
  reached_strict=False reached_5cm=False min_err=0.4620 violation=False safe_stall=True

=== [46/70] sqp_mpc target=10 (0.45, 0.307, 0.178) ===
loaded=/home/home/mbd/koopman/mbd_koopman/out/franka/models/bk_seed0.pt
SQP-MPC: 3 SQP re-freezes, act_dist 999.0, whole_arm=True, 1 box(es), 62 keep-out rows/step (compiled once, DPP)
warm-up: 3 throwaway plans
[  1.10s] target 0 err=0.550 m | 8 plans, recent 155 ms/plan (7.3 Hz)
[  2.15s] target 0 err=0.608 m | 14 plans, recent 169 ms/plan (6.5 Hz)
[  3.22s] target 0 err=0.543 m | 19 plans, recent 179 ms/plan (5.9 Hz)
[  4.30s] target 0 err=0.517 m | 25 plans, recent 182 ms/plan (5.8 Hz)
[  5.41s] target 0 err=0.525 m | 31 plans, recent 197 ms/plan (5.7 Hz)
[  6.43s] target 0 err=0.536 m | 35 plans, recent 199 ms/plan (5.4 Hz)
[  7.59s] target 0 err=0.553 m | 40 plans, recent 208 ms/plan (5.3 Hz)
[  8.78s] target 0 err=0.553 m | 45 plans, recent 222 ms/plan (5.1 Hz)
[  9.90s] target 0 err=0.549 m | 50 plans, recent 231 ms/plan (5.0 Hz)
[ 10.96s] target 0 err=0.536 m | 55 plans, recent 233 ms/plan (5.0 Hz)
[ 12.18s] target 0 err=0.505 m | 62 plans, recent 202 ms/plan (5.1 Hz)
[ 13.34s] target 0 err=0.471 m | 68 plans, recent 190 ms/plan (5.1 Hz)
[ 14.39s] target 0 err=0.469 m | 75 plans, recent 164 ms/plan (5.2 Hz)
[ 15.40s] target 0 err=0.466 m | 81 plans, recent 165 ms/plan (5.3 Hz)
[ 16.43s] target 0 err=0.461 m | 88 plans, recent 156 ms/plan (5.4 Hz)
[ 17.44s] target 0 err=0.459 m | 95 plans, recent 155 ms/plan (5.4 Hz)
[ 18.48s] target 0 err=0.468 m | 99 plans, recent 173 ms/plan (5.4 Hz)
[ 19.58s] target 0 err=0.468 m | 104 plans, recent 188 ms/plan (5.3 Hz)
[ 20.74s] target 0 err=0.453 m | 110 plans, recent 204 ms/plan (5.3 Hz)
[ 21.77s] target 0 err=0.469 m | 114 plans, recent 225 ms/plan (5.2 Hz)
[ 22.85s] target 0 err=0.468 m | 119 plans, recent 213 ms/plan (5.2 Hz)
[ 23.89s] target 0 err=0.471 m | 124 plans, recent 219 ms/plan (5.2 Hz)
[ 25.11s] target 0 err=0.528 m | 130 plans, recent 218 ms/plan (5.2 Hz)
[ 26.29s] target 0 err=0.592 m | 135 plans, recent 214 ms/plan (5.1 Hz)
[ 27.37s] target 0 err=0.648 m | 140 plans, recent 213 ms/plan (5.1 Hz)
[ 28.45s] target 0 err=0.702 m | 146 plans, recent 206 ms/plan (5.1 Hz)
[ 29.49s] target 0 err=0.712 m | 151 plans, recent 206 ms/plan (5.1 Hz)
[ 30.53s] target 0 err=0.712 m | 156 plans, recent 202 ms/plan (5.1 Hz)
[ 31.73s] target 0 err=0.707 m | 161 plans, recent 215 ms/plan (5.1 Hz)
[ 32.98s] target 0 err=0.691 m | 166 plans, recent 227 ms/plan (5.0 Hz)
[ 34.20s] target 0 err=0.666 m | 172 plans, recent 224 ms/plan (5.0 Hz)
[ 35.23s] target 0 err=0.628 m | 177 plans, recent 219 ms/plan (5.0 Hz)
[ 36.42s] target 0 err=0.602 m | 182 plans, recent 218 ms/plan (5.0 Hz)
[ 37.52s] target 0 err=0.591 m | 187 plans, recent 216 ms/plan (5.0 Hz)
[ 38.65s] target 0 err=0.586 m | 192 plans, recent 220 ms/plan (5.0 Hz)
[ 39.70s] target 0 err=0.579 m | 197 plans, recent 224 ms/plan (5.0 Hz)
[ 40.80s] target 0 err=0.571 m | 202 plans, recent 218 ms/plan (5.0 Hz)
[ 42.03s] target 0 err=0.563 m | 207 plans, recent 223 ms/plan (4.9 Hz)
[ 43.22s] target 0 err=0.557 m | 212 plans, recent 231 ms/plan (4.9 Hz)
[ 44.22s] target 0 err=0.551 m | 216 plans, recent 240 ms/plan (4.9 Hz)
[ 45.31s] target 0 err=0.543 m | 220 plans, recent 245 ms/plan (4.9 Hz)
[ 46.32s] target 0 err=0.530 m | 224 plans, recent 252 ms/plan (4.8 Hz)
[ 47.40s] target 0 err=0.514 m | 228 plans, recent 251 ms/plan (4.8 Hz)
[ 48.59s] target 0 err=0.493 m | 233 plans, recent 256 ms/plan (4.8 Hz)
[ 49.61s] target 0 err=0.473 m | 237 plans, recent 252 ms/plan (4.8 Hz)
[ 50.65s] target 0 err=0.466 m | 242 plans, recent 239 ms/plan (4.8 Hz)
[ 51.67s] target 0 err=0.447 m | 247 plans, recent 220 ms/plan (4.8 Hz)
[ 52.77s] target 0 err=0.438 m | 253 plans, recent 204 ms/plan (4.8 Hz)
[ 53.98s] target 0 err=0.435 m | 259 plans, recent 199 ms/plan (4.8 Hz)
[ 55.17s] target 0 err=0.434 m | 264 plans, recent 207 ms/plan (4.8 Hz)
[ 56.42s] target 0 err=0.437 m | 270 plans, recent 210 ms/plan (4.8 Hz)
[ 57.46s] target 0 err=0.439 m | 275 plans, recent 216 ms/plan (4.8 Hz)
[ 58.58s] target 0 err=0.441 m | 280 plans, recent 217 ms/plan (4.8 Hz)
[ 59.61s] target 0 err=0.443 m | 285 plans, recent 208 ms/plan (4.8 Hz)
[ 60.75s] target 0 err=0.445 m | 291 plans, recent 206 ms/plan (4.8 Hz)
[ 61.79s] target 0 err=0.446 m | 296 plans, recent 198 ms/plan (4.8 Hz)
[ 62.85s] target 0 err=0.448 m | 302 plans, recent 195 ms/plan (4.8 Hz)
[ 64.02s] target 0 err=0.448 m | 307 plans, recent 205 ms/plan (4.8 Hz)
[ 65.27s] target 0 err=0.448 m | 312 plans, recent 215 ms/plan (4.8 Hz)
[ 66.34s] target 0 err=0.450 m | 317 plans, recent 225 ms/plan (4.8 Hz)
[ 67.53s] target 0 err=0.459 m | 322 plans, recent 231 ms/plan (4.8 Hz)
[ 68.62s] target 0 err=0.464 m | 327 plans, recent 227 ms/plan (4.8 Hz)
[ 69.69s] target 0 err=0.455 m | 332 plans, recent 223 ms/plan (4.8 Hz)
[ 70.77s] target 0 err=0.456 m | 337 plans, recent 216 ms/plan (4.8 Hz)
[ 71.83s] target 0 err=0.460 m | 342 plans, recent 216 ms/plan (4.8 Hz)
[ 72.86s] target 0 err=0.457 m | 346 plans, recent 223 ms/plan (4.7 Hz)
[ 74.08s] target 0 err=0.459 m | 352 plans, recent 217 ms/plan (4.8 Hz)
[ 75.18s] target 0 err=0.464 m | 357 plans, recent 222 ms/plan (4.7 Hz)
[ 76.26s] target 0 err=0.469 m | 362 plans, recent 215 ms/plan (4.7 Hz)
[ 77.26s] target 0 err=0.469 m | 370 plans, recent 178 ms/plan (4.8 Hz)
[ 78.28s] target 0 err=0.471 m | 378 plans, recent 138 ms/plan (4.8 Hz)
[ 79.29s] target 0 err=0.471 m | 387 plans, recent 118 ms/plan (4.9 Hz)
[ 80.34s] target 0 err=0.472 m | 396 plans, recent 113 ms/plan (4.9 Hz)
[ 81.35s] target 0 err=0.472 m | 405 plans, recent 112 ms/plan (5.0 Hz)
[ 82.46s] target 0 err=0.473 m | 414 plans, recent 117 ms/plan (5.0 Hz)
[ 83.54s] target 0 err=0.473 m | 424 plans, recent 113 ms/plan (5.1 Hz)
[ 84.63s] target 0 err=0.474 m | 434 plans, recent 107 ms/plan (5.1 Hz)
[ 85.65s] target 0 err=0.474 m | 444 plans, recent 106 ms/plan (5.2 Hz)
[ 86.70s] target 0 err=0.474 m | 454 plans, recent 100 ms/plan (5.2 Hz)
[ 87.78s] target 0 err=0.474 m | 465 plans, recent 102 ms/plan (5.3 Hz)
[ 88.87s] target 0 err=0.475 m | 475 plans, recent 107 ms/plan (5.3 Hz)
[ 89.93s] target 0 err=0.475 m | 485 plans, recent 108 ms/plan (5.4 Hz)
[ 91.08s] target 0 err=0.476 m | 494 plans, recent 115 ms/plan (5.4 Hz)
[ 92.09s] target 0 err=0.476 m | 502 plans, recent 128 ms/plan (5.5 Hz)
[ 93.20s] target 0 err=0.476 m | 511 plans, recent 124 ms/plan (5.5 Hz)
[ 94.20s] target 0 err=0.475 m | 520 plans, recent 120 ms/plan (5.5 Hz)
[ 95.33s] target 0 err=0.474 m | 529 plans, recent 122 ms/plan (5.5 Hz)
[ 96.38s] target 0 err=0.474 m | 537 plans, recent 126 ms/plan (5.6 Hz)
[ 97.43s] target 0 err=0.473 m | 545 plans, recent 132 ms/plan (5.6 Hz)
[ 98.51s] target 0 err=0.472 m | 553 plans, recent 132 ms/plan (5.6 Hz)
[ 99.54s] target 0 err=0.471 m | 562 plans, recent 122 ms/plan (5.6 Hz)
[100.62s] target 0 err=0.471 m | 571 plans, recent 120 ms/plan (5.7 Hz)
[101.72s] target 0 err=0.471 m | 580 plans, recent 121 ms/plan (5.7 Hz)
[102.79s] target 0 err=0.472 m | 589 plans, recent 122 ms/plan (5.7 Hz)
[103.86s] target 0 err=0.473 m | 597 plans, recent 125 ms/plan (5.7 Hz)
  reached_strict=False reached_5cm=False min_err=0.4334 violation=False safe_stall=True

=== [47/70] sqp_mpc target=11 (0.426, 0.292, 0.179) ===
loaded=/home/home/mbd/koopman/mbd_koopman/out/franka/models/bk_seed0.pt
SQP-MPC: 3 SQP re-freezes, act_dist 999.0, whole_arm=True, 1 box(es), 62 keep-out rows/step (compiled once, DPP)
warm-up: 3 throwaway plans
[  1.03s] target 0 err=0.568 m | 6 plans, recent 205 ms/plan (5.8 Hz)
[  2.09s] target 0 err=0.527 m | 11 plans, recent 211 ms/plan (5.3 Hz)
[  3.24s] target 0 err=0.582 m | 16 plans, recent 214 ms/plan (4.9 Hz)
[  4.35s] target 0 err=0.533 m | 22 plans, recent 209 ms/plan (5.1 Hz)
[  5.54s] target 0 err=0.520 m | 27 plans, recent 211 ms/plan (4.9 Hz)
[  6.70s] target 0 err=0.529 m | 33 plans, recent 209 ms/plan (4.9 Hz)
[  7.70s] target 0 err=0.524 m | 38 plans, recent 201 ms/plan (4.9 Hz)
[  8.73s] target 0 err=0.516 m | 44 plans, recent 190 ms/plan (5.0 Hz)
[  9.79s] target 0 err=0.506 m | 51 plans, recent 171 ms/plan (5.2 Hz)
[ 10.83s] target 0 err=0.492 m | 58 plans, recent 154 ms/plan (5.4 Hz)
[ 11.93s] target 0 err=0.486 m | 65 plans, recent 151 ms/plan (5.5 Hz)
[ 13.06s] target 0 err=0.481 m | 72 plans, recent 155 ms/plan (5.5 Hz)
[ 14.10s] target 0 err=0.475 m | 77 plans, recent 171 ms/plan (5.5 Hz)
[ 15.12s] target 0 err=0.467 m | 83 plans, recent 171 ms/plan (5.5 Hz)
[ 16.16s] target 0 err=0.460 m | 89 plans, recent 180 ms/plan (5.5 Hz)
[ 17.25s] target 0 err=0.455 m | 95 plans, recent 176 ms/plan (5.5 Hz)
[ 18.38s] target 0 err=0.455 m | 102 plans, recent 171 ms/plan (5.5 Hz)
[ 19.43s] target 0 err=0.462 m | 108 plans, recent 171 ms/plan (5.6 Hz)
[ 20.53s] target 0 err=0.513 m | 115 plans, recent 166 ms/plan (5.6 Hz)
[ 21.62s] target 0 err=0.537 m | 119 plans, recent 183 ms/plan (5.5 Hz)
[ 22.70s] target 0 err=0.552 m | 125 plans, recent 188 ms/plan (5.5 Hz)
[ 23.83s] target 0 err=0.516 m | 131 plans, recent 202 ms/plan (5.5 Hz)
[ 24.83s] target 0 err=0.458 m | 135 plans, recent 216 ms/plan (5.4 Hz)
[ 25.94s] target 0 err=0.455 m | 140 plans, recent 207 ms/plan (5.4 Hz)
[ 27.04s] target 0 err=0.480 m | 146 plans, recent 212 ms/plan (5.4 Hz)
[ 28.23s] target 0 err=0.501 m | 151 plans, recent 219 ms/plan (5.3 Hz)
[ 29.31s] target 0 err=0.514 m | 156 plans, recent 203 ms/plan (5.3 Hz)
[ 30.55s] target 0 err=0.480 m | 162 plans, recent 209 ms/plan (5.3 Hz)
[ 31.60s] target 0 err=0.463 m | 167 plans, recent 212 ms/plan (5.3 Hz)
[ 32.68s] target 0 err=0.458 m | 172 plans, recent 209 ms/plan (5.3 Hz)
[ 33.80s] target 0 err=0.465 m | 178 plans, recent 204 ms/plan (5.3 Hz)
[ 34.89s] target 0 err=0.467 m | 184 plans, recent 190 ms/plan (5.3 Hz)
[ 35.90s] target 0 err=0.461 m | 190 plans, recent 181 ms/plan (5.3 Hz)
[ 37.00s] target 0 err=0.461 m | 198 plans, recent 160 ms/plan (5.4 Hz)
[ 38.09s] target 0 err=0.466 m | 203 plans, recent 169 ms/plan (5.3 Hz)
[ 39.24s] target 0 err=0.478 m | 208 plans, recent 187 ms/plan (5.3 Hz)
[ 40.25s] target 0 err=0.496 m | 212 plans, recent 205 ms/plan (5.3 Hz)
[ 41.29s] target 0 err=0.527 m | 217 plans, recent 221 ms/plan (5.3 Hz)
[ 42.33s] target 0 err=0.579 m | 223 plans, recent 210 ms/plan (5.3 Hz)
[ 43.43s] target 0 err=0.642 m | 230 plans, recent 180 ms/plan (5.3 Hz)
[ 44.47s] target 0 err=0.683 m | 236 plans, recent 168 ms/plan (5.3 Hz)
[ 45.48s] target 0 err=0.689 m | 242 plans, recent 163 ms/plan (5.3 Hz)
[ 46.67s] target 0 err=0.668 m | 249 plans, recent 173 ms/plan (5.3 Hz)
[ 47.74s] target 0 err=0.647 m | 254 plans, recent 182 ms/plan (5.3 Hz)
[ 48.89s] target 0 err=0.650 m | 260 plans, recent 182 ms/plan (5.3 Hz)
[ 49.90s] target 0 err=0.633 m | 266 plans, recent 187 ms/plan (5.3 Hz)
[ 50.96s] target 0 err=0.603 m | 272 plans, recent 179 ms/plan (5.3 Hz)
[ 52.08s] target 0 err=0.575 m | 277 plans, recent 191 ms/plan (5.3 Hz)
[ 53.15s] target 0 err=0.554 m | 281 plans, recent 213 ms/plan (5.3 Hz)
[ 54.32s] target 0 err=0.534 m | 286 plans, recent 222 ms/plan (5.3 Hz)
[ 55.43s] target 0 err=0.518 m | 291 plans, recent 232 ms/plan (5.3 Hz)
[ 56.64s] target 0 err=0.506 m | 297 plans, recent 227 ms/plan (5.2 Hz)
[ 57.84s] target 0 err=0.501 m | 302 plans, recent 220 ms/plan (5.2 Hz)
[ 58.84s] target 0 err=0.498 m | 307 plans, recent 216 ms/plan (5.2 Hz)
[ 59.87s] target 0 err=0.496 m | 312 plans, recent 208 ms/plan (5.2 Hz)
[ 61.05s] target 0 err=0.496 m | 317 plans, recent 218 ms/plan (5.2 Hz)
[ 62.16s] target 0 err=0.495 m | 322 plans, recent 218 ms/plan (5.2 Hz)
[ 63.21s] target 0 err=0.494 m | 327 plans, recent 221 ms/plan (5.2 Hz)
[ 64.40s] target 0 err=0.493 m | 332 plans, recent 224 ms/plan (5.2 Hz)
[ 65.49s] target 0 err=0.493 m | 337 plans, recent 222 ms/plan (5.1 Hz)
[ 66.51s] target 0 err=0.494 m | 341 plans, recent 233 ms/plan (5.1 Hz)
[ 67.73s] target 0 err=0.497 m | 346 plans, recent 237 ms/plan (5.1 Hz)
[ 68.95s] target 0 err=0.505 m | 351 plans, recent 241 ms/plan (5.1 Hz)
[ 70.20s] target 0 err=0.524 m | 356 plans, recent 241 ms/plan (5.1 Hz)
[ 71.38s] target 0 err=0.553 m | 362 plans, recent 226 ms/plan (5.1 Hz)
[ 72.42s] target 0 err=0.566 m | 368 plans, recent 207 ms/plan (5.1 Hz)
[ 73.43s] target 0 err=0.570 m | 373 plans, recent 190 ms/plan (5.1 Hz)
[ 74.52s] target 0 err=0.574 m | 379 plans, recent 189 ms/plan (5.1 Hz)
[ 75.64s] target 0 err=0.568 m | 384 plans, recent 189 ms/plan (5.1 Hz)
[ 76.80s] target 0 err=0.564 m | 389 plans, recent 210 ms/plan (5.1 Hz)
[ 77.89s] target 0 err=0.544 m | 394 plans, recent 220 ms/plan (5.1 Hz)
[ 78.96s] target 0 err=0.528 m | 398 plans, recent 233 ms/plan (5.0 Hz)
[ 80.16s] target 0 err=0.506 m | 403 plans, recent 238 ms/plan (5.0 Hz)
[ 81.25s] target 0 err=0.481 m | 408 plans, recent 230 ms/plan (5.0 Hz)
[ 82.54s] target 0 err=0.468 m | 413 plans, recent 246 ms/plan (5.0 Hz)
[ 83.58s] target 0 err=0.454 m | 417 plans, recent 235 ms/plan (5.0 Hz)
[ 84.80s] target 0 err=0.460 m | 423 plans, recent 230 ms/plan (5.0 Hz)
[ 85.80s] target 0 err=0.472 m | 427 plans, recent 238 ms/plan (5.0 Hz)
[ 86.85s] target 0 err=0.493 m | 431 plans, recent 243 ms/plan (5.0 Hz)
[ 88.03s] target 0 err=0.513 m | 436 plans, recent 234 ms/plan (5.0 Hz)
[ 89.05s] target 0 err=0.511 m | 440 plans, recent 245 ms/plan (4.9 Hz)
[ 90.05s] target 0 err=0.509 m | 444 plans, recent 247 ms/plan (4.9 Hz)
[ 91.23s] target 0 err=0.505 m | 449 plans, recent 250 ms/plan (4.9 Hz)
[ 92.28s] target 0 err=0.504 m | 453 plans, recent 245 ms/plan (4.9 Hz)
[ 93.46s] target 0 err=0.516 m | 458 plans, recent 248 ms/plan (4.9 Hz)
[ 94.64s] target 0 err=0.502 m | 462 plans, recent 252 ms/plan (4.9 Hz)
[ 95.65s] target 0 err=0.483 m | 467 plans, recent 240 ms/plan (4.9 Hz)
[ 96.81s] target 0 err=0.476 m | 473 plans, recent 221 ms/plan (4.9 Hz)
[ 97.99s] target 0 err=0.473 m | 479 plans, recent 211 ms/plan (4.9 Hz)
[ 99.07s] target 0 err=0.486 m | 483 plans, recent 213 ms/plan (4.9 Hz)
[100.24s] target 0 err=0.515 m | 488 plans, recent 225 ms/plan (4.9 Hz)
[101.32s] target 0 err=0.472 m | 492 plans, recent 239 ms/plan (4.9 Hz)
[102.41s] target 0 err=0.510 m | 497 plans, recent 243 ms/plan (4.9 Hz)
[103.62s] target 0 err=0.477 m | 502 plans, recent 239 ms/plan (4.8 Hz)
[104.81s] target 0 err=0.461 m | 508 plans, recent 225 ms/plan (4.8 Hz)
[105.88s] target 0 err=0.490 m | 513 plans, recent 210 ms/plan (4.8 Hz)
[107.02s] target 0 err=0.531 m | 518 plans, recent 216 ms/plan (4.8 Hz)
[108.05s] target 0 err=0.533 m | 523 plans, recent 208 ms/plan (4.8 Hz)
[109.19s] target 0 err=0.516 m | 528 plans, recent 221 ms/plan (4.8 Hz)
[110.40s] target 0 err=0.492 m | 533 plans, recent 231 ms/plan (4.8 Hz)
[111.41s] target 0 err=0.485 m | 538 plans, recent 219 ms/plan (4.8 Hz)
[112.42s] target 0 err=0.494 m | 543 plans, recent 221 ms/plan (4.8 Hz)
[113.51s] target 0 err=0.524 m | 548 plans, recent 213 ms/plan (4.8 Hz)
[114.62s] target 0 err=0.575 m | 553 plans, recent 207 ms/plan (4.8 Hz)
[115.70s] target 0 err=0.637 m | 558 plans, recent 210 ms/plan (4.8 Hz)
[116.83s] target 0 err=0.698 m | 563 plans, recent 215 ms/plan (4.8 Hz)
[117.87s] target 0 err=0.732 m | 569 plans, recent 205 ms/plan (4.8 Hz)
[119.02s] target 0 err=0.712 m | 576 plans, recent 187 ms/plan (4.8 Hz)
[120.16s] target 0 err=0.672 m | 583 plans, recent 169 ms/plan (4.9 Hz)
[121.34s] target 0 err=0.655 m | 588 plans, recent 182 ms/plan (4.8 Hz)
[122.37s] target 0 err=0.634 m | 593 plans, recent 193 ms/plan (4.8 Hz)
[123.58s] target 0 err=0.590 m | 599 plans, recent 205 ms/plan (4.8 Hz)
  reached_strict=False reached_5cm=False min_err=0.4517 violation=False safe_stall=True

=== [48/70] sqp_mpc target=12 (0.475, 0.342, 0.179) ===
loaded=/home/home/mbd/koopman/mbd_koopman/out/franka/models/bk_seed0.pt
SQP-MPC: 3 SQP re-freezes, act_dist 999.0, whole_arm=True, 1 box(es), 62 keep-out rows/step (compiled once, DPP)
warm-up: 3 throwaway plans
[  1.23s] target 0 err=0.596 m | 7 plans, recent 212 ms/plan (5.7 Hz)
[  2.26s] target 0 err=0.562 m | 11 plans, recent 221 ms/plan (4.9 Hz)
[  3.48s] target 0 err=0.626 m | 17 plans, recent 214 ms/plan (4.9 Hz)
[  4.60s] target 0 err=0.558 m | 23 plans, recent 205 ms/plan (5.0 Hz)
[  5.62s] target 0 err=0.544 m | 28 plans, recent 201 ms/plan (5.0 Hz)
[  6.64s] target 0 err=0.544 m | 35 plans, recent 178 ms/plan (5.3 Hz)
[  7.71s] target 0 err=0.535 m | 42 plans, recent 162 ms/plan (5.5 Hz)
[  8.71s] target 0 err=0.539 m | 48 plans, recent 152 ms/plan (5.5 Hz)
[  9.87s] target 0 err=0.522 m | 56 plans, recent 154 ms/plan (5.7 Hz)
[ 11.07s] target 0 err=0.499 m | 63 plans, recent 160 ms/plan (5.7 Hz)
[ 12.18s] target 0 err=0.485 m | 69 plans, recent 168 ms/plan (5.7 Hz)
[ 13.26s] target 0 err=0.492 m | 74 plans, recent 188 ms/plan (5.6 Hz)
[ 14.33s] target 0 err=0.524 m | 80 plans, recent 185 ms/plan (5.6 Hz)
[ 15.39s] target 0 err=0.495 m | 86 plans, recent 191 ms/plan (5.6 Hz)
[ 16.56s] target 0 err=0.481 m | 92 plans, recent 186 ms/plan (5.6 Hz)
[ 17.60s] target 0 err=0.482 m | 98 plans, recent 179 ms/plan (5.6 Hz)
[ 18.71s] target 0 err=0.489 m | 104 plans, recent 183 ms/plan (5.6 Hz)
[ 19.77s] target 0 err=0.513 m | 109 plans, recent 189 ms/plan (5.5 Hz)
[ 20.77s] target 0 err=0.539 m | 114 plans, recent 191 ms/plan (5.5 Hz)
[ 21.79s] target 0 err=0.576 m | 119 plans, recent 208 ms/plan (5.5 Hz)
[ 22.88s] target 0 err=0.618 m | 124 plans, recent 203 ms/plan (5.4 Hz)
[ 23.96s] target 0 err=0.672 m | 131 plans, recent 191 ms/plan (5.5 Hz)
[ 24.98s] target 0 err=0.720 m | 137 plans, recent 179 ms/plan (5.5 Hz)
[ 26.09s] target 0 err=0.762 m | 143 plans, recent 168 ms/plan (5.5 Hz)
[ 27.14s] target 0 err=0.800 m | 149 plans, recent 176 ms/plan (5.5 Hz)
[ 28.33s] target 0 err=0.786 m | 155 plans, recent 183 ms/plan (5.5 Hz)
[ 29.44s] target 0 err=0.756 m | 161 plans, recent 190 ms/plan (5.5 Hz)
[ 30.52s] target 0 err=0.751 m | 167 plans, recent 187 ms/plan (5.5 Hz)
[ 31.53s] target 0 err=0.729 m | 172 plans, recent 189 ms/plan (5.5 Hz)
[ 32.69s] target 0 err=0.681 m | 178 plans, recent 193 ms/plan (5.4 Hz)
[ 33.72s] target 0 err=0.642 m | 183 plans, recent 196 ms/plan (5.4 Hz)
[ 34.90s] target 0 err=0.620 m | 188 plans, recent 211 ms/plan (5.4 Hz)
[ 36.05s] target 0 err=0.614 m | 193 plans, recent 216 ms/plan (5.4 Hz)
